Order_ID,Order_Date,Customer_ID
ORD000001,2025-04-30,CUST00271
ORD000002,2025-10-24,CUST00355
ORD000003,2025-09-07,CUST00018
ORD000004,2024-08-17,CUST00517
ORD000005,2025-09-14,CUST00626
ORD000006,2025-12-30,CUST00564
ORD000007,2025-03-09,CUST00772
ORD000008,2024-12-23,CUST00941
ORD000009,2024-09-15,CUST00447
ORD000010,2025-04-22,CUST00619
ORD000011,2025-11-24,CUST01067
ORD000012,2025-09-30,CUST00814
ORD000013,2025-08-21,CUST00210
ORD000014,2024-01-08,CUST01048
ORD000015,2025-11-09,CUST00767
ORD000016,2025-07-28,CUST00579
ORD000017,2024-11-01,CUST00222
ORD000018,2025-05-08,CUST00131
ORD000019,2024-12-10,CUST00567
ORD000020,2025-10-17,CUST00666
ORD000021,2024-10-10,CUST00535
ORD000022,2025-11-02,CUST00612
ORD000023,2024-07-11,CUST00308
ORD000024,2025-06-13,CUST00493
ORD000025,2024-02-28,CUST00828
ORD000026,2025-11-07,CUST00655
ORD000027,2025-11-28,CUST00287
ORD000028,2024-01-27,CUST01019
ORD000029,2024-10-29,CUST00532
ORD000030,2025-03-04,CUST00829
ORD000031,2025-02-01,CUST00073
ORD000032,2025-08-20,CUST01172
ORD000033,2024-07-13,CUST00703
ORD000034,2025-12-31,CUST00456
ORD000035,2025-12-03,CUST01095
ORD000036,2025-10-15,CUST00975
ORD000037,2025-11-18,CUST00735
ORD000038,2025-06-03,CUST00615
ORD000039,2024-06-23,CUST01144
ORD000040,2024-07-04,CUST00602
ORD000041,2024-04-09,CUST00965
ORD000042,2024-05-11,CUST00530
ORD000043,2025-07-26,CUST00375
ORD000044,2025-11-27,CUST00688
ORD000045,2025-11-01,CUST00183
ORD000046,2024-08-15,CUST00728
ORD000047,2024-08-16,CUST00629
ORD000048,2025-03-06,CUST00679
ORD000049,2025-01-15,CUST00534
ORD000050,2025-08-22,CUST00603
ORD000051,2025-04-19,CUST00242
ORD000052,2025-04-26,CUST00110
ORD000053,2025-10-11,CUST01196
ORD000054,2025-08-17,CUST00146
ORD000055,2025-04-28,CUST00399
ORD000056,2025-05-27,CUST00246
ORD000057,2025-11-28,CUST00782
ORD000058,2025-06-26,CUST00612
ORD000059,2025-02-27,CUST00111
ORD000060,2024-06-03,CUST00282
ORD000061,2024-07-24,CUST00702
ORD000062,2025-02-23,CUST01167
ORD000063,2025-04-13,CUST00294
ORD000064,2024-11-19,CUST00370
ORD000065,2024-03-23,CUST00999
ORD000066,2024-12-06,CUST00363
ORD000067,2024-11-16,CUST00119
ORD000068,2024-01-05,CUST00926
ORD000069,2024-10-07,CUST00429
ORD000070,2024-06-21,CUST01181
ORD000071,2024-06-11,CUST01003
ORD000072,2024-03-31,CUST00266
ORD000073,2025-09-21,CUST00889
ORD000074,2025-10-10,CUST00880
ORD000075,2025-02-17,CUST00879
ORD000076,2025-05-03,CUST00786
ORD000077,2024-01-05,CUST00078
ORD000078,2025-06-30,CUST00409
ORD000079,2025-01-17,CUST00029
ORD000080,2024-11-25,CUST01088
ORD000081,2024-07-14,CUST00037
ORD000082,2025-11-23,CUST00009
ORD000083,2025-10-03,CUST00510
ORD000084,2024-08-19,CUST00706
ORD000085,2024-11-15,CUST00265
ORD000086,2024-04-15,CUST00786
ORD000087,2025-05-30,CUST00627
ORD000088,2024-06-20,CUST00134
ORD000089,2024-02-16,CUST00611
ORD000090,2024-10-24,CUST00934
ORD000091,2025-06-16,CUST01074
ORD000092,2024-12-11,CUST00889
ORD000093,2025-12-04,CUST00275
ORD000094,2024-12-16,CUST01004
ORD000095,2025-01-02,CUST00386
ORD000096,2024-06-17,CUST00827
ORD000097,2024-01-20,CUST00468
ORD000098,2024-08-17,CUST00269
ORD000099,2024-08-04,CUST00045
ORD000100,2025-08-26,CUST01034
ORD000101,2024-06-22,CUST00253
ORD000102,2025-01-10,CUST00077
ORD000103,2025-01-19,CUST00524
ORD000104,2025-07-01,CUST00100
ORD000105,2025-08-31,CUST00099
ORD000106,2025-11-08,CUST00222
ORD000107,2025-10-31,CUST00041
ORD000108,2024-02-19,CUST00238
ORD000109,2025-03-02,CUST00910
ORD000110,2025-01-24,CUST00254
ORD000111,2025-07-14,CUST00518
ORD000112,2025-04-30,CUST00314
ORD000113,2024-07-29,CUST00020
ORD000114,2024-11-04,CUST00862
ORD000115,2025-11-08,CUST00207
ORD000116,2025-11-09,CUST01066
ORD000117,2024-10-03,CUST00281
ORD000118,2025-03-04,CUST00215
ORD000119,2025-06-07,CUST00242
ORD000120,2024-10-16,CUST00234
ORD000121,2024-04-18,CUST01020
ORD000122,2024-07-22,CUST00410
ORD000123,2024-09-26,CUST01072
ORD000124,2024-07-25,CUST00734
ORD000125,2025-12-21,CUST00840
ORD000126,2024-10-29,CUST00329
ORD000127,2024-02-10,CUST01123
ORD000128,2025-05-23,CUST00426
ORD000129,2025-12-05,CUST00985
ORD000130,2024-12-04,CUST00481
ORD000131,2024-01-03,CUST00027
ORD000132,2025-11-18,CUST00183
ORD000133,2024-04-23,CUST01176
ORD000134,2025-11-16,CUST01012
ORD000135,2024-06-01,CUST00185
ORD000136,2025-06-07,CUST00154
ORD000137,2024-04-13,CUST00525
ORD000138,2025-10-21,CUST00474
ORD000139,2025-04-12,CUST00607
ORD000140,2024-09-27,CUST00951
ORD000141,2024-02-21,CUST00205
ORD000142,2024-06-27,CUST00081
ORD000143,2024-10-24,CUST00738
ORD000144,2025-11-24,CUST00641
ORD000145,2025-03-12,CUST00238
ORD000146,2024-04-07,CUST00094
ORD000147,2024-01-10,CUST00284
ORD000148,2025-11-10,CUST00350
ORD000149,2024-12-02,CUST00733
ORD000150,2025-03-24,CUST00550
ORD000151,2024-04-05,CUST00764
ORD000152,2024-12-16,CUST00375
ORD000153,2024-04-26,CUST00821
ORD000154,2025-02-13,CUST00935
ORD000155,2024-10-05,CUST00790
ORD000156,2025-12-07,CUST00980
ORD000157,2025-03-07,CUST00342
ORD000158,2024-04-25,CUST00272
ORD000159,2025-12-13,CUST00121
ORD000160,2024-06-12,CUST00213
ORD000161,2025-03-02,CUST00989
ORD000162,2025-08-05,CUST00898
ORD000163,2024-07-04,CUST00778
ORD000164,2025-01-02,CUST00060
ORD000165,2025-12-01,CUST00268
ORD000166,2025-05-09,CUST01000
ORD000167,2024-04-25,CUST00843
ORD000168,2025-03-27,CUST00095
ORD000169,2024-03-05,CUST00536
ORD000170,2025-11-01,CUST00644
ORD000171,2024-01-13,CUST01075
ORD000172,2025-08-13,CUST01158
ORD000173,2024-08-17,CUST00693
ORD000174,2025-06-15,CUST01072
ORD000175,2025-12-05,CUST00196
ORD000176,2025-03-19,CUST00510
ORD000177,2025-05-08,CUST00709
ORD000178,2025-11-10,CUST00789
ORD000179,2024-06-01,CUST01144
ORD000180,2025-09-19,CUST00112
ORD000181,2024-01-12,CUST00322
ORD000182,2025-06-01,CUST00962
ORD000183,2025-05-22,CUST00339
ORD000184,2024-03-17,CUST01007
ORD000185,2024-11-24,CUST00494
ORD000186,2024-12-04,CUST00570
ORD000187,2024-02-21,CUST01039
ORD000188,2024-08-16,CUST01128
ORD000189,2025-10-20,CUST00776
ORD000190,2025-02-16,CUST00482
ORD000191,2024-03-21,CUST00941
ORD000192,2025-03-30,CUST01174
ORD000193,2025-04-03,CUST00181
ORD000194,2025-05-25,CUST00916
ORD000195,2024-11-19,CUST00244
ORD000196,2025-05-24,CUST00037
ORD000197,2024-04-15,CUST00827
ORD000198,2025-02-26,CUST00074
ORD000199,2025-07-24,CUST01125
ORD000200,2024-01-01,CUST00187
ORD000201,2025-09-10,CUST00624
ORD000202,2025-06-04,CUST01152
ORD000203,2024-07-30,CUST00935
ORD000204,2024-12-15,CUST00745
ORD000205,2024-02-25,CUST00457
ORD000206,2025-04-10,CUST00680
ORD000207,2025-07-27,CUST00969
ORD000208,2025-11-03,CUST00745
ORD000209,2025-04-08,CUST00234
ORD000210,2024-04-09,CUST00455
ORD000211,2024-01-03,CUST00700
ORD000212,2024-12-29,CUST00598
ORD000213,2025-07-14,CUST01070
ORD000214,2025-01-17,CUST00218
ORD000215,2024-02-16,CUST00337
ORD000216,2025-05-19,CUST00288
ORD000217,2025-02-23,CUST00220
ORD000218,2024-09-17,CUST00402
ORD000219,2024-07-11,CUST00248
ORD000220,2025-02-06,CUST00442
ORD000221,2025-04-13,CUST00391
ORD000222,2024-12-12,CUST00221
ORD000223,2025-02-28,CUST00096
ORD000224,2025-10-10,CUST00253
ORD000225,2025-04-06,CUST00937
ORD000226,2025-11-05,CUST01033
ORD000227,2024-05-17,CUST01022
ORD000228,2024-01-05,CUST01087
ORD000229,2024-02-19,CUST01134
ORD000230,2025-03-19,CUST01199
ORD000231,2025-05-09,CUST01042
ORD000232,2024-06-30,CUST01185
ORD000233,2024-06-26,CUST00263
ORD000234,2024-04-16,CUST00794
ORD000235,2025-11-04,CUST00660
ORD000236,2025-05-31,CUST00788
ORD000237,2025-03-04,CUST00509
ORD000238,2024-10-07,CUST00815
ORD000239,2024-12-17,CUST00603
ORD000240,2025-04-08,CUST00274
ORD000241,2024-05-21,CUST00846
ORD000242,2025-09-08,CUST01050
ORD000243,2024-11-02,CUST01122
ORD000244,2024-11-17,CUST01134
ORD000245,2025-10-09,CUST00446
ORD000246,2024-07-24,CUST00430
ORD000247,2025-10-01,CUST00596
ORD000248,2025-12-04,CUST00708
ORD000249,2025-11-19,CUST00272
ORD000250,2025-12-28,CUST00365
ORD000251,2025-05-30,CUST01112
ORD000252,2025-12-11,CUST00661
ORD000253,2025-12-28,CUST00237
ORD000254,2024-12-26,CUST01152
ORD000255,2025-05-06,CUST01194
ORD000256,2025-08-07,CUST00855
ORD000257,2025-11-21,CUST01094
ORD000258,2024-10-19,CUST00866
ORD000259,2024-01-14,CUST01071
ORD000260,2024-04-19,CUST00052
ORD000261,2025-01-25,CUST00298
ORD000262,2024-02-24,CUST00116
ORD000263,2024-07-23,CUST00547
ORD000264,2024-06-13,CUST00587
ORD000265,2025-11-30,CUST00514
ORD000266,2024-05-29,CUST00128
ORD000267,2025-12-08,CUST00605
ORD000268,2024-07-27,CUST01109
ORD000269,2024-02-03,CUST00735
ORD000270,2025-04-08,CUST00210
ORD000271,2025-09-22,CUST01151
ORD000272,2024-08-17,CUST01150
ORD000273,2025-02-02,CUST00487
ORD000274,2025-06-07,CUST00590
ORD000275,2025-12-10,CUST00097
ORD000276,2025-01-25,CUST00794
ORD000277,2025-03-02,CUST00641
ORD000278,2025-07-19,CUST00111
ORD000279,2024-01-14,CUST00515
ORD000280,2024-07-26,CUST00908
ORD000281,2024-08-18,CUST00754
ORD000282,2025-08-25,CUST01120
ORD000283,2025-09-09,CUST00403
ORD000284,2024-07-17,CUST00603
ORD000285,2025-04-04,CUST00364
ORD000286,2025-11-30,CUST00153
ORD000287,2024-07-10,CUST00356
ORD000288,2025-06-10,CUST00245
ORD000289,2025-01-21,CUST00084
ORD000290,2025-03-14,CUST00572
ORD000291,2025-07-23,CUST00542
ORD000292,2024-05-13,CUST00330
ORD000293,2025-08-21,CUST00523
ORD000294,2024-01-06,CUST00677
ORD000295,2025-04-22,CUST00318
ORD000296,2024-02-10,CUST00315
ORD000297,2024-11-26,CUST00105
ORD000298,2025-10-02,CUST00617
ORD000299,2025-05-17,CUST01173
ORD000300,2025-07-17,CUST00734
ORD000301,2024-03-15,CUST00651
ORD000302,2025-06-22,CUST00451
ORD000303,2024-07-07,CUST01067
ORD000304,2024-03-10,CUST01035
ORD000305,2024-06-12,CUST00852
ORD000306,2025-07-10,CUST01100
ORD000307,2025-02-17,CUST00189
ORD000308,2024-12-23,CUST00454
ORD000309,2024-08-06,CUST00680
ORD000310,2024-12-05,CUST00739
ORD000311,2024-10-27,CUST00448
ORD000312,2025-09-25,CUST01087
ORD000313,2025-05-01,CUST01150
ORD000314,2025-10-26,CUST00019
ORD000315,2024-04-27,CUST00709
ORD000316,2025-04-01,CUST00493
ORD000317,2025-10-19,CUST00500
ORD000318,2024-02-10,CUST00658
ORD000319,2025-01-25,CUST00233
ORD000320,2025-01-30,CUST00526
ORD000321,2025-07-07,CUST00580
ORD000322,2024-01-26,CUST01059
ORD000323,2025-01-18,CUST01054
ORD000324,2025-06-04,CUST00913
ORD000325,2025-05-13,CUST00090
ORD000326,2024-10-30,CUST00395
ORD000327,2024-11-24,CUST01053
ORD000328,2024-03-25,CUST00197
ORD000329,2024-06-20,CUST01102
ORD000330,2025-06-30,CUST00016
ORD000331,2025-10-03,CUST00135
ORD000332,2024-08-03,CUST00437
ORD000333,2025-12-02,CUST00869
ORD000334,2024-04-16,CUST00422
ORD000335,2025-07-04,CUST00892
ORD000336,2025-10-24,CUST00148
ORD000337,2025-12-03,CUST00315
ORD000338,2024-01-25,CUST00941
ORD000339,2024-12-05,CUST00078
ORD000340,2024-03-30,CUST00151
ORD000341,2024-02-25,CUST00365
ORD000342,2024-09-14,CUST01143
ORD000343,2024-03-13,CUST01178
ORD000344,2024-08-21,CUST00530
ORD000345,2025-02-21,CUST00795
ORD000346,2025-04-06,CUST00829
ORD000347,2025-03-19,CUST00648
ORD000348,2024-01-18,CUST00798
ORD000349,2025-11-20,CUST00243
ORD000350,2025-07-01,CUST00013
ORD000351,2025-10-18,CUST00130
ORD000352,2025-08-22,CUST00094
ORD000353,2025-12-18,CUST00149
ORD000354,2025-01-01,CUST01030
ORD000355,2024-04-18,CUST00594
ORD000356,2025-12-03,CUST00618
ORD000357,2025-09-13,CUST00178
ORD000358,2024-10-15,CUST00897
ORD000359,2025-01-25,CUST00810
ORD000360,2025-11-07,CUST00064
ORD000361,2025-04-30,CUST00321
ORD000362,2025-06-30,CUST00451
ORD000363,2024-05-19,CUST00801
ORD000364,2025-07-12,CUST00605
ORD000365,2025-10-11,CUST00296
ORD000366,2024-11-01,CUST00765
ORD000367,2024-01-12,CUST01134
ORD000368,2025-07-22,CUST00290
ORD000369,2024-05-06,CUST00086
ORD000370,2024-01-06,CUST01173
ORD000371,2025-09-02,CUST00808
ORD000372,2025-07-04,CUST01122
ORD000373,2024-03-28,CUST00625
ORD000374,2024-08-03,CUST00705
ORD000375,2024-08-04,CUST00846
ORD000376,2025-10-23,CUST01050
ORD000377,2024-05-25,CUST00330
ORD000378,2024-07-07,CUST00453
ORD000379,2025-09-23,CUST00518
ORD000380,2024-07-17,CUST00235
ORD000381,2024-07-04,CUST01162
ORD000382,2024-02-25,CUST01125
ORD000383,2025-04-17,CUST01126
ORD000384,2024-03-15,CUST00596
ORD000385,2025-11-18,CUST00138
ORD000386,2024-09-13,CUST00202
ORD000387,2024-07-21,CUST01190
ORD000388,2025-05-13,CUST00678
ORD000389,2024-12-31,CUST00263
ORD000390,2025-11-18,CUST00481
ORD000391,2024-04-12,CUST00584
ORD000392,2025-09-26,CUST00143
ORD000393,2024-07-17,CUST00651
ORD000394,2025-05-12,CUST00923
ORD000395,2024-12-02,CUST00627
ORD000396,2025-12-11,CUST01197
ORD000397,2024-06-05,CUST01159
ORD000398,2025-08-03,CUST00747
ORD000399,2024-11-19,CUST00878
ORD000400,2024-06-21,CUST00010
ORD000401,2024-11-16,CUST00505
ORD000402,2024-08-14,CUST00894
ORD000403,2024-10-10,CUST00737
ORD000404,2024-05-17,CUST00680
ORD000405,2025-05-06,CUST00948
ORD000406,2025-04-01,CUST00735
ORD000407,2024-11-08,CUST00998
ORD000408,2025-07-18,CUST00223
ORD000409,2024-06-28,CUST00168
ORD000410,2024-10-14,CUST00287
ORD000411,2025-07-05,CUST00403
ORD000412,2024-09-26,CUST00157
ORD000413,2024-03-18,CUST00039
ORD000414,2025-06-03,CUST00064
ORD000415,2025-08-18,CUST01186
ORD000416,2025-02-18,CUST00436
ORD000417,2024-02-07,CUST01130
ORD000418,2024-09-23,CUST01114
ORD000419,2025-07-06,CUST00967
ORD000420,2025-10-31,CUST00305
ORD000421,2025-01-09,CUST00804
ORD000422,2024-08-16,CUST00596
ORD000423,2024-05-17,CUST00952
ORD000424,2025-05-28,CUST01046
ORD000425,2024-04-02,CUST00813
ORD000426,2025-01-07,CUST01029
ORD000427,2024-01-11,CUST00490
ORD000428,2025-09-20,CUST00340
ORD000429,2025-06-10,CUST00288
ORD000430,2025-04-01,CUST00327
ORD000431,2024-07-02,CUST01160
ORD000432,2025-08-02,CUST00300
ORD000433,2025-05-10,CUST00735
ORD000434,2024-02-11,CUST00449
ORD000435,2025-05-14,CUST00475
ORD000436,2024-03-05,CUST00542
ORD000437,2025-01-13,CUST00480
ORD000438,2024-02-13,CUST00424
ORD000439,2025-06-14,CUST00740
ORD000440,2025-02-01,CUST00962
ORD000441,2025-04-10,CUST00096
ORD000442,2024-02-10,CUST00664
ORD000443,2024-04-15,CUST01068
ORD000444,2025-10-10,CUST00561
ORD000445,2024-09-26,CUST01186
ORD000446,2025-07-11,CUST01168
ORD000447,2024-06-27,CUST00772
ORD000448,2025-10-31,CUST00776
ORD000449,2025-01-09,CUST00160
ORD000450,2025-06-13,CUST00516
ORD000451,2025-01-20,CUST00457
ORD000452,2025-06-12,CUST00832
ORD000453,2024-12-27,CUST00707
ORD000454,2025-05-13,CUST00988
ORD000455,2025-09-10,CUST00014
ORD000456,2025-05-28,CUST00285
ORD000457,2025-03-26,CUST00340
ORD000458,2024-08-23,CUST00158
ORD000459,2025-06-10,CUST00576
ORD000460,2024-08-04,CUST00308
ORD000461,2024-07-10,CUST00323
ORD000462,2025-01-05,CUST00243
ORD000463,2025-11-07,CUST00472
ORD000464,2025-02-28,CUST00677
ORD000465,2024-04-26,CUST00987
ORD000466,2025-11-22,CUST00981
ORD000467,2025-05-05,CUST00432
ORD000468,2025-08-27,CUST00331
ORD000469,2025-10-24,CUST00842
ORD000470,2024-01-23,CUST00500
ORD000471,2024-02-14,CUST00262
ORD000472,2025-08-10,CUST00330
ORD000473,2024-05-17,CUST01050
ORD000474,2024-02-10,CUST01173
ORD000475,2024-05-30,CUST00115
ORD000476,2024-06-19,CUST00529
ORD000477,2024-07-03,CUST01059
ORD000478,2025-02-19,CUST01155
ORD000479,2025-10-14,CUST00039
ORD000480,2025-11-08,CUST00581
ORD000481,2024-03-28,CUST00444
ORD000482,2025-04-04,CUST00966
ORD000483,2025-05-08,CUST00350
ORD000484,2024-08-12,CUST00842
ORD000485,2025-09-07,CUST00293
ORD000486,2025-08-19,CUST00373
ORD000487,2025-09-30,CUST01047
ORD000488,2024-09-27,CUST00344
ORD000489,2025-12-03,CUST00702
ORD000490,2025-04-09,CUST00141
ORD000491,2024-08-23,CUST00775
ORD000492,2025-01-29,CUST00271
ORD000493,2024-04-21,CUST00034
ORD000494,2024-07-26,CUST01071
ORD000495,2025-05-31,CUST00860
ORD000496,2024-06-02,CUST00198
ORD000497,2024-06-30,CUST00975
ORD000498,2025-09-21,CUST00080
ORD000499,2025-06-28,CUST01031
ORD000500,2024-04-30,CUST00191
ORD000501,2025-05-08,CUST00267
ORD000502,2025-09-09,CUST01105
ORD000503,2024-01-02,CUST00884
ORD000504,2025-06-18,CUST00862
ORD000505,2025-01-14,CUST00089
ORD000506,2025-12-15,CUST01086
ORD000507,2025-03-15,CUST00470
ORD000508,2025-05-08,CUST00781
ORD000509,2024-12-24,CUST01180
ORD000510,2024-04-10,CUST00872
ORD000511,2024-05-17,CUST00522
ORD000512,2025-05-03,CUST00477
ORD000513,2024-03-26,CUST00581
ORD000514,2025-09-04,CUST01114
ORD000515,2025-02-22,CUST00528
ORD000516,2024-07-12,CUST00012
ORD000517,2025-12-27,CUST00015
ORD000518,2025-08-14,CUST01071
ORD000519,2024-04-30,CUST01065
ORD000520,2024-01-08,CUST00769
ORD000521,2025-11-01,CUST00421
ORD000522,2025-12-05,CUST00647
ORD000523,2025-02-22,CUST00742
ORD000524,2024-04-19,CUST00317
ORD000525,2025-03-12,CUST01199
ORD000526,2024-09-16,CUST00536
ORD000527,2025-07-02,CUST00868
ORD000528,2025-08-01,CUST00749
ORD000529,2025-09-18,CUST00565
ORD000530,2025-11-27,CUST00814
ORD000531,2024-07-27,CUST00847
ORD000532,2025-07-19,CUST01142
ORD000533,2025-05-09,CUST00367
ORD000534,2025-01-14,CUST01146
ORD000535,2025-07-22,CUST00991
ORD000536,2024-09-16,CUST00629
ORD000537,2025-08-14,CUST00706
ORD000538,2025-12-23,CUST00816
ORD000539,2024-05-21,CUST00244
ORD000540,2024-08-23,CUST00915
ORD000541,2025-12-17,CUST00332
ORD000542,2024-04-12,CUST00440
ORD000543,2025-06-04,CUST00821
ORD000544,2024-12-12,CUST01128
ORD000545,2025-09-20,CUST00107
ORD000546,2024-06-13,CUST00797
ORD000547,2025-10-13,CUST00011
ORD000548,2024-04-03,CUST00298
ORD000549,2025-04-27,CUST00892
ORD000550,2024-03-31,CUST00132
ORD000551,2024-09-26,CUST00455
ORD000552,2025-01-14,CUST00164
ORD000553,2025-09-15,CUST00078
ORD000554,2025-01-28,CUST00821
ORD000555,2025-09-20,CUST01068
ORD000556,2024-10-20,CUST00118
ORD000557,2024-06-28,CUST01013
ORD000558,2025-03-25,CUST00022
ORD000559,2024-07-25,CUST01062
ORD000560,2024-10-19,CUST00399
ORD000561,2024-02-04,CUST01046
ORD000562,2025-06-12,CUST00475
ORD000563,2025-09-21,CUST00348
ORD000564,2025-11-21,CUST00074
ORD000565,2025-01-03,CUST00490
ORD000566,2025-11-01,CUST00001
ORD000567,2024-06-10,CUST00178
ORD000568,2024-10-09,CUST00819
ORD000569,2024-12-27,CUST00810
ORD000570,2025-02-19,CUST00411
ORD000571,2025-06-14,CUST00032
ORD000572,2025-12-21,CUST00141
ORD000573,2024-04-02,CUST01126
ORD000574,2024-10-18,CUST01146
ORD000575,2025-08-19,CUST00713
ORD000576,2024-12-21,CUST00567
ORD000577,2024-08-19,CUST00399
ORD000578,2025-04-10,CUST00828
ORD000579,2025-08-11,CUST00010
ORD000580,2024-09-24,CUST00359
ORD000581,2025-02-20,CUST01037
ORD000582,2024-04-19,CUST01145
ORD000583,2024-03-15,CUST01031
ORD000584,2024-10-28,CUST00697
ORD000585,2024-04-29,CUST01052
ORD000586,2024-09-20,CUST01102
ORD000587,2025-08-11,CUST00513
ORD000588,2025-12-11,CUST00907
ORD000589,2025-01-21,CUST01154
ORD000590,2025-05-10,CUST00499
ORD000591,2024-12-13,CUST00940
ORD000592,2025-11-28,CUST00944
ORD000593,2025-08-23,CUST00057
ORD000594,2025-05-08,CUST00239
ORD000595,2024-09-21,CUST00139
ORD000596,2025-01-26,CUST00452
ORD000597,2025-11-24,CUST00471
ORD000598,2024-11-19,CUST00845
ORD000599,2024-12-27,CUST01058
ORD000600,2025-07-02,CUST00020
ORD000601,2025-12-18,CUST00540
ORD000602,2024-09-11,CUST00589
ORD000603,2024-04-05,CUST00818
ORD000604,2025-11-20,CUST00701
ORD000605,2024-03-18,CUST01136
ORD000606,2024-07-01,CUST00976
ORD000607,2024-11-17,CUST00725
ORD000608,2024-08-11,CUST01175
ORD000609,2024-10-02,CUST00375
ORD000610,2025-11-30,CUST00390
ORD000611,2025-05-25,CUST00409
ORD000612,2024-08-28,CUST00496
ORD000613,2024-09-28,CUST00424
ORD000614,2024-08-22,CUST00416
ORD000615,2024-09-12,CUST00730
ORD000616,2024-06-08,CUST00219
ORD000617,2024-05-02,CUST00161
ORD000618,2025-11-23,CUST01009
ORD000619,2025-09-20,CUST00014
ORD000620,2025-07-08,CUST00087
ORD000621,2025-05-08,CUST00761
ORD000622,2025-09-27,CUST00646
ORD000623,2025-05-19,CUST01177
ORD000624,2024-10-08,CUST01006
ORD000625,2024-07-06,CUST01047
ORD000626,2024-10-13,CUST00815
ORD000627,2024-08-15,CUST01182
ORD000628,2024-05-11,CUST00111
ORD000629,2025-06-22,CUST00867
ORD000630,2025-05-04,CUST01108
ORD000631,2024-02-03,CUST01030
ORD000632,2024-12-21,CUST00807
ORD000633,2025-12-03,CUST00358
ORD000634,2025-04-13,CUST00247
ORD000635,2025-12-16,CUST01062
ORD000636,2025-04-16,CUST00647
ORD000637,2025-12-06,CUST00018
ORD000638,2024-01-13,CUST00432
ORD000639,2025-01-23,CUST01190
ORD000640,2024-04-13,CUST00667
ORD000641,2025-01-05,CUST00532
ORD000642,2024-07-10,CUST01124
ORD000643,2024-09-26,CUST00486
ORD000644,2024-10-02,CUST00966
ORD000645,2025-09-19,CUST00703
ORD000646,2025-01-09,CUST00377
ORD000647,2025-05-25,CUST00869
ORD000648,2024-08-03,CUST00859
ORD000649,2025-12-18,CUST00763
ORD000650,2025-01-08,CUST00821
ORD000651,2024-10-13,CUST00924
ORD000652,2024-07-03,CUST01171
ORD000653,2024-05-14,CUST01180
ORD000654,2025-12-03,CUST00469
ORD000655,2024-04-12,CUST00553
ORD000656,2024-08-29,CUST01138
ORD000657,2025-03-18,CUST00781
ORD000658,2024-07-19,CUST00299
ORD000659,2024-06-02,CUST00969
ORD000660,2024-01-10,CUST00362
ORD000661,2025-03-07,CUST01024
ORD000662,2024-05-17,CUST01059
ORD000663,2025-06-30,CUST00647
ORD000664,2025-05-13,CUST00615
ORD000665,2024-09-13,CUST01152
ORD000666,2025-08-04,CUST00098
ORD000667,2025-02-11,CUST00203
ORD000668,2025-12-08,CUST00335
ORD000669,2024-03-02,CUST00442
ORD000670,2024-09-17,CUST00976
ORD000671,2025-10-06,CUST00198
ORD000672,2025-04-05,CUST00686
ORD000673,2024-09-23,CUST00740
ORD000674,2025-01-03,CUST01148
ORD000675,2025-07-24,CUST00528
ORD000676,2024-12-18,CUST00041
ORD000677,2025-02-25,CUST00249
ORD000678,2024-12-25,CUST00408
ORD000679,2025-08-13,CUST01180
ORD000680,2025-10-27,CUST01103
ORD000681,2024-06-27,CUST00583
ORD000682,2024-12-29,CUST00666
ORD000683,2025-11-20,CUST01046
ORD000684,2025-05-14,CUST00916
ORD000685,2024-03-21,CUST00781
ORD000686,2025-09-20,CUST00587
ORD000687,2025-04-19,CUST00297
ORD000688,2024-06-20,CUST00691
ORD000689,2025-03-07,CUST01171
ORD000690,2025-02-18,CUST00147
ORD000691,2024-03-22,CUST00332
ORD000692,2024-12-17,CUST00468
ORD000693,2024-11-17,CUST00649
ORD000694,2025-10-30,CUST00597
ORD000695,2025-12-28,CUST00548
ORD000696,2025-09-11,CUST00810
ORD000697,2024-10-04,CUST00912
ORD000698,2025-01-06,CUST01067
ORD000699,2025-04-06,CUST00848
ORD000700,2024-06-20,CUST00377
ORD000701,2024-01-24,CUST00257
ORD000702,2024-08-28,CUST00516
ORD000703,2025-12-18,CUST00164
ORD000704,2024-08-03,CUST00342
ORD000705,2025-02-10,CUST00211
ORD000706,2024-04-07,CUST00131
ORD000707,2025-04-29,CUST01124
ORD000708,2024-02-25,CUST00054
ORD000709,2025-02-10,CUST01074
ORD000710,2024-03-26,CUST00213
ORD000711,2024-09-25,CUST00319
ORD000712,2024-03-27,CUST00799
ORD000713,2024-11-12,CUST00470
ORD000714,2024-09-10,CUST00582
ORD000715,2025-03-29,CUST00259
ORD000716,2024-05-14,CUST01079
ORD000717,2024-06-23,CUST00059
ORD000718,2024-02-05,CUST00731
ORD000719,2024-11-29,CUST00976
ORD000720,2025-04-23,CUST01108
ORD000721,2024-10-05,CUST01124
ORD000722,2025-03-31,CUST00277
ORD000723,2025-12-15,CUST01105
ORD000724,2024-06-30,CUST00936
ORD000725,2025-10-08,CUST01156
ORD000726,2025-03-21,CUST01073
ORD000727,2025-10-17,CUST01094
ORD000728,2024-11-13,CUST00712
ORD000729,2025-05-08,CUST01106
ORD000730,2024-08-20,CUST00184
ORD000731,2025-03-28,CUST00631
ORD000732,2025-01-09,CUST00845
ORD000733,2024-09-23,CUST00319
ORD000734,2024-11-06,CUST00022
ORD000735,2024-01-01,CUST01072
ORD000736,2024-05-19,CUST00705
ORD000737,2024-10-20,CUST00961
ORD000738,2025-07-01,CUST00018
ORD000739,2025-12-05,CUST01008
ORD000740,2025-05-03,CUST00614
ORD000741,2024-01-10,CUST00882
ORD000742,2024-10-26,CUST00474
ORD000743,2024-01-08,CUST01123
ORD000744,2025-01-17,CUST00387
ORD000745,2025-02-25,CUST01149
ORD000746,2025-03-23,CUST00809
ORD000747,2024-09-12,CUST00335
ORD000748,2025-10-23,CUST00799
ORD000749,2025-01-22,CUST00452
ORD000750,2024-09-26,CUST00163
ORD000751,2025-03-08,CUST00491
ORD000752,2025-06-13,CUST00557
ORD000753,2024-10-18,CUST01090
ORD000754,2024-10-02,CUST00846
ORD000755,2024-07-11,CUST00141
ORD000756,2024-07-05,CUST00280
ORD000757,2024-10-23,CUST00227
ORD000758,2025-10-14,CUST00933
ORD000759,2025-09-24,CUST00928
ORD000760,2024-10-05,CUST01008
ORD000761,2024-07-11,CUST00657
ORD000762,2024-01-20,CUST00312
ORD000763,2024-02-20,CUST01096
ORD000764,2024-01-23,CUST00381
ORD000765,2024-04-14,CUST00578
ORD000766,2024-10-02,CUST00257
ORD000767,2025-03-24,CUST00017
ORD000768,2024-08-26,CUST00185
ORD000769,2024-06-03,CUST00031
ORD000770,2025-05-20,CUST00445
ORD000771,2024-12-16,CUST00861
ORD000772,2024-11-15,CUST01021
ORD000773,2025-01-15,CUST00950
ORD000774,2025-12-14,CUST00065
ORD000775,2024-12-04,CUST00165
ORD000776,2024-05-29,CUST00115
ORD000777,2024-09-29,CUST00804
ORD000778,2024-03-14,CUST01113
ORD000779,2025-04-26,CUST00372
ORD000780,2024-07-15,CUST00513
ORD000781,2025-01-25,CUST00026
ORD000782,2024-05-04,CUST00510
ORD000783,2025-01-29,CUST00908
ORD000784,2024-09-10,CUST00069
ORD000785,2024-07-22,CUST00944
ORD000786,2024-04-06,CUST01068
ORD000787,2025-11-12,CUST00427
ORD000788,2025-04-29,CUST00797
ORD000789,2025-11-28,CUST00640
ORD000790,2024-11-26,CUST00325
ORD000791,2025-10-06,CUST00087
ORD000792,2025-07-16,CUST01067
ORD000793,2024-05-05,CUST00519
ORD000794,2025-05-07,CUST00612
ORD000795,2024-07-22,CUST00739
ORD000796,2024-02-23,CUST00447
ORD000797,2024-04-25,CUST00484
ORD000798,2025-10-10,CUST00890
ORD000799,2024-11-28,CUST00031
ORD000800,2024-06-20,CUST00566
ORD000801,2025-08-21,CUST00246
ORD000802,2025-02-09,CUST00498
ORD000803,2024-01-10,CUST00087
ORD000804,2025-08-18,CUST00974
ORD000805,2025-12-05,CUST00318
ORD000806,2025-01-15,CUST00184
ORD000807,2024-09-11,CUST00323
ORD000808,2025-05-26,CUST00188
ORD000809,2025-12-03,CUST00694
ORD000810,2025-10-02,CUST00123
ORD000811,2024-03-02,CUST00729
ORD000812,2025-10-22,CUST00316
ORD000813,2025-12-19,CUST01099
ORD000814,2024-04-19,CUST00258
ORD000815,2025-05-14,CUST00477
ORD000816,2024-11-20,CUST01144
ORD000817,2025-10-22,CUST00712
ORD000818,2025-03-25,CUST00396
ORD000819,2024-01-22,CUST00774
ORD000820,2025-01-01,CUST00276
ORD000821,2024-09-13,CUST00081
ORD000822,2025-05-11,CUST00897
ORD000823,2025-07-26,CUST00604
ORD000824,2025-07-09,CUST01004
ORD000825,2024-07-13,CUST01161
ORD000826,2024-07-10,CUST01114
ORD000827,2024-12-22,CUST00663
ORD000828,2025-04-24,CUST00564
ORD000829,2025-09-05,CUST01136
ORD000830,2024-06-13,CUST00142
ORD000831,2025-06-27,CUST00318
ORD000832,2025-04-05,CUST00606
ORD000833,2024-09-26,CUST01110
ORD000834,2025-01-10,CUST00930
ORD000835,2024-01-01,CUST01037
ORD000836,2025-01-23,CUST00380
ORD000837,2024-01-20,CUST00746
ORD000838,2025-09-27,CUST00490
ORD000839,2024-11-24,CUST00130
ORD000840,2025-11-05,CUST01104
ORD000841,2025-01-31,CUST00389
ORD000842,2025-06-20,CUST01019
ORD000843,2025-07-18,CUST00316
ORD000844,2025-09-19,CUST00580
ORD000845,2024-11-26,CUST00840
ORD000846,2025-10-18,CUST00660
ORD000847,2024-04-23,CUST00198
ORD000848,2025-06-19,CUST00137
ORD000849,2024-02-14,CUST00266
ORD000850,2024-07-01,CUST00065
ORD000851,2024-07-25,CUST00220
ORD000852,2025-05-12,CUST00393
ORD000853,2024-04-11,CUST00066
ORD000854,2025-08-07,CUST00796
ORD000855,2025-11-04,CUST01004
ORD000856,2025-06-22,CUST00525
ORD000857,2024-02-20,CUST00751
ORD000858,2024-08-14,CUST00146
ORD000859,2024-01-14,CUST00428
ORD000860,2025-11-02,CUST01007
ORD000861,2024-03-22,CUST00959
ORD000862,2025-10-16,CUST00125
ORD000863,2025-01-04,CUST01143
ORD000864,2025-03-01,CUST00756
ORD000865,2025-12-26,CUST00120
ORD000866,2025-09-23,CUST00545
ORD000867,2025-06-25,CUST00084
ORD000868,2024-03-13,CUST00623
ORD000869,2024-03-20,CUST00443
ORD000870,2025-06-15,CUST00199
ORD000871,2024-04-13,CUST00474
ORD000872,2025-06-28,CUST00790
ORD000873,2024-07-13,CUST00396
ORD000874,2025-06-22,CUST00510
ORD000875,2025-08-06,CUST00367
ORD000876,2025-07-25,CUST01144
ORD000877,2025-03-01,CUST00217
ORD000878,2025-10-15,CUST01181
ORD000879,2025-01-01,CUST00940
ORD000880,2025-12-20,CUST00875
ORD000881,2024-04-16,CUST00342
ORD000882,2024-07-03,CUST01127
ORD000883,2025-02-15,CUST01034
ORD000884,2024-12-11,CUST00324
ORD000885,2025-06-30,CUST00908
ORD000886,2024-12-26,CUST00646
ORD000887,2025-07-17,CUST00665
ORD000888,2025-01-15,CUST00845
ORD000889,2025-10-10,CUST00882
ORD000890,2024-11-27,CUST00493
ORD000891,2025-07-30,CUST01118
ORD000892,2024-08-07,CUST00769
ORD000893,2025-07-17,CUST00521
ORD000894,2025-01-03,CUST00927
ORD000895,2025-04-03,CUST00814
ORD000896,2024-01-01,CUST00071
ORD000897,2024-10-18,CUST00034
ORD000898,2025-06-14,CUST00277
ORD000899,2024-11-05,CUST00014
ORD000900,2024-11-03,CUST00455
ORD000901,2024-08-07,CUST00645
ORD000902,2024-01-23,CUST00566
ORD000903,2025-07-20,CUST01048
ORD000904,2025-07-23,CUST01169
ORD000905,2025-08-08,CUST00317
ORD000906,2024-04-06,CUST00078
ORD000907,2025-04-16,CUST00729
ORD000908,2024-06-08,CUST00284
ORD000909,2024-09-28,CUST00752
ORD000910,2025-08-19,CUST00512
ORD000911,2024-08-26,CUST00525
ORD000912,2024-11-03,CUST00189
ORD000913,2025-08-07,CUST00819
ORD000914,2025-08-05,CUST00446
ORD000915,2024-03-20,CUST00665
ORD000916,2025-05-09,CUST00355
ORD000917,2025-05-14,CUST01181
ORD000918,2024-04-07,CUST00616
ORD000919,2024-02-08,CUST01181
ORD000920,2025-01-25,CUST00161
ORD000921,2024-02-27,CUST00685
ORD000922,2024-12-22,CUST00890
ORD000923,2025-03-02,CUST00247
ORD000924,2024-08-20,CUST00024
ORD000925,2025-10-11,CUST00784
ORD000926,2024-02-25,CUST00625
ORD000927,2025-06-20,CUST00085
ORD000928,2024-11-22,CUST01106
ORD000929,2025-08-01,CUST00307
ORD000930,2024-11-30,CUST01029
ORD000931,2025-12-15,CUST00453
ORD000932,2024-06-05,CUST00104
ORD000933,2025-11-20,CUST00805
ORD000934,2025-04-01,CUST01179
ORD000935,2025-05-31,CUST00185
ORD000936,2024-08-15,CUST00885
ORD000937,2024-10-23,CUST00808
ORD000938,2024-05-31,CUST00271
ORD000939,2024-12-10,CUST00170
ORD000940,2025-05-02,CUST01171
ORD000941,2024-02-20,CUST01123
ORD000942,2025-02-12,CUST00538
ORD000943,2024-03-28,CUST00817
ORD000944,2025-05-28,CUST00890
ORD000945,2025-12-15,CUST00268
ORD000946,2024-05-18,CUST00985
ORD000947,2025-07-26,CUST00406
ORD000948,2025-05-14,CUST00810
ORD000949,2025-10-29,CUST01171
ORD000950,2024-07-19,CUST01150
ORD000951,2025-09-22,CUST01074
ORD000952,2024-09-09,CUST00497
ORD000953,2024-03-14,CUST00546
ORD000954,2025-03-16,CUST00663
ORD000955,2025-12-02,CUST01180
ORD000956,2024-04-01,CUST00231
ORD000957,2025-11-18,CUST00848
ORD000958,2025-03-09,CUST00749
ORD000959,2024-12-22,CUST00391
ORD000960,2024-11-24,CUST00706
ORD000961,2025-08-31,CUST00050
ORD000962,2024-11-08,CUST00347
ORD000963,2024-12-24,CUST00906
ORD000964,2025-09-30,CUST00299
ORD000965,2025-03-27,CUST00092
ORD000966,2024-08-27,CUST00409
ORD000967,2025-12-02,CUST00766
ORD000968,2024-06-08,CUST00176
ORD000969,2024-04-25,CUST00112
ORD000970,2024-09-05,CUST00303
ORD000971,2024-10-21,CUST00029
ORD000972,2024-12-17,CUST00228
ORD000973,2024-11-08,CUST00922
ORD000974,2025-04-27,CUST00047
ORD000975,2024-12-05,CUST00429
ORD000976,2025-07-04,CUST00434
ORD000977,2024-07-27,CUST01120
ORD000978,2025-06-19,CUST00530
ORD000979,2025-07-15,CUST00990
ORD000980,2025-09-29,CUST00290
ORD000981,2025-12-12,CUST00038
ORD000982,2025-01-20,CUST01194
ORD000983,2025-11-10,CUST01079
ORD000984,2024-02-14,CUST00524
ORD000985,2024-06-23,CUST00124
ORD000986,2024-10-17,CUST00412
ORD000987,2025-12-14,CUST00556
ORD000988,2024-02-24,CUST00953
ORD000989,2025-11-01,CUST00018
ORD000990,2024-03-09,CUST00796
ORD000991,2025-11-07,CUST00556
ORD000992,2025-11-09,CUST00738
ORD000993,2024-04-20,CUST00040
ORD000994,2024-10-26,CUST00792
ORD000995,2024-08-24,CUST00780
ORD000996,2025-06-04,CUST00204
ORD000997,2024-11-19,CUST00993
ORD000998,2025-09-03,CUST01089
ORD000999,2024-03-31,CUST00382
ORD001000,2024-07-22,CUST01026
ORD001001,2025-04-13,CUST01149
ORD001002,2025-12-30,CUST00045
ORD001003,2024-02-10,CUST00507
ORD001004,2025-06-26,CUST00625
ORD001005,2024-12-07,CUST01004
ORD001006,2025-02-06,CUST00322
ORD001007,2024-01-19,CUST00711
ORD001008,2025-12-01,CUST00721
ORD001009,2024-12-29,CUST00620
ORD001010,2024-08-29,CUST01027
ORD001011,2024-10-09,CUST00127
ORD001012,2025-10-02,CUST00528
ORD001013,2025-01-31,CUST00061
ORD001014,2025-07-22,CUST00574
ORD001015,2024-08-18,CUST00311
ORD001016,2024-12-15,CUST00805
ORD001017,2025-11-03,CUST00282
ORD001018,2024-03-30,CUST00783
ORD001019,2025-06-17,CUST00466
ORD001020,2025-03-03,CUST00493
ORD001021,2025-08-09,CUST00313
ORD001022,2025-03-12,CUST00640
ORD001023,2025-09-11,CUST00675
ORD001024,2025-04-04,CUST01111
ORD001025,2024-05-14,CUST00424
ORD001026,2025-10-30,CUST00284
ORD001027,2025-08-17,CUST01109
ORD001028,2025-12-01,CUST00415
ORD001029,2024-05-21,CUST00633
ORD001030,2025-12-06,CUST01073
ORD001031,2024-05-18,CUST00881
ORD001032,2024-05-28,CUST01157
ORD001033,2024-06-10,CUST00651
ORD001034,2024-03-10,CUST01142
ORD001035,2025-06-29,CUST00243
ORD001036,2024-07-07,CUST00651
ORD001037,2024-05-29,CUST00061
ORD001038,2024-11-22,CUST00848
ORD001039,2025-02-25,CUST00622
ORD001040,2025-03-29,CUST00561
ORD001041,2024-06-04,CUST00385
ORD001042,2024-04-19,CUST00270
ORD001043,2024-07-08,CUST00054
ORD001044,2025-09-18,CUST00547
ORD001045,2025-09-12,CUST01162
ORD001046,2025-09-19,CUST00473
ORD001047,2025-09-02,CUST00476
ORD001048,2024-08-24,CUST00054
ORD001049,2025-01-02,CUST00163
ORD001050,2025-12-05,CUST00977
ORD001051,2024-05-17,CUST01029
ORD001052,2025-09-11,CUST00961
ORD001053,2025-12-30,CUST00766
ORD001054,2024-07-07,CUST00794
ORD001055,2025-05-18,CUST00971
ORD001056,2024-05-20,CUST00336
ORD001057,2024-07-16,CUST00464
ORD001058,2024-02-03,CUST00837
ORD001059,2024-01-16,CUST00553
ORD001060,2025-02-26,CUST00456
ORD001061,2025-11-18,CUST00416
ORD001062,2024-07-28,CUST00136
ORD001063,2024-06-30,CUST00900
ORD001064,2025-09-23,CUST01004
ORD001065,2025-12-05,CUST00666
ORD001066,2025-04-13,CUST00506
ORD001067,2025-03-13,CUST00830
ORD001068,2024-02-12,CUST00780
ORD001069,2024-11-16,CUST00808
ORD001070,2025-09-18,CUST01172
ORD001071,2025-08-31,CUST01099
ORD001072,2025-06-21,CUST00079
ORD001073,2025-06-17,CUST00224
ORD001074,2025-04-07,CUST00936
ORD001075,2024-02-13,CUST00504
ORD001076,2025-06-15,CUST01102
ORD001077,2025-02-09,CUST00081
ORD001078,2025-07-25,CUST00794
ORD001079,2025-06-12,CUST00101
ORD001080,2024-07-13,CUST00597
ORD001081,2025-03-26,CUST00816
ORD001082,2024-11-07,CUST00586
ORD001083,2025-04-17,CUST00341
ORD001084,2025-03-08,CUST00603
ORD001085,2025-09-19,CUST00112
ORD001086,2025-12-07,CUST01059
ORD001087,2024-05-25,CUST00950
ORD001088,2025-10-23,CUST00926
ORD001089,2024-04-02,CUST01026
ORD001090,2024-04-25,CUST00369
ORD001091,2025-08-22,CUST01120
ORD001092,2024-05-18,CUST00806
ORD001093,2025-02-27,CUST00663
ORD001094,2025-04-06,CUST00052
ORD001095,2024-07-02,CUST00930
ORD001096,2025-08-27,CUST00414
ORD001097,2025-04-10,CUST00185
ORD001098,2024-09-13,CUST00664
ORD001099,2025-12-09,CUST00336
ORD001100,2024-05-06,CUST00187
ORD001101,2024-04-26,CUST00921
ORD001102,2025-10-11,CUST00744
ORD001103,2024-03-28,CUST01073
ORD001104,2025-12-25,CUST00787
ORD001105,2025-06-07,CUST00328
ORD001106,2025-01-22,CUST01128
ORD001107,2025-01-24,CUST00090
ORD001108,2024-06-23,CUST00687
ORD001109,2025-08-02,CUST00308
ORD001110,2024-06-15,CUST00297
ORD001111,2024-07-02,CUST00106
ORD001112,2025-03-05,CUST00631
ORD001113,2024-11-12,CUST00914
ORD001114,2024-10-22,CUST00371
ORD001115,2024-04-30,CUST00270
ORD001116,2024-07-26,CUST00008
ORD001117,2025-09-29,CUST00519
ORD001118,2024-01-13,CUST00940
ORD001119,2025-05-24,CUST01022
ORD001120,2025-07-10,CUST00012
ORD001121,2025-09-14,CUST01011
ORD001122,2024-08-31,CUST00445
ORD001123,2025-08-25,CUST00975
ORD001124,2025-04-09,CUST00840
ORD001125,2025-03-28,CUST00163
ORD001126,2025-09-07,CUST00014
ORD001127,2024-09-07,CUST01121
ORD001128,2024-10-11,CUST01142
ORD001129,2024-07-31,CUST00101
ORD001130,2024-07-08,CUST00304
ORD001131,2024-02-26,CUST00715
ORD001132,2024-02-07,CUST00298
ORD001133,2024-02-03,CUST01184
ORD001134,2025-09-09,CUST00612
ORD001135,2024-12-05,CUST00180
ORD001136,2024-02-20,CUST00224
ORD001137,2025-03-02,CUST00366
ORD001138,2024-06-14,CUST00583
ORD001139,2025-09-17,CUST01173
ORD001140,2025-07-29,CUST00364
ORD001141,2025-04-11,CUST01186
ORD001142,2025-01-03,CUST00074
ORD001143,2024-04-05,CUST00613
ORD001144,2024-11-26,CUST00755
ORD001145,2025-01-23,CUST00139
ORD001146,2025-03-13,CUST01128
ORD001147,2024-03-07,CUST00600
ORD001148,2025-04-27,CUST00276
ORD001149,2024-05-04,CUST00563
ORD001150,2024-12-03,CUST01080
ORD001151,2025-02-27,CUST01075
ORD001152,2024-08-02,CUST00429
ORD001153,2025-09-18,CUST00120
ORD001154,2024-04-21,CUST01171
ORD001155,2025-10-06,CUST01084
ORD001156,2024-03-30,CUST00991
ORD001157,2025-12-06,CUST00589
ORD001158,2025-03-13,CUST00649
ORD001159,2024-09-22,CUST01077
ORD001160,2025-08-11,CUST00725
ORD001161,2024-05-12,CUST01153
ORD001162,2025-05-23,CUST01065
ORD001163,2025-10-09,CUST01020
ORD001164,2025-05-19,CUST00369
ORD001165,2025-09-16,CUST00477
ORD001166,2025-12-26,CUST00595
ORD001167,2024-07-17,CUST00004
ORD001168,2024-05-01,CUST00050
ORD001169,2025-04-21,CUST00242
ORD001170,2024-07-31,CUST00850
ORD001171,2025-02-27,CUST00094
ORD001172,2024-12-07,CUST00717
ORD001173,2025-07-27,CUST00435
ORD001174,2024-01-12,CUST00413
ORD001175,2025-12-07,CUST00577
ORD001176,2024-09-17,CUST00139
ORD001177,2024-11-11,CUST00615
ORD001178,2025-06-02,CUST01127
ORD001179,2024-11-27,CUST00013
ORD001180,2024-04-26,CUST00683
ORD001181,2024-12-15,CUST00812
ORD001182,2025-08-05,CUST00060
ORD001183,2024-06-28,CUST00398
ORD001184,2024-12-04,CUST00693
ORD001185,2025-11-19,CUST00982
ORD001186,2025-04-30,CUST00073
ORD001187,2025-10-23,CUST00279
ORD001188,2025-05-08,CUST00319
ORD001189,2025-10-04,CUST00944
ORD001190,2025-07-03,CUST00687
ORD001191,2025-04-18,CUST00848
ORD001192,2024-02-27,CUST01068
ORD001193,2024-11-02,CUST01158
ORD001194,2025-11-25,CUST00647
ORD001195,2025-07-22,CUST01098
ORD001196,2024-01-20,CUST00427
ORD001197,2025-08-14,CUST00680
ORD001198,2024-12-28,CUST00136
ORD001199,2024-06-01,CUST00575
ORD001200,2024-02-01,CUST00695
ORD001201,2025-01-19,CUST01095
ORD001202,2024-06-18,CUST01170
ORD001203,2025-09-12,CUST00798
ORD001204,2024-07-10,CUST00240
ORD001205,2024-11-11,CUST00645
ORD001206,2025-12-27,CUST00065
ORD001207,2024-10-05,CUST00848
ORD001208,2024-03-29,CUST01018
ORD001209,2024-08-31,CUST00762
ORD001210,2025-04-07,CUST00620
ORD001211,2024-08-09,CUST01076
ORD001212,2024-11-05,CUST00359
ORD001213,2024-04-24,CUST00767
ORD001214,2024-02-08,CUST00414
ORD001215,2024-04-04,CUST00909
ORD001216,2025-06-02,CUST00052
ORD001217,2025-05-09,CUST01025
ORD001218,2024-06-06,CUST00390
ORD001219,2024-12-14,CUST00991
ORD001220,2025-06-20,CUST00636
ORD001221,2024-12-01,CUST00294
ORD001222,2024-04-10,CUST01058
ORD001223,2025-11-23,CUST00272
ORD001224,2024-07-29,CUST00075
ORD001225,2025-04-15,CUST00794
ORD001226,2025-12-31,CUST01070
ORD001227,2024-04-28,CUST00009
ORD001228,2024-11-14,CUST00091
ORD001229,2025-12-04,CUST00179
ORD001230,2024-12-07,CUST00957
ORD001231,2024-02-17,CUST00212
ORD001232,2025-06-17,CUST00640
ORD001233,2024-01-24,CUST01183
ORD001234,2024-11-15,CUST00430
ORD001235,2024-11-24,CUST00411
ORD001236,2024-07-16,CUST00587
ORD001237,2024-10-10,CUST01091
ORD001238,2024-11-22,CUST00904
ORD001239,2025-11-18,CUST00241
ORD001240,2024-10-06,CUST00306
ORD001241,2024-06-10,CUST00561
ORD001242,2024-04-27,CUST00032
ORD001243,2025-09-29,CUST01147
ORD001244,2025-06-10,CUST00210
ORD001245,2024-07-30,CUST01112
ORD001246,2024-12-24,CUST01126
ORD001247,2024-11-22,CUST00556
ORD001248,2024-05-24,CUST00581
ORD001249,2025-08-10,CUST00502
ORD001250,2024-06-24,CUST00146
ORD001251,2024-11-14,CUST00694
ORD001252,2025-07-07,CUST00909
ORD001253,2024-02-21,CUST00267
ORD001254,2024-01-30,CUST00965
ORD001255,2025-11-22,CUST00104
ORD001256,2024-04-18,CUST00786
ORD001257,2024-02-25,CUST00177
ORD001258,2025-03-12,CUST00803
ORD001259,2024-07-02,CUST00914
ORD001260,2025-09-23,CUST00729
ORD001261,2024-11-15,CUST00681
ORD001262,2024-07-21,CUST01093
ORD001263,2024-03-21,CUST00954
ORD001264,2025-08-04,CUST00270
ORD001265,2024-04-05,CUST00960
ORD001266,2024-04-09,CUST00934
ORD001267,2024-11-13,CUST00954
ORD001268,2025-04-26,CUST00475
ORD001269,2024-08-17,CUST00295
ORD001270,2025-09-23,CUST00529
ORD001271,2025-01-07,CUST00803
ORD001272,2024-07-06,CUST00677
ORD001273,2024-11-28,CUST00929
ORD001274,2025-05-14,CUST00062
ORD001275,2024-03-07,CUST00974
ORD001276,2024-04-25,CUST00720
ORD001277,2025-05-05,CUST00945
ORD001278,2024-06-23,CUST00579
ORD001279,2024-12-22,CUST01177
ORD001280,2024-05-10,CUST01041
ORD001281,2024-04-15,CUST00831
ORD001282,2024-04-19,CUST00668
ORD001283,2025-07-23,CUST00146
ORD001284,2024-11-05,CUST01092
ORD001285,2025-04-17,CUST00821
ORD001286,2025-08-27,CUST00847
ORD001287,2024-09-01,CUST00500
ORD001288,2025-07-15,CUST00326
ORD001289,2025-05-08,CUST00787
ORD001290,2024-03-08,CUST00698
ORD001291,2024-08-01,CUST00883
ORD001292,2025-03-21,CUST01162
ORD001293,2024-12-16,CUST01116
ORD001294,2025-12-11,CUST00484
ORD001295,2024-06-26,CUST00160
ORD001296,2025-12-29,CUST01176
ORD001297,2025-05-13,CUST00235
ORD001298,2025-08-29,CUST00949
ORD001299,2024-11-29,CUST01137
ORD001300,2024-04-09,CUST00912
ORD001301,2024-06-29,CUST00631
ORD001302,2025-02-19,CUST00143
ORD001303,2025-09-04,CUST00223
ORD001304,2025-12-02,CUST00777
ORD001305,2024-12-01,CUST01013
ORD001306,2025-10-22,CUST00126
ORD001307,2024-04-02,CUST00446
ORD001308,2024-05-22,CUST01190
ORD001309,2025-10-13,CUST00001
ORD001310,2024-05-30,CUST00306
ORD001311,2025-04-08,CUST01089
ORD001312,2024-10-25,CUST00799
ORD001313,2025-09-22,CUST01184
ORD001314,2025-04-02,CUST00401
ORD001315,2024-07-29,CUST00649
ORD001316,2024-11-02,CUST01168
ORD001317,2025-11-26,CUST00624
ORD001318,2025-03-21,CUST00706
ORD001319,2024-04-01,CUST01194
ORD001320,2024-01-09,CUST01046
ORD001321,2025-02-17,CUST00262
ORD001322,2024-10-28,CUST00128
ORD001323,2025-01-13,CUST01125
ORD001324,2024-02-24,CUST00002
ORD001325,2025-12-21,CUST01147
ORD001326,2025-01-02,CUST00225
ORD001327,2024-10-15,CUST00064
ORD001328,2024-08-28,CUST00885
ORD001329,2025-12-20,CUST00808
ORD001330,2025-10-02,CUST00652
ORD001331,2025-12-29,CUST00784
ORD001332,2025-02-19,CUST00782
ORD001333,2025-03-21,CUST01117
ORD001334,2024-08-04,CUST00356
ORD001335,2025-05-01,CUST00285
ORD001336,2024-07-11,CUST01138
ORD001337,2025-01-28,CUST00738
ORD001338,2025-03-03,CUST00316
ORD001339,2024-10-22,CUST00258
ORD001340,2024-05-17,CUST00024
ORD001341,2024-03-14,CUST00033
ORD001342,2024-05-27,CUST00997
ORD001343,2025-11-04,CUST00895
ORD001344,2024-05-19,CUST00174
ORD001345,2024-05-20,CUST00852
ORD001346,2025-04-11,CUST00872
ORD001347,2025-09-30,CUST00369
ORD001348,2025-04-10,CUST01044
ORD001349,2025-03-10,CUST01131
ORD001350,2025-04-05,CUST00788
ORD001351,2024-12-29,CUST00463
ORD001352,2024-07-09,CUST00870
ORD001353,2025-09-11,CUST00016
ORD001354,2025-08-14,CUST01021
ORD001355,2024-08-30,CUST01028
ORD001356,2024-10-02,CUST00842
ORD001357,2025-07-13,CUST01181
ORD001358,2025-01-10,CUST00069
ORD001359,2024-02-08,CUST01164
ORD001360,2025-05-09,CUST00755
ORD001361,2024-04-25,CUST01189
ORD001362,2025-05-08,CUST00164
ORD001363,2024-05-25,CUST01079
ORD001364,2024-10-13,CUST00953
ORD001365,2025-06-13,CUST00161
ORD001366,2025-06-19,CUST00182
ORD001367,2024-09-08,CUST00968
ORD001368,2025-10-07,CUST00160
ORD001369,2025-12-01,CUST01105
ORD001370,2025-08-16,CUST00640
ORD001371,2025-09-19,CUST00109
ORD001372,2024-12-17,CUST01096
ORD001373,2024-01-12,CUST00961
ORD001374,2025-04-09,CUST01050
ORD001375,2025-04-25,CUST01176
ORD001376,2024-12-05,CUST00863
ORD001377,2024-12-27,CUST00604
ORD001378,2024-10-23,CUST00344
ORD001379,2024-02-06,CUST00623
ORD001380,2025-07-31,CUST00534
ORD001381,2024-03-03,CUST00970
ORD001382,2025-08-15,CUST00347
ORD001383,2025-08-09,CUST00106
ORD001384,2025-11-03,CUST00598
ORD001385,2025-10-01,CUST00056
ORD001386,2024-10-20,CUST00993
ORD001387,2024-03-25,CUST00260
ORD001388,2025-06-01,CUST00158
ORD001389,2024-10-11,CUST00517
ORD001390,2024-05-15,CUST00576
ORD001391,2024-10-08,CUST00527
ORD001392,2024-01-15,CUST00229
ORD001393,2025-09-10,CUST00358
ORD001394,2025-08-28,CUST00310
ORD001395,2025-11-05,CUST00915
ORD001396,2025-01-13,CUST00360
ORD001397,2024-09-24,CUST00484
ORD001398,2025-05-11,CUST00371
ORD001399,2025-06-24,CUST00068
ORD001400,2024-12-17,CUST00173
ORD001401,2024-05-28,CUST00316
ORD001402,2025-05-22,CUST00846
ORD001403,2025-01-27,CUST00488
ORD001404,2025-11-07,CUST00902
ORD001405,2025-10-14,CUST00343
ORD001406,2024-08-03,CUST01184
ORD001407,2024-12-19,CUST00112
ORD001408,2025-10-19,CUST00542
ORD001409,2024-04-28,CUST00108
ORD001410,2024-06-20,CUST00951
ORD001411,2025-02-12,CUST00976
ORD001412,2024-11-04,CUST00976
ORD001413,2025-06-29,CUST00479
ORD001414,2025-01-23,CUST00799
ORD001415,2025-04-30,CUST00538
ORD001416,2024-05-28,CUST01087
ORD001417,2025-03-21,CUST00025
ORD001418,2024-10-22,CUST00920
ORD001419,2025-01-26,CUST00647
ORD001420,2025-06-26,CUST00085
ORD001421,2024-04-09,CUST01089
ORD001422,2025-10-14,CUST00725
ORD001423,2025-03-18,CUST00559
ORD001424,2024-12-09,CUST00554
ORD001425,2024-09-30,CUST00202
ORD001426,2024-09-18,CUST01197
ORD001427,2025-02-04,CUST00945
ORD001428,2025-11-22,CUST00496
ORD001429,2025-11-19,CUST00400
ORD001430,2025-06-16,CUST00692
ORD001431,2025-11-24,CUST00369
ORD001432,2024-11-16,CUST01122
ORD001433,2024-01-11,CUST00018
ORD001434,2024-03-10,CUST00025
ORD001435,2025-02-25,CUST00201
ORD001436,2025-06-21,CUST00213
ORD001437,2025-12-02,CUST00914
ORD001438,2024-12-25,CUST00450
ORD001439,2024-10-17,CUST00516
ORD001440,2024-07-16,CUST00070
ORD001441,2024-01-25,CUST00189
ORD001442,2024-02-28,CUST00445
ORD001443,2025-09-05,CUST00250
ORD001444,2025-12-26,CUST00246
ORD001445,2024-03-29,CUST00267
ORD001446,2025-01-19,CUST01160
ORD001447,2024-07-08,CUST00228
ORD001448,2025-12-13,CUST00378
ORD001449,2024-09-16,CUST00604
ORD001450,2025-04-23,CUST00156
ORD001451,2025-10-16,CUST00929
ORD001452,2024-10-10,CUST00875
ORD001453,2025-12-09,CUST00663
ORD001454,2024-09-20,CUST00332
ORD001455,2024-03-16,CUST00568
ORD001456,2024-03-04,CUST00784
ORD001457,2025-02-01,CUST00682
ORD001458,2024-03-02,CUST00529
ORD001459,2024-09-28,CUST00365
ORD001460,2025-03-27,CUST00143
ORD001461,2025-05-18,CUST00411
ORD001462,2025-09-16,CUST00805
ORD001463,2024-07-01,CUST01008
ORD001464,2024-04-21,CUST00295
ORD001465,2025-07-07,CUST00884
ORD001466,2024-08-11,CUST00218
ORD001467,2025-03-28,CUST00531
ORD001468,2024-04-15,CUST00072
ORD001469,2024-03-15,CUST00145
ORD001470,2025-08-08,CUST00514
ORD001471,2025-04-01,CUST00039
ORD001472,2025-05-24,CUST00305
ORD001473,2025-10-30,CUST00002
ORD001474,2024-02-08,CUST00800
ORD001475,2024-09-29,CUST00311
ORD001476,2025-12-17,CUST00676
ORD001477,2025-02-04,CUST01177
ORD001478,2024-01-04,CUST01056
ORD001479,2025-12-25,CUST01005
ORD001480,2025-05-04,CUST00894
ORD001481,2025-02-17,CUST00144
ORD001482,2025-07-07,CUST00463
ORD001483,2024-01-04,CUST00788
ORD001484,2025-12-06,CUST00988
ORD001485,2024-05-04,CUST01162
ORD001486,2025-07-02,CUST00736
ORD001487,2024-12-07,CUST00621
ORD001488,2025-02-14,CUST00114
ORD001489,2025-10-09,CUST00186
ORD001490,2025-01-09,CUST01095
ORD001491,2024-12-14,CUST00165
ORD001492,2025-04-15,CUST00594
ORD001493,2025-10-25,CUST00416
ORD001494,2024-06-29,CUST01136
ORD001495,2024-02-10,CUST00787
ORD001496,2025-11-07,CUST00392
ORD001497,2024-11-02,CUST00799
ORD001498,2024-04-19,CUST00736
ORD001499,2025-05-13,CUST00174
ORD001500,2025-10-09,CUST00897
ORD001501,2024-07-13,CUST00287
ORD001502,2024-02-06,CUST00396
ORD001503,2024-01-26,CUST00489
ORD001504,2025-05-15,CUST00797
ORD001505,2024-03-05,CUST01108
ORD001506,2025-10-20,CUST00631
ORD001507,2025-05-26,CUST01094
ORD001508,2025-04-05,CUST00034
ORD001509,2024-02-07,CUST00695
ORD001510,2024-02-27,CUST00692
ORD001511,2024-02-13,CUST00831
ORD001512,2024-05-01,CUST00434
ORD001513,2025-10-31,CUST01072
ORD001514,2025-04-14,CUST01099
ORD001515,2024-06-01,CUST01187
ORD001516,2024-08-26,CUST00148
ORD001517,2024-02-07,CUST00290
ORD001518,2025-05-15,CUST00040
ORD001519,2025-04-27,CUST00094
ORD001520,2024-09-05,CUST00268
ORD001521,2024-01-15,CUST00353
ORD001522,2025-10-09,CUST00103
ORD001523,2024-11-10,CUST00200
ORD001524,2025-04-12,CUST00350
ORD001525,2025-08-28,CUST00131
ORD001526,2024-04-18,CUST00234
ORD001527,2025-05-24,CUST00452
ORD001528,2024-03-05,CUST00416
ORD001529,2025-03-12,CUST00691
ORD001530,2025-11-25,CUST00824
ORD001531,2024-11-28,CUST00248
ORD001532,2025-12-01,CUST01180
ORD001533,2025-07-12,CUST00282
ORD001534,2024-11-25,CUST00437
ORD001535,2024-02-16,CUST00356
ORD001536,2024-12-09,CUST00130
ORD001537,2024-05-03,CUST00561
ORD001538,2024-05-24,CUST00851
ORD001539,2024-06-21,CUST00758
ORD001540,2025-07-20,CUST00338
ORD001541,2025-03-25,CUST00499
ORD001542,2025-08-18,CUST00084
ORD001543,2024-05-16,CUST00205
ORD001544,2025-10-09,CUST00771
ORD001545,2024-06-10,CUST00033
ORD001546,2025-05-13,CUST00166
ORD001547,2024-01-07,CUST00015
ORD001548,2024-07-02,CUST00183
ORD001549,2025-12-24,CUST00582
ORD001550,2025-03-02,CUST00975
ORD001551,2025-12-09,CUST00260
ORD001552,2024-07-30,CUST00294
ORD001553,2025-10-17,CUST00555
ORD001554,2025-06-19,CUST00923
ORD001555,2025-02-25,CUST00490
ORD001556,2024-06-27,CUST00078
ORD001557,2025-09-02,CUST00369
ORD001558,2025-05-26,CUST00181
ORD001559,2025-10-04,CUST00617
ORD001560,2024-12-22,CUST00858
ORD001561,2024-01-05,CUST01143
ORD001562,2024-08-29,CUST00394
ORD001563,2024-04-30,CUST01086
ORD001564,2024-04-07,CUST00742
ORD001565,2025-07-06,CUST01040
ORD001566,2024-08-12,CUST00951
ORD001567,2025-10-03,CUST00427
ORD001568,2024-10-10,CUST00109
ORD001569,2024-07-17,CUST00231
ORD001570,2024-06-01,CUST00972
ORD001571,2025-05-24,CUST00362
ORD001572,2024-06-12,CUST00089
ORD001573,2024-02-25,CUST00746
ORD001574,2024-10-18,CUST00430
ORD001575,2025-03-21,CUST00515
ORD001576,2024-12-08,CUST00929
ORD001577,2024-02-14,CUST00214
ORD001578,2024-02-23,CUST01101
ORD001579,2024-06-29,CUST00324
ORD001580,2024-01-30,CUST00994
ORD001581,2025-06-11,CUST00238
ORD001582,2024-03-13,CUST00482
ORD001583,2025-03-31,CUST01188
ORD001584,2024-11-29,CUST00859
ORD001585,2024-07-22,CUST00668
ORD001586,2024-08-23,CUST00226
ORD001587,2024-11-29,CUST00467
ORD001588,2024-04-10,CUST00486
ORD001589,2025-02-26,CUST00410
ORD001590,2025-01-19,CUST00452
ORD001591,2024-03-16,CUST00965
ORD001592,2025-08-22,CUST00993
ORD001593,2024-02-25,CUST00893
ORD001594,2024-05-28,CUST00443
ORD001595,2025-09-16,CUST00932
ORD001596,2024-07-01,CUST00794
ORD001597,2025-01-17,CUST00280
ORD001598,2025-04-13,CUST00398
ORD001599,2025-10-09,CUST00735
ORD001600,2024-10-03,CUST00415
ORD001601,2024-12-09,CUST00261
ORD001602,2024-02-02,CUST01165
ORD001603,2024-03-02,CUST00575
ORD001604,2024-05-19,CUST00228
ORD001605,2025-04-21,CUST00940
ORD001606,2025-03-04,CUST00351
ORD001607,2024-12-17,CUST00451
ORD001608,2024-10-29,CUST00322
ORD001609,2025-10-15,CUST00349
ORD001610,2025-08-14,CUST01133
ORD001611,2024-08-23,CUST00178
ORD001612,2025-02-25,CUST01069
ORD001613,2025-05-15,CUST00444
ORD001614,2025-08-28,CUST00970
ORD001615,2025-04-18,CUST00572
ORD001616,2024-01-15,CUST00877
ORD001617,2024-09-09,CUST00508
ORD001618,2024-12-01,CUST00890
ORD001619,2025-08-16,CUST00456
ORD001620,2025-08-28,CUST00306
ORD001621,2025-08-10,CUST00011
ORD001622,2025-03-03,CUST00091
ORD001623,2024-02-11,CUST00964
ORD001624,2025-05-31,CUST00069
ORD001625,2025-03-11,CUST01088
ORD001626,2025-02-07,CUST00982
ORD001627,2025-12-14,CUST00201
ORD001628,2025-04-08,CUST01015
ORD001629,2024-09-03,CUST00171
ORD001630,2025-07-25,CUST00026
ORD001631,2025-12-10,CUST00833
ORD001632,2024-08-11,CUST00272
ORD001633,2025-01-02,CUST00606
ORD001634,2024-09-01,CUST00186
ORD001635,2024-01-17,CUST00983
ORD001636,2025-11-16,CUST00625
ORD001637,2024-06-14,CUST00941
ORD001638,2025-08-07,CUST01196
ORD001639,2024-01-25,CUST00932
ORD001640,2025-04-19,CUST00284
ORD001641,2025-12-21,CUST00831
ORD001642,2024-07-08,CUST00759
ORD001643,2025-10-03,CUST00951
ORD001644,2025-12-21,CUST00003
ORD001645,2025-10-04,CUST00145
ORD001646,2025-01-29,CUST00682
ORD001647,2025-06-27,CUST00067
ORD001648,2024-10-30,CUST00873
ORD001649,2024-10-03,CUST01111
ORD001650,2025-08-12,CUST00425
ORD001651,2025-12-02,CUST00166
ORD001652,2025-09-27,CUST00688
ORD001653,2024-02-26,CUST01055
ORD001654,2025-11-21,CUST00746
ORD001655,2024-02-22,CUST00228
ORD001656,2025-01-27,CUST00749
ORD001657,2025-04-21,CUST00084
ORD001658,2025-01-09,CUST00751
ORD001659,2024-06-28,CUST01145
ORD001660,2025-12-22,CUST00138
ORD001661,2025-07-28,CUST00420
ORD001662,2024-05-21,CUST00686
ORD001663,2024-09-01,CUST01106
ORD001664,2024-04-26,CUST00980
ORD001665,2025-08-17,CUST00430
ORD001666,2024-08-18,CUST00657
ORD001667,2024-12-27,CUST00548
ORD001668,2025-05-30,CUST00867
ORD001669,2024-10-10,CUST00112
ORD001670,2024-03-05,CUST00764
ORD001671,2024-12-19,CUST00927
ORD001672,2025-05-12,CUST01027
ORD001673,2025-06-23,CUST00252
ORD001674,2025-04-26,CUST01090
ORD001675,2025-11-25,CUST01092
ORD001676,2024-10-26,CUST00926
ORD001677,2025-09-27,CUST00754
ORD001678,2025-11-20,CUST00135
ORD001679,2024-07-11,CUST00938
ORD001680,2024-03-30,CUST00165
ORD001681,2025-02-04,CUST00367
ORD001682,2024-10-22,CUST00158
ORD001683,2024-04-21,CUST00338
ORD001684,2024-10-09,CUST00230
ORD001685,2025-12-14,CUST00304
ORD001686,2025-05-23,CUST00309
ORD001687,2024-07-28,CUST01067
ORD001688,2025-10-04,CUST00047
ORD001689,2024-10-27,CUST00854
ORD001690,2025-11-29,CUST01109
ORD001691,2024-05-15,CUST00971
ORD001692,2024-12-21,CUST00861
ORD001693,2025-03-30,CUST00044
ORD001694,2024-10-25,CUST00388
ORD001695,2024-03-05,CUST00046
ORD001696,2024-08-25,CUST01065
ORD001697,2025-10-22,CUST00688
ORD001698,2025-02-25,CUST01186
ORD001699,2024-12-17,CUST00669
ORD001700,2025-05-12,CUST01086
ORD001701,2025-07-15,CUST00912
ORD001702,2025-04-13,CUST00623
ORD001703,2025-08-03,CUST00271
ORD001704,2024-11-09,CUST00352
ORD001705,2024-09-23,CUST00465
ORD001706,2025-05-10,CUST00762
ORD001707,2024-10-22,CUST00097
ORD001708,2024-05-31,CUST00724
ORD001709,2024-10-18,CUST00934
ORD001710,2024-06-19,CUST00330
ORD001711,2025-12-29,CUST01097
ORD001712,2024-10-19,CUST00374
ORD001713,2024-06-28,CUST00315
ORD001714,2024-06-14,CUST00488
ORD001715,2024-04-29,CUST00085
ORD001716,2024-11-20,CUST01177
ORD001717,2024-05-09,CUST00903
ORD001718,2024-09-23,CUST00758
ORD001719,2024-07-07,CUST00421
ORD001720,2025-07-29,CUST00072
ORD001721,2025-11-12,CUST00650
ORD001722,2024-12-18,CUST00303
ORD001723,2025-01-16,CUST00919
ORD001724,2025-07-06,CUST00333
ORD001725,2025-06-30,CUST00618
ORD001726,2024-05-04,CUST00052
ORD001727,2025-02-18,CUST01023
ORD001728,2024-05-28,CUST00939
ORD001729,2024-11-23,CUST00320
ORD001730,2024-01-05,CUST01119
ORD001731,2025-06-03,CUST00679
ORD001732,2025-10-24,CUST00606
ORD001733,2025-04-30,CUST00594
ORD001734,2025-08-10,CUST00302
ORD001735,2025-08-01,CUST00906
ORD001736,2024-12-12,CUST00231
ORD001737,2025-05-05,CUST00083
ORD001738,2024-05-22,CUST01129
ORD001739,2024-04-29,CUST00631
ORD001740,2024-01-26,CUST00823
ORD001741,2025-09-24,CUST00452
ORD001742,2025-04-01,CUST00732
ORD001743,2024-04-04,CUST00669
ORD001744,2024-02-26,CUST00400
ORD001745,2025-08-20,CUST01079
ORD001746,2024-08-15,CUST00570
ORD001747,2024-07-19,CUST00047
ORD001748,2024-03-26,CUST01103
ORD001749,2025-04-01,CUST00179
ORD001750,2025-06-08,CUST00808
ORD001751,2024-07-18,CUST01005
ORD001752,2024-11-21,CUST01048
ORD001753,2024-02-27,CUST00740
ORD001754,2025-02-11,CUST00303
ORD001755,2025-03-13,CUST00758
ORD001756,2025-01-30,CUST00764
ORD001757,2024-01-13,CUST00583
ORD001758,2024-12-19,CUST00720
ORD001759,2024-11-11,CUST00913
ORD001760,2025-07-28,CUST00180
ORD001761,2024-08-08,CUST00910
ORD001762,2025-03-01,CUST00907
ORD001763,2024-10-22,CUST00336
ORD001764,2025-03-10,CUST00849
ORD001765,2024-05-22,CUST00177
ORD001766,2024-05-27,CUST00426
ORD001767,2024-11-06,CUST00973
ORD001768,2025-06-21,CUST00687
ORD001769,2024-03-08,CUST00770
ORD001770,2024-03-31,CUST00014
ORD001771,2025-02-23,CUST00560
ORD001772,2025-02-28,CUST00359
ORD001773,2025-07-23,CUST00947
ORD001774,2025-12-28,CUST01164
ORD001775,2024-05-20,CUST00409
ORD001776,2024-07-09,CUST00782
ORD001777,2024-10-23,CUST01135
ORD001778,2025-05-17,CUST00087
ORD001779,2024-11-05,CUST01199
ORD001780,2024-11-07,CUST01012
ORD001781,2025-07-26,CUST00950
ORD001782,2024-08-17,CUST00055
ORD001783,2024-01-03,CUST00316
ORD001784,2024-09-25,CUST00615
ORD001785,2025-10-17,CUST00968
ORD001786,2024-05-07,CUST00590
ORD001787,2025-03-03,CUST00368
ORD001788,2025-05-18,CUST00502
ORD001789,2024-01-30,CUST00245
ORD001790,2024-10-10,CUST01010
ORD001791,2024-03-09,CUST00741
ORD001792,2025-08-18,CUST00985
ORD001793,2025-08-02,CUST00894
ORD001794,2024-09-21,CUST00975
ORD001795,2025-12-11,CUST00245
ORD001796,2025-01-17,CUST01050
ORD001797,2025-08-12,CUST00036
ORD001798,2024-09-22,CUST00334
ORD001799,2025-08-18,CUST00120
ORD001800,2024-05-29,CUST00655
ORD001801,2025-04-17,CUST00278
ORD001802,2024-12-31,CUST00335
ORD001803,2024-02-24,CUST00559
ORD001804,2025-01-04,CUST00860
ORD001805,2025-10-13,CUST00730
ORD001806,2024-02-19,CUST00594
ORD001807,2024-10-25,CUST01085
ORD001808,2025-10-16,CUST00158
ORD001809,2025-06-10,CUST00397
ORD001810,2025-10-05,CUST00376
ORD001811,2024-04-06,CUST00343
ORD001812,2025-07-10,CUST00661
ORD001813,2024-11-19,CUST00617
ORD001814,2024-10-04,CUST00743
ORD001815,2024-04-08,CUST01095
ORD001816,2025-08-16,CUST00721
ORD001817,2024-05-27,CUST00027
ORD001818,2024-05-20,CUST01062
ORD001819,2024-10-15,CUST00764
ORD001820,2025-05-11,CUST00844
ORD001821,2024-12-14,CUST00334
ORD001822,2024-04-14,CUST00447
ORD001823,2024-06-07,CUST01031
ORD001824,2024-08-14,CUST00386
ORD001825,2025-07-26,CUST01077
ORD001826,2025-06-28,CUST01129
ORD001827,2025-12-20,CUST00234
ORD001828,2025-03-03,CUST00944
ORD001829,2024-03-19,CUST00239
ORD001830,2024-05-14,CUST00036
ORD001831,2025-05-06,CUST00714
ORD001832,2024-11-15,CUST00743
ORD001833,2024-05-22,CUST00906
ORD001834,2025-09-03,CUST01072
ORD001835,2024-12-16,CUST00353
ORD001836,2025-12-27,CUST00624
ORD001837,2024-01-30,CUST00243
ORD001838,2024-08-15,CUST00264
ORD001839,2025-12-11,CUST00292
ORD001840,2025-12-05,CUST00465
ORD001841,2024-11-10,CUST00257
ORD001842,2024-08-02,CUST00267
ORD001843,2024-03-21,CUST00871
ORD001844,2025-12-08,CUST00229
ORD001845,2024-03-20,CUST00039
ORD001846,2025-05-10,CUST00884
ORD001847,2024-02-13,CUST00403
ORD001848,2024-04-20,CUST00068
ORD001849,2025-11-06,CUST01052
ORD001850,2025-08-30,CUST00122
ORD001851,2025-04-25,CUST00244
ORD001852,2024-09-16,CUST00089
ORD001853,2024-03-08,CUST00618
ORD001854,2025-11-14,CUST00022
ORD001855,2024-04-08,CUST00254
ORD001856,2025-09-08,CUST00421
ORD001857,2025-08-24,CUST00410
ORD001858,2024-07-08,CUST00720
ORD001859,2024-01-30,CUST00186
ORD001860,2024-05-29,CUST00569
ORD001861,2025-08-16,CUST00713
ORD001862,2024-12-26,CUST00329
ORD001863,2025-05-27,CUST00496
ORD001864,2025-06-01,CUST01168
ORD001865,2024-03-10,CUST00203
ORD001866,2025-08-15,CUST00029
ORD001867,2025-06-25,CUST00445
ORD001868,2024-07-15,CUST00578
ORD001869,2024-06-24,CUST01101
ORD001870,2024-01-05,CUST00203
ORD001871,2024-08-07,CUST01033
ORD001872,2025-12-25,CUST00973
ORD001873,2025-01-10,CUST00380
ORD001874,2025-03-26,CUST00220
ORD001875,2024-07-04,CUST00727
ORD001876,2025-01-23,CUST00869
ORD001877,2024-08-07,CUST01054
ORD001878,2024-08-21,CUST00835
ORD001879,2024-04-25,CUST00644
ORD001880,2024-05-06,CUST00955
ORD001881,2024-04-22,CUST01065
ORD001882,2024-05-19,CUST01016
ORD001883,2025-01-04,CUST00591
ORD001884,2025-07-24,CUST00084
ORD001885,2024-03-25,CUST00672
ORD001886,2025-05-20,CUST00237
ORD001887,2025-01-29,CUST00581
ORD001888,2025-04-12,CUST00639
ORD001889,2025-12-04,CUST00910
ORD001890,2024-08-19,CUST01135
ORD001891,2025-02-21,CUST00596
ORD001892,2025-03-14,CUST00387
ORD001893,2024-03-12,CUST00975
ORD001894,2025-11-26,CUST00753
ORD001895,2024-07-02,CUST00027
ORD001896,2025-11-21,CUST01007
ORD001897,2025-11-19,CUST00216
ORD001898,2025-02-09,CUST00898
ORD001899,2025-06-19,CUST00175
ORD001900,2024-05-02,CUST00294
ORD001901,2025-02-08,CUST00821
ORD001902,2025-12-12,CUST00209
ORD001903,2024-06-21,CUST00133
ORD001904,2025-01-07,CUST00408
ORD001905,2024-12-12,CUST00411
ORD001906,2025-09-01,CUST00828
ORD001907,2024-05-05,CUST00477
ORD001908,2025-03-10,CUST01023
ORD001909,2024-10-12,CUST01192
ORD001910,2025-08-30,CUST00560
ORD001911,2025-10-21,CUST00820
ORD001912,2024-12-30,CUST00975
ORD001913,2025-11-13,CUST00829
ORD001914,2025-05-11,CUST01048
ORD001915,2024-10-12,CUST00302
ORD001916,2025-04-10,CUST00222
ORD001917,2024-05-05,CUST00514
ORD001918,2025-05-16,CUST01019
ORD001919,2024-08-24,CUST00276
ORD001920,2024-01-31,CUST00204
ORD001921,2024-02-24,CUST00140
ORD001922,2025-05-25,CUST00055
ORD001923,2024-07-02,CUST00784
ORD001924,2025-09-11,CUST00670
ORD001925,2024-06-05,CUST00621
ORD001926,2025-09-28,CUST00198
ORD001927,2024-03-19,CUST01065
ORD001928,2025-05-19,CUST00955
ORD001929,2024-07-25,CUST00602
ORD001930,2025-11-08,CUST01020
ORD001931,2025-05-17,CUST01034
ORD001932,2024-09-24,CUST01111
ORD001933,2024-12-17,CUST01108
ORD001934,2025-07-13,CUST00037
ORD001935,2024-02-02,CUST00882
ORD001936,2024-05-01,CUST00786
ORD001937,2025-04-05,CUST00645
ORD001938,2025-01-20,CUST00907
ORD001939,2025-04-15,CUST00074
ORD001940,2024-02-03,CUST00363
ORD001941,2025-07-24,CUST00621
ORD001942,2025-12-24,CUST00337
ORD001943,2025-05-18,CUST00883
ORD001944,2024-05-17,CUST00640
ORD001945,2025-02-02,CUST00999
ORD001946,2024-04-22,CUST01166
ORD001947,2025-11-22,CUST01005
ORD001948,2025-11-06,CUST01135
ORD001949,2025-12-02,CUST01105
ORD001950,2025-08-08,CUST00963
ORD001951,2025-05-02,CUST01152
ORD001952,2024-06-09,CUST01038
ORD001953,2024-02-27,CUST00802
ORD001954,2024-09-26,CUST01014
ORD001955,2025-08-28,CUST00774
ORD001956,2025-09-23,CUST00723
ORD001957,2024-10-18,CUST00657
ORD001958,2024-03-03,CUST00058
ORD001959,2025-08-27,CUST00093
ORD001960,2024-05-11,CUST00751
ORD001961,2024-12-23,CUST01196
ORD001962,2024-01-28,CUST00699
ORD001963,2025-01-24,CUST00200
ORD001964,2025-03-14,CUST00707
ORD001965,2024-12-31,CUST00844
ORD001966,2024-12-25,CUST00116
ORD001967,2025-11-08,CUST00501
ORD001968,2024-09-10,CUST00481
ORD001969,2025-10-25,CUST00640
ORD001970,2025-08-29,CUST00174
ORD001971,2025-12-05,CUST00135
ORD001972,2024-11-08,CUST00235
ORD001973,2024-12-11,CUST00348
ORD001974,2024-01-21,CUST01103
ORD001975,2024-11-29,CUST00077
ORD001976,2025-04-16,CUST00866
ORD001977,2025-08-04,CUST01055
ORD001978,2025-03-07,CUST00547
ORD001979,2024-01-21,CUST00962
ORD001980,2025-08-25,CUST00046
ORD001981,2024-11-20,CUST00774
ORD001982,2025-08-07,CUST00800
ORD001983,2024-11-26,CUST01173
ORD001984,2024-04-10,CUST01001
ORD001985,2024-04-12,CUST00422
ORD001986,2024-12-10,CUST01018
ORD001987,2025-05-29,CUST00696
ORD001988,2024-06-19,CUST00614
ORD001989,2025-01-07,CUST00893
ORD001990,2024-07-25,CUST01018
ORD001991,2025-10-12,CUST00155
ORD001992,2025-07-02,CUST00439
ORD001993,2024-10-21,CUST00544
ORD001994,2024-02-18,CUST00609
ORD001995,2025-08-10,CUST00824
ORD001996,2024-08-19,CUST00189
ORD001997,2025-08-15,CUST00195
ORD001998,2025-08-29,CUST00690
ORD001999,2024-10-06,CUST00138
ORD002000,2025-08-03,CUST01088
ORD002001,2025-05-01,CUST00875
ORD002002,2024-08-02,CUST00712
ORD002003,2024-03-19,CUST00619
ORD002004,2025-05-31,CUST00615
ORD002005,2025-03-19,CUST01106
ORD002006,2024-11-16,CUST00410
ORD002007,2025-02-28,CUST00824
ORD002008,2024-09-14,CUST01056
ORD002009,2025-04-09,CUST01122
ORD002010,2024-07-03,CUST00039
ORD002011,2025-10-04,CUST01058
ORD002012,2024-07-10,CUST01182
ORD002013,2025-05-26,CUST00437
ORD002014,2025-11-07,CUST00958
ORD002015,2024-10-01,CUST01092
ORD002016,2025-09-21,CUST00889
ORD002017,2025-08-02,CUST00123
ORD002018,2025-06-18,CUST00411
ORD002019,2025-01-08,CUST00948
ORD002020,2024-05-31,CUST00493
ORD002021,2024-06-03,CUST00615
ORD002022,2025-03-21,CUST00841
ORD002023,2024-11-22,CUST00132
ORD002024,2025-10-11,CUST00417
ORD002025,2025-02-26,CUST00547
ORD002026,2024-10-20,CUST00329
ORD002027,2024-09-19,CUST00484
ORD002028,2025-02-19,CUST00489
ORD002029,2024-04-26,CUST00308
ORD002030,2024-07-15,CUST00057
ORD002031,2024-09-08,CUST00636
ORD002032,2025-04-20,CUST00995
ORD002033,2025-07-27,CUST00894
ORD002034,2025-03-08,CUST00076
ORD002035,2024-07-25,CUST00327
ORD002036,2024-10-06,CUST00280
ORD002037,2024-01-30,CUST00530
ORD002038,2024-10-11,CUST01128
ORD002039,2024-06-29,CUST00087
ORD002040,2025-05-12,CUST00041
ORD002041,2024-02-26,CUST00172
ORD002042,2024-11-17,CUST00611
ORD002043,2024-03-06,CUST00834
ORD002044,2025-01-07,CUST00185
ORD002045,2025-02-10,CUST00288
ORD002046,2024-08-29,CUST00230
ORD002047,2025-08-07,CUST01025
ORD002048,2024-05-03,CUST01069
ORD002049,2025-11-11,CUST01189
ORD002050,2025-06-21,CUST00516
ORD002051,2025-05-23,CUST00185
ORD002052,2024-08-31,CUST00251
ORD002053,2024-11-16,CUST00675
ORD002054,2025-08-21,CUST00799
ORD002055,2024-08-29,CUST00867
ORD002056,2024-08-11,CUST00296
ORD002057,2024-04-19,CUST00359
ORD002058,2024-08-07,CUST00563
ORD002059,2025-03-26,CUST00837
ORD002060,2024-09-17,CUST00115
ORD002061,2025-05-17,CUST01093
ORD002062,2025-01-18,CUST00232
ORD002063,2024-11-20,CUST01118
ORD002064,2025-03-09,CUST00973
ORD002065,2025-11-30,CUST00505
ORD002066,2024-10-11,CUST00297
ORD002067,2025-01-06,CUST00974
ORD002068,2025-01-11,CUST00632
ORD002069,2024-01-22,CUST00072
ORD002070,2025-11-09,CUST00112
ORD002071,2025-12-08,CUST00491
ORD002072,2024-09-16,CUST01132
ORD002073,2025-01-28,CUST00634
ORD002074,2025-10-16,CUST00744
ORD002075,2025-12-02,CUST00250
ORD002076,2025-07-01,CUST00485
ORD002077,2025-03-29,CUST00796
ORD002078,2024-01-09,CUST00805
ORD002079,2024-09-18,CUST00617
ORD002080,2024-04-02,CUST00483
ORD002081,2024-10-31,CUST00431
ORD002082,2024-06-13,CUST00899
ORD002083,2025-10-08,CUST00650
ORD002084,2025-10-21,CUST00833
ORD002085,2024-02-04,CUST00562
ORD002086,2024-03-23,CUST01007
ORD002087,2025-04-27,CUST00846
ORD002088,2024-12-06,CUST00866
ORD002089,2024-04-12,CUST00329
ORD002090,2025-12-16,CUST00535
ORD002091,2025-06-02,CUST00136
ORD002092,2024-12-26,CUST00862
ORD002093,2025-09-08,CUST01122
ORD002094,2024-11-30,CUST00929
ORD002095,2025-12-12,CUST00057
ORD002096,2024-02-23,CUST00377
ORD002097,2025-10-07,CUST00909
ORD002098,2025-10-18,CUST00279
ORD002099,2024-01-04,CUST00821
ORD002100,2024-07-23,CUST00626
ORD002101,2024-11-17,CUST01180
ORD002102,2024-03-25,CUST00227
ORD002103,2024-06-10,CUST00512
ORD002104,2025-06-12,CUST00267
ORD002105,2025-08-31,CUST00841
ORD002106,2024-11-23,CUST00925
ORD002107,2025-05-04,CUST00274
ORD002108,2024-09-23,CUST00356
ORD002109,2025-12-04,CUST00671
ORD002110,2024-10-15,CUST00407
ORD002111,2024-03-27,CUST00849
ORD002112,2025-01-11,CUST00373
ORD002113,2025-02-06,CUST00773
ORD002114,2025-08-07,CUST00460
ORD002115,2024-01-22,CUST00048
ORD002116,2025-07-25,CUST00469
ORD002117,2024-04-01,CUST00948
ORD002118,2024-07-22,CUST00537
ORD002119,2025-12-19,CUST00346
ORD002120,2024-02-20,CUST00822
ORD002121,2025-09-24,CUST00879
ORD002122,2025-09-06,CUST00533
ORD002123,2024-06-01,CUST00183
ORD002124,2025-01-11,CUST00349
ORD002125,2025-08-03,CUST00241
ORD002126,2024-01-15,CUST01077
ORD002127,2025-03-21,CUST00930
ORD002128,2025-11-20,CUST01013
ORD002129,2024-05-01,CUST00460
ORD002130,2025-12-31,CUST00417
ORD002131,2024-07-14,CUST00546
ORD002132,2024-10-21,CUST01013
ORD002133,2025-01-26,CUST00267
ORD002134,2025-03-17,CUST00424
ORD002135,2025-09-06,CUST00442
ORD002136,2024-10-16,CUST00388
ORD002137,2025-03-04,CUST00370
ORD002138,2025-02-22,CUST00299
ORD002139,2024-01-30,CUST00595
ORD002140,2024-09-25,CUST00483
ORD002141,2025-09-24,CUST00924
ORD002142,2024-09-11,CUST00758
ORD002143,2025-08-19,CUST00939
ORD002144,2024-03-28,CUST00022
ORD002145,2025-04-25,CUST00273
ORD002146,2024-11-27,CUST00815
ORD002147,2025-12-04,CUST00435
ORD002148,2025-12-31,CUST00786
ORD002149,2025-12-26,CUST00867
ORD002150,2025-09-03,CUST00525
ORD002151,2024-03-15,CUST00196
ORD002152,2025-07-24,CUST00121
ORD002153,2024-02-23,CUST00682
ORD002154,2024-08-28,CUST00965
ORD002155,2024-12-28,CUST00094
ORD002156,2024-01-06,CUST00520
ORD002157,2025-05-31,CUST00781
ORD002158,2024-11-05,CUST00809
ORD002159,2025-11-18,CUST00760
ORD002160,2024-05-15,CUST01146
ORD002161,2024-02-12,CUST01189
ORD002162,2024-07-02,CUST00534
ORD002163,2024-06-22,CUST01032
ORD002164,2025-05-19,CUST00695
ORD002165,2025-04-24,CUST00271
ORD002166,2024-04-01,CUST00650
ORD002167,2025-12-28,CUST01087
ORD002168,2025-03-19,CUST00291
ORD002169,2024-09-23,CUST00240
ORD002170,2024-11-16,CUST00091
ORD002171,2024-05-10,CUST01023
ORD002172,2024-10-14,CUST00739
ORD002173,2025-03-16,CUST00580
ORD002174,2024-09-26,CUST00541
ORD002175,2025-06-13,CUST00642
ORD002176,2025-03-22,CUST00338
ORD002177,2024-11-19,CUST01007
ORD002178,2024-06-03,CUST01139
ORD002179,2025-11-04,CUST00902
ORD002180,2024-02-24,CUST00387
ORD002181,2024-06-01,CUST00112
ORD002182,2024-08-23,CUST00376
ORD002183,2024-02-06,CUST00964
ORD002184,2024-09-23,CUST00335
ORD002185,2025-12-23,CUST00957
ORD002186,2025-03-22,CUST00238
ORD002187,2025-05-21,CUST00084
ORD002188,2025-03-28,CUST00731
ORD002189,2025-12-27,CUST01149
ORD002190,2025-05-11,CUST00938
ORD002191,2025-05-19,CUST00231
ORD002192,2024-05-31,CUST00254
ORD002193,2024-12-23,CUST00192
ORD002194,2024-07-27,CUST00582
ORD002195,2024-07-03,CUST00345
ORD002196,2025-06-04,CUST00559
ORD002197,2025-07-30,CUST01200
ORD002198,2024-08-05,CUST01196
ORD002199,2024-01-05,CUST01078
ORD002200,2025-08-07,CUST00370
ORD002201,2025-03-02,CUST00158
ORD002202,2024-09-09,CUST01021
ORD002203,2025-11-24,CUST00194
ORD002204,2024-12-02,CUST00054
ORD002205,2024-10-18,CUST00250
ORD002206,2025-02-07,CUST00766
ORD002207,2025-08-27,CUST00218
ORD002208,2024-11-27,CUST00315
ORD002209,2024-01-30,CUST00167
ORD002210,2025-04-16,CUST00983
ORD002211,2025-04-09,CUST00552
ORD002212,2025-08-31,CUST00012
ORD002213,2024-12-03,CUST00090
ORD002214,2025-11-02,CUST00928
ORD002215,2024-11-28,CUST01166
ORD002216,2024-05-12,CUST00433
ORD002217,2024-02-19,CUST00580
ORD002218,2024-11-26,CUST00114
ORD002219,2024-03-13,CUST01121
ORD002220,2025-09-08,CUST00782
ORD002221,2024-04-04,CUST00817
ORD002222,2024-09-18,CUST00365
ORD002223,2024-09-02,CUST00817
ORD002224,2024-04-01,CUST00043
ORD002225,2024-08-01,CUST00334
ORD002226,2025-02-01,CUST00825
ORD002227,2024-10-18,CUST00316
ORD002228,2024-05-03,CUST00612
ORD002229,2025-05-17,CUST00886
ORD002230,2024-11-13,CUST00269
ORD002231,2025-01-02,CUST00197
ORD002232,2025-01-11,CUST01050
ORD002233,2024-07-23,CUST01003
ORD002234,2025-04-01,CUST00795
ORD002235,2025-05-02,CUST00550
ORD002236,2025-07-30,CUST00867
ORD002237,2024-04-02,CUST00866
ORD002238,2025-01-12,CUST00382
ORD002239,2025-03-20,CUST00873
ORD002240,2024-04-05,CUST00083
ORD002241,2025-06-09,CUST00700
ORD002242,2025-04-19,CUST00460
ORD002243,2025-10-25,CUST00318
ORD002244,2025-05-22,CUST01080
ORD002245,2025-10-06,CUST01075
ORD002246,2024-03-26,CUST00596
ORD002247,2025-04-24,CUST00896
ORD002248,2024-03-22,CUST00979
ORD002249,2024-11-03,CUST00305
ORD002250,2024-05-10,CUST00616
ORD002251,2024-09-11,CUST01072
ORD002252,2025-03-13,CUST00606
ORD002253,2025-08-05,CUST00098
ORD002254,2025-07-18,CUST00157
ORD002255,2024-02-16,CUST01052
ORD002256,2024-04-20,CUST01046
ORD002257,2025-03-11,CUST00846
ORD002258,2024-04-06,CUST00952
ORD002259,2025-11-07,CUST01165
ORD002260,2024-09-16,CUST00728
ORD002261,2024-09-17,CUST01200
ORD002262,2024-03-24,CUST01032
ORD002263,2024-01-17,CUST00234
ORD002264,2025-11-08,CUST00948
ORD002265,2024-07-02,CUST00374
ORD002266,2025-02-06,CUST00093
ORD002267,2024-03-26,CUST00853
ORD002268,2025-12-22,CUST00610
ORD002269,2024-11-17,CUST00932
ORD002270,2025-11-17,CUST00922
ORD002271,2025-09-30,CUST00543
ORD002272,2024-12-15,CUST00384
ORD002273,2024-08-04,CUST00380
ORD002274,2024-03-21,CUST00532
ORD002275,2025-11-20,CUST00218
ORD002276,2025-03-20,CUST01095
ORD002277,2024-01-19,CUST00012
ORD002278,2025-02-08,CUST00239
ORD002279,2024-01-14,CUST00352
ORD002280,2025-11-02,CUST00978
ORD002281,2025-04-16,CUST00830
ORD002282,2025-11-04,CUST00997
ORD002283,2024-11-06,CUST00739
ORD002284,2025-12-08,CUST00809
ORD002285,2024-11-05,CUST00180
ORD002286,2024-05-08,CUST00277
ORD002287,2024-01-15,CUST00391
ORD002288,2024-04-24,CUST00033
ORD002289,2025-12-13,CUST00386
ORD002290,2024-01-28,CUST00429
ORD002291,2025-05-07,CUST00298
ORD002292,2025-10-27,CUST00496
ORD002293,2025-03-22,CUST01104
ORD002294,2024-07-14,CUST00177
ORD002295,2024-11-04,CUST00950
ORD002296,2024-05-31,CUST00971
ORD002297,2025-03-08,CUST00045
ORD002298,2024-04-29,CUST00341
ORD002299,2024-06-05,CUST00912
ORD002300,2025-05-11,CUST00966
ORD002301,2024-01-21,CUST00921
ORD002302,2025-08-22,CUST00497
ORD002303,2024-07-25,CUST00604
ORD002304,2025-08-06,CUST00803
ORD002305,2024-02-22,CUST00684
ORD002306,2024-01-09,CUST00211
ORD002307,2025-10-07,CUST00885
ORD002308,2025-03-01,CUST01016
ORD002309,2025-08-15,CUST01136
ORD002310,2024-10-24,CUST00076
ORD002311,2025-05-14,CUST00819
ORD002312,2025-05-12,CUST01052
ORD002313,2025-08-28,CUST01000
ORD002314,2024-08-25,CUST00125
ORD002315,2025-06-24,CUST00039
ORD002316,2025-03-08,CUST01181
ORD002317,2024-11-19,CUST01134
ORD002318,2024-03-06,CUST00549
ORD002319,2025-10-25,CUST00855
ORD002320,2025-04-29,CUST00240
ORD002321,2025-05-21,CUST00711
ORD002322,2025-04-04,CUST00894
ORD002323,2024-01-22,CUST00331
ORD002324,2024-10-21,CUST00394
ORD002325,2025-04-25,CUST00705
ORD002326,2025-03-24,CUST00476
ORD002327,2025-06-03,CUST00450
ORD002328,2025-08-24,CUST00695
ORD002329,2025-09-08,CUST00960
ORD002330,2024-05-14,CUST00601
ORD002331,2025-12-29,CUST00800
ORD002332,2025-03-02,CUST00738
ORD002333,2025-04-28,CUST00332
ORD002334,2025-09-28,CUST00425
ORD002335,2024-10-16,CUST00177
ORD002336,2025-11-14,CUST00989
ORD002337,2024-05-12,CUST00355
ORD002338,2024-07-23,CUST00321
ORD002339,2025-09-12,CUST01008
ORD002340,2024-04-13,CUST00852
ORD002341,2025-05-20,CUST00622
ORD002342,2024-08-28,CUST00429
ORD002343,2025-07-24,CUST00097
ORD002344,2024-01-19,CUST00735
ORD002345,2024-09-24,CUST00732
ORD002346,2025-11-24,CUST00325
ORD002347,2024-06-27,CUST01032
ORD002348,2024-02-02,CUST00131
ORD002349,2024-12-11,CUST00882
ORD002350,2024-04-26,CUST00465
ORD002351,2024-05-03,CUST01151
ORD002352,2024-08-17,CUST00997
ORD002353,2024-09-21,CUST00697
ORD002354,2024-12-29,CUST00096
ORD002355,2025-07-24,CUST00548
ORD002356,2024-06-03,CUST01056
ORD002357,2025-09-10,CUST00214
ORD002358,2025-12-24,CUST00104
ORD002359,2025-03-24,CUST00937
ORD002360,2024-04-23,CUST00217
ORD002361,2025-09-17,CUST00209
ORD002362,2025-07-29,CUST00086
ORD002363,2025-06-03,CUST00216
ORD002364,2024-06-20,CUST00242
ORD002365,2024-07-29,CUST00741
ORD002366,2024-06-09,CUST00599
ORD002367,2025-12-26,CUST00905
ORD002368,2025-06-02,CUST01021
ORD002369,2024-04-11,CUST00316
ORD002370,2025-10-24,CUST00745
ORD002371,2024-12-08,CUST00283
ORD002372,2024-05-05,CUST00414
ORD002373,2025-03-25,CUST00852
ORD002374,2024-01-07,CUST00503
ORD002375,2025-04-30,CUST00700
ORD002376,2024-10-20,CUST01035
ORD002377,2024-06-24,CUST00175
ORD002378,2024-09-29,CUST00763
ORD002379,2025-02-28,CUST00739
ORD002380,2025-10-06,CUST00503
ORD002381,2024-06-04,CUST01085
ORD002382,2025-03-07,CUST00468
ORD002383,2024-05-21,CUST00879
ORD002384,2025-02-27,CUST00839
ORD002385,2025-04-14,CUST01058
ORD002386,2025-11-29,CUST00741
ORD002387,2024-01-31,CUST00907
ORD002388,2024-05-29,CUST00021
ORD002389,2025-06-13,CUST00143
ORD002390,2024-03-27,CUST00693
ORD002391,2024-11-18,CUST00823
ORD002392,2024-06-17,CUST00889
ORD002393,2024-03-03,CUST00806
ORD002394,2024-02-07,CUST00310
ORD002395,2025-08-11,CUST00119
ORD002396,2025-10-08,CUST01065
ORD002397,2024-10-29,CUST00859
ORD002398,2025-02-15,CUST01134
ORD002399,2024-11-07,CUST00643
ORD002400,2024-12-18,CUST00017
ORD002401,2024-10-13,CUST01081
ORD002402,2025-09-17,CUST00301
ORD002403,2025-12-18,CUST00828
ORD002404,2025-04-01,CUST00421
ORD002405,2025-07-11,CUST00906
ORD002406,2025-12-15,CUST00708
ORD002407,2025-10-26,CUST00829
ORD002408,2024-07-21,CUST00618
ORD002409,2024-03-27,CUST00076
ORD002410,2025-07-04,CUST00686
ORD002411,2025-02-03,CUST00259
ORD002412,2025-06-16,CUST01108
ORD002413,2024-10-17,CUST00438
ORD002414,2024-04-05,CUST01048
ORD002415,2025-07-19,CUST00640
ORD002416,2025-06-17,CUST00698
ORD002417,2025-10-12,CUST00328
ORD002418,2024-01-24,CUST00058
ORD002419,2025-07-06,CUST00530
ORD002420,2024-09-04,CUST00623
ORD002421,2025-03-08,CUST01035
ORD002422,2024-04-23,CUST00123
ORD002423,2025-01-16,CUST00532
ORD002424,2025-10-04,CUST01040
ORD002425,2024-12-28,CUST00254
ORD002426,2024-02-18,CUST00256
ORD002427,2025-04-04,CUST00611
ORD002428,2025-08-09,CUST00011
ORD002429,2025-04-09,CUST00695
ORD002430,2024-08-29,CUST01192
ORD002431,2025-08-02,CUST01093
ORD002432,2025-09-01,CUST00479
ORD002433,2024-12-24,CUST00613
ORD002434,2024-10-18,CUST01174
ORD002435,2025-11-19,CUST00287
ORD002436,2025-01-21,CUST01065
ORD002437,2024-09-10,CUST00216
ORD002438,2024-12-01,CUST01058
ORD002439,2025-08-19,CUST00395
ORD002440,2025-01-04,CUST00931
ORD002441,2024-04-10,CUST00301
ORD002442,2025-12-29,CUST00872
ORD002443,2025-02-25,CUST00168
ORD002444,2024-04-04,CUST00128
ORD002445,2025-03-11,CUST00267
ORD002446,2025-05-02,CUST00440
ORD002447,2025-04-01,CUST00160
ORD002448,2025-01-13,CUST01078
ORD002449,2025-02-16,CUST01145
ORD002450,2025-06-15,CUST00809
ORD002451,2024-09-27,CUST01197
ORD002452,2025-05-25,CUST00868
ORD002453,2025-03-26,CUST01003
ORD002454,2025-03-02,CUST00334
ORD002455,2024-05-27,CUST01036
ORD002456,2024-05-10,CUST00993
ORD002457,2025-12-29,CUST00938
ORD002458,2024-05-12,CUST01052
ORD002459,2025-06-25,CUST00242
ORD002460,2025-12-12,CUST00436
ORD002461,2025-04-11,CUST00970
ORD002462,2024-02-03,CUST00322
ORD002463,2025-07-26,CUST00757
ORD002464,2024-05-01,CUST00837
ORD002465,2024-04-22,CUST00248
ORD002466,2025-01-13,CUST01171
ORD002467,2024-10-23,CUST00083
ORD002468,2025-06-19,CUST00314
ORD002469,2024-04-30,CUST00761
ORD002470,2024-11-08,CUST00767
ORD002471,2024-11-06,CUST00603
ORD002472,2025-05-12,CUST00058
ORD002473,2024-05-26,CUST00292
ORD002474,2025-08-26,CUST00864
ORD002475,2024-02-19,CUST00625
ORD002476,2024-10-17,CUST00442
ORD002477,2024-07-06,CUST01002
ORD002478,2024-01-03,CUST00251
ORD002479,2025-07-14,CUST00715
ORD002480,2024-03-10,CUST00092
ORD002481,2025-03-03,CUST00986
ORD002482,2025-08-09,CUST00635
ORD002483,2025-08-02,CUST00927
ORD002484,2024-12-11,CUST00773
ORD002485,2025-05-01,CUST00272
ORD002486,2024-05-21,CUST01034
ORD002487,2025-10-13,CUST00944
ORD002488,2025-04-05,CUST00920
ORD002489,2024-06-01,CUST00667
ORD002490,2024-04-01,CUST00839
ORD002491,2025-01-31,CUST00477
ORD002492,2025-02-08,CUST00695
ORD002493,2025-07-07,CUST00094
ORD002494,2025-11-17,CUST00908
ORD002495,2024-10-11,CUST00182
ORD002496,2024-06-18,CUST00051
ORD002497,2025-08-08,CUST00633
ORD002498,2025-07-28,CUST00254
ORD002499,2025-10-21,CUST01146
ORD002500,2024-03-28,CUST00395
ORD002501,2025-09-25,CUST01110
ORD002502,2025-08-13,CUST00109
ORD002503,2025-08-06,CUST01069
ORD002504,2024-07-12,CUST00975
ORD002505,2025-05-29,CUST00039
ORD002506,2024-05-03,CUST01090
ORD002507,2024-07-03,CUST00039
ORD002508,2024-10-08,CUST00422
ORD002509,2024-09-08,CUST01187
ORD002510,2025-03-30,CUST00174
ORD002511,2025-06-30,CUST00657
ORD002512,2025-02-15,CUST00093
ORD002513,2025-05-18,CUST00048
ORD002514,2024-12-14,CUST00896
ORD002515,2024-07-03,CUST00850
ORD002516,2024-01-25,CUST01082
ORD002517,2024-11-20,CUST00783
ORD002518,2024-09-20,CUST00187
ORD002519,2024-04-27,CUST00204
ORD002520,2025-07-08,CUST00345
ORD002521,2024-10-19,CUST00295
ORD002522,2024-07-06,CUST00524
ORD002523,2024-04-01,CUST00316
ORD002524,2024-11-10,CUST00835
ORD002525,2025-11-25,CUST00347
ORD002526,2024-03-01,CUST00667
ORD002527,2024-07-04,CUST00056
ORD002528,2025-12-31,CUST00120
ORD002529,2024-11-01,CUST00799
ORD002530,2024-04-11,CUST00656
ORD002531,2024-05-25,CUST00846
ORD002532,2024-11-27,CUST00529
ORD002533,2025-01-19,CUST00248
ORD002534,2024-02-23,CUST00415
ORD002535,2024-09-02,CUST00485
ORD002536,2025-05-19,CUST01042
ORD002537,2025-05-31,CUST00789
ORD002538,2024-04-27,CUST00552
ORD002539,2024-03-03,CUST00652
ORD002540,2025-04-20,CUST01133
ORD002541,2025-02-20,CUST00135
ORD002542,2025-05-10,CUST00060
ORD002543,2025-02-21,CUST00479
ORD002544,2024-01-20,CUST00552
ORD002545,2025-07-21,CUST00208
ORD002546,2024-09-09,CUST01137
ORD002547,2025-10-29,CUST00258
ORD002548,2024-11-07,CUST01164
ORD002549,2025-02-20,CUST00914
ORD002550,2024-03-26,CUST01025
ORD002551,2024-07-27,CUST00292
ORD002552,2025-01-17,CUST01107
ORD002553,2024-06-21,CUST00503
ORD002554,2025-07-04,CUST00868
ORD002555,2025-07-22,CUST00926
ORD002556,2024-02-12,CUST00003
ORD002557,2025-04-20,CUST00593
ORD002558,2025-10-30,CUST00343
ORD002559,2024-01-01,CUST00124
ORD002560,2025-05-08,CUST00560
ORD002561,2025-09-04,CUST00514
ORD002562,2025-11-27,CUST00779
ORD002563,2024-12-25,CUST00436
ORD002564,2025-08-22,CUST01046
ORD002565,2024-10-15,CUST00094
ORD002566,2024-06-14,CUST01094
ORD002567,2025-07-30,CUST00144
ORD002568,2024-11-03,CUST00184
ORD002569,2025-02-08,CUST00252
ORD002570,2024-05-23,CUST01140
ORD002571,2024-10-13,CUST00885
ORD002572,2024-08-03,CUST01034
ORD002573,2024-11-21,CUST00702
ORD002574,2025-10-12,CUST00536
ORD002575,2025-12-25,CUST00928
ORD002576,2024-10-06,CUST00504
ORD002577,2025-11-09,CUST00659
ORD002578,2024-12-15,CUST00432
ORD002579,2025-04-15,CUST00673
ORD002580,2024-01-17,CUST00274
ORD002581,2025-10-23,CUST00005
ORD002582,2025-09-15,CUST00976
ORD002583,2024-01-05,CUST00020
ORD002584,2025-11-19,CUST00356
ORD002585,2025-02-27,CUST01139
ORD002586,2025-12-14,CUST01002
ORD002587,2025-02-06,CUST01103
ORD002588,2024-03-24,CUST00159
ORD002589,2025-07-05,CUST00064
ORD002590,2025-11-18,CUST00912
ORD002591,2025-11-19,CUST00253
ORD002592,2024-12-27,CUST00771
ORD002593,2025-09-07,CUST00734
ORD002594,2025-01-31,CUST00363
ORD002595,2025-12-14,CUST00018
ORD002596,2024-05-07,CUST00948
ORD002597,2025-01-14,CUST00396
ORD002598,2025-03-31,CUST00020
ORD002599,2024-08-14,CUST00041
ORD002600,2024-10-14,CUST00733
ORD002601,2024-07-15,CUST00185
ORD002602,2025-09-20,CUST00621
ORD002603,2024-08-14,CUST00480
ORD002604,2025-05-20,CUST00744
ORD002605,2024-02-07,CUST00575
ORD002606,2025-05-19,CUST00429
ORD002607,2024-01-08,CUST00402
ORD002608,2025-10-15,CUST00812
ORD002609,2024-04-23,CUST00569
ORD002610,2025-08-05,CUST01025
ORD002611,2025-05-20,CUST00350
ORD002612,2025-07-19,CUST00397
ORD002613,2025-11-06,CUST01159
ORD002614,2025-11-19,CUST01158
ORD002615,2024-06-28,CUST00134
ORD002616,2025-08-25,CUST00263
ORD002617,2024-03-07,CUST00261
ORD002618,2024-09-22,CUST01168
ORD002619,2024-08-21,CUST01072
ORD002620,2024-10-07,CUST00393
ORD002621,2025-11-25,CUST00048
ORD002622,2025-12-10,CUST01092
ORD002623,2025-09-21,CUST00518
ORD002624,2025-11-28,CUST01148
ORD002625,2025-04-09,CUST00005
ORD002626,2025-03-13,CUST00107
ORD002627,2024-11-26,CUST00886
ORD002628,2025-02-20,CUST00562
ORD002629,2024-05-04,CUST01062
ORD002630,2025-04-22,CUST01015
ORD002631,2025-01-05,CUST01060
ORD002632,2024-02-14,CUST00460
ORD002633,2024-02-18,CUST00570
ORD002634,2025-03-06,CUST01091
ORD002635,2025-04-04,CUST00648
ORD002636,2024-01-06,CUST00803
ORD002637,2024-07-18,CUST00686
ORD002638,2024-03-24,CUST01172
ORD002639,2024-01-26,CUST00463
ORD002640,2025-12-07,CUST00868
ORD002641,2024-03-17,CUST00512
ORD002642,2024-07-20,CUST00337
ORD002643,2024-12-03,CUST00637
ORD002644,2024-03-05,CUST00199
ORD002645,2024-01-29,CUST00983
ORD002646,2025-03-18,CUST00050
ORD002647,2025-08-29,CUST00685
ORD002648,2024-09-13,CUST00507
ORD002649,2024-04-20,CUST00970
ORD002650,2024-09-01,CUST00698
ORD002651,2024-02-25,CUST00684
ORD002652,2025-06-16,CUST00485
ORD002653,2024-03-15,CUST00899
ORD002654,2024-04-07,CUST00915
ORD002655,2025-08-15,CUST00256
ORD002656,2024-03-28,CUST00125
ORD002657,2024-02-04,CUST00773
ORD002658,2024-11-16,CUST00134
ORD002659,2024-05-10,CUST00127
ORD002660,2025-03-28,CUST00113
ORD002661,2024-11-04,CUST00885
ORD002662,2024-03-08,CUST00209
ORD002663,2025-11-24,CUST00115
ORD002664,2025-07-26,CUST00107
ORD002665,2024-10-28,CUST00782
ORD002666,2025-02-15,CUST00197
ORD002667,2025-09-24,CUST00842
ORD002668,2024-08-26,CUST00022
ORD002669,2025-04-09,CUST00787
ORD002670,2025-04-20,CUST00877
ORD002671,2025-09-27,CUST00208
ORD002672,2024-12-13,CUST00054
ORD002673,2025-04-09,CUST01060
ORD002674,2024-12-02,CUST00395
ORD002675,2024-04-20,CUST00211
ORD002676,2024-01-13,CUST00139
ORD002677,2025-08-30,CUST00397
ORD002678,2025-08-09,CUST00259
ORD002679,2025-10-14,CUST01043
ORD002680,2024-09-19,CUST00728
ORD002681,2025-03-07,CUST00986
ORD002682,2025-09-27,CUST00911
ORD002683,2024-07-09,CUST00498
ORD002684,2024-05-20,CUST00091
ORD002685,2024-03-02,CUST00262
ORD002686,2024-11-15,CUST01198
ORD002687,2025-03-22,CUST01051
ORD002688,2025-10-29,CUST00733
ORD002689,2024-11-14,CUST01196
ORD002690,2025-07-08,CUST00299
ORD002691,2024-05-30,CUST00962
ORD002692,2024-11-12,CUST00703
ORD002693,2024-10-25,CUST00756
ORD002694,2024-01-09,CUST01061
ORD002695,2025-08-23,CUST00297
ORD002696,2024-02-28,CUST00487
ORD002697,2025-06-03,CUST01146
ORD002698,2024-02-25,CUST00865
ORD002699,2024-12-18,CUST00401
ORD002700,2024-07-24,CUST00413
ORD002701,2024-03-11,CUST00700
ORD002702,2024-07-12,CUST00975
ORD002703,2025-12-12,CUST00958
ORD002704,2025-09-06,CUST00679
ORD002705,2025-08-15,CUST01160
ORD002706,2024-12-09,CUST00614
ORD002707,2025-03-04,CUST00674
ORD002708,2024-06-15,CUST00215
ORD002709,2025-04-10,CUST00087
ORD002710,2025-05-22,CUST00450
ORD002711,2024-01-04,CUST00457
ORD002712,2025-12-10,CUST00472
ORD002713,2025-04-22,CUST00437
ORD002714,2024-09-01,CUST00985
ORD002715,2024-12-05,CUST00770
ORD002716,2024-07-29,CUST00820
ORD002717,2024-07-07,CUST00014
ORD002718,2025-01-06,CUST00021
ORD002719,2024-03-16,CUST00733
ORD002720,2024-01-31,CUST01137
ORD002721,2024-04-27,CUST00292
ORD002722,2024-10-24,CUST00902
ORD002723,2024-07-18,CUST01200
ORD002724,2025-01-03,CUST00090
ORD002725,2024-01-31,CUST00408
ORD002726,2024-07-21,CUST00582
ORD002727,2024-06-27,CUST00449
ORD002728,2024-09-25,CUST00357
ORD002729,2024-12-13,CUST01136
ORD002730,2024-09-08,CUST00366
ORD002731,2024-07-19,CUST00045
ORD002732,2024-06-29,CUST00537
ORD002733,2024-04-13,CUST00043
ORD002734,2025-11-24,CUST00282
ORD002735,2025-01-23,CUST00228
ORD002736,2024-12-12,CUST00431
ORD002737,2024-11-08,CUST00935
ORD002738,2024-09-02,CUST00758
ORD002739,2025-01-16,CUST00351
ORD002740,2025-06-23,CUST00889
ORD002741,2025-12-29,CUST00134
ORD002742,2024-05-01,CUST00296
ORD002743,2024-05-13,CUST00389
ORD002744,2024-07-15,CUST01091
ORD002745,2025-01-22,CUST00767
ORD002746,2024-11-21,CUST00880
ORD002747,2025-10-13,CUST00501
ORD002748,2024-02-17,CUST00388
ORD002749,2025-07-02,CUST00603
ORD002750,2024-06-01,CUST00672
ORD002751,2024-09-10,CUST00110
ORD002752,2025-10-06,CUST00574
ORD002753,2024-05-09,CUST01041
ORD002754,2025-08-21,CUST01002
ORD002755,2024-08-02,CUST00167
ORD002756,2025-04-26,CUST00133
ORD002757,2024-06-20,CUST01042
ORD002758,2025-02-01,CUST01043
ORD002759,2025-01-18,CUST01022
ORD002760,2025-06-15,CUST00951
ORD002761,2024-07-02,CUST00660
ORD002762,2025-12-30,CUST00766
ORD002763,2025-06-22,CUST00990
ORD002764,2025-05-21,CUST00971
ORD002765,2024-10-01,CUST01191
ORD002766,2025-02-14,CUST01196
ORD002767,2025-10-27,CUST00075
ORD002768,2024-07-31,CUST00450
ORD002769,2024-07-26,CUST00926
ORD002770,2024-08-28,CUST00811
ORD002771,2024-08-11,CUST00627
ORD002772,2025-03-11,CUST00773
ORD002773,2025-08-08,CUST00322
ORD002774,2025-01-18,CUST00522
ORD002775,2025-07-17,CUST00174
ORD002776,2024-05-17,CUST00173
ORD002777,2024-10-29,CUST00911
ORD002778,2025-06-15,CUST00721
ORD002779,2024-08-23,CUST01196
ORD002780,2024-02-12,CUST00953
ORD002781,2025-06-08,CUST00689
ORD002782,2025-03-12,CUST00924
ORD002783,2025-04-23,CUST00886
ORD002784,2025-02-22,CUST00753
ORD002785,2025-05-24,CUST00650
ORD002786,2024-10-06,CUST00784
ORD002787,2024-01-26,CUST00368
ORD002788,2025-03-28,CUST00479
ORD002789,2024-09-28,CUST00156
ORD002790,2025-01-02,CUST00169
ORD002791,2024-10-28,CUST01028
ORD002792,2025-06-09,CUST01120
ORD002793,2025-10-21,CUST00161
ORD002794,2024-10-10,CUST00467
ORD002795,2024-04-10,CUST00243
ORD002796,2024-03-14,CUST00738
ORD002797,2024-02-09,CUST01119
ORD002798,2024-07-24,CUST00684
ORD002799,2024-07-20,CUST00675
ORD002800,2024-09-13,CUST00620
ORD002801,2025-11-30,CUST00563
ORD002802,2024-07-14,CUST00283
ORD002803,2025-07-10,CUST00535
ORD002804,2024-01-09,CUST00614
ORD002805,2024-10-15,CUST00710
ORD002806,2025-02-17,CUST00831
ORD002807,2025-08-16,CUST00025
ORD002808,2025-04-28,CUST01050
ORD002809,2024-06-01,CUST00815
ORD002810,2024-08-21,CUST00465
ORD002811,2024-08-02,CUST00972
ORD002812,2024-08-27,CUST01057
ORD002813,2025-08-24,CUST01132
ORD002814,2025-04-24,CUST00945
ORD002815,2024-12-14,CUST00176
ORD002816,2024-11-16,CUST00385
ORD002817,2025-03-15,CUST00856
ORD002818,2024-08-02,CUST00899
ORD002819,2025-04-05,CUST01144
ORD002820,2024-01-31,CUST00768
ORD002821,2024-05-22,CUST01183
ORD002822,2024-05-11,CUST00626
ORD002823,2024-01-10,CUST01024
ORD002824,2025-11-05,CUST00727
ORD002825,2024-12-13,CUST00462
ORD002826,2025-03-05,CUST00872
ORD002827,2025-12-03,CUST00827
ORD002828,2025-12-08,CUST01102
ORD002829,2024-11-02,CUST00668
ORD002830,2025-08-24,CUST00048
ORD002831,2025-08-04,CUST00066
ORD002832,2024-05-22,CUST00315
ORD002833,2024-12-04,CUST01164
ORD002834,2025-10-06,CUST01176
ORD002835,2025-02-04,CUST00781
ORD002836,2024-07-28,CUST00801
ORD002837,2024-03-06,CUST01095
ORD002838,2025-01-30,CUST00386
ORD002839,2025-05-01,CUST00223
ORD002840,2024-12-02,CUST01167
ORD002841,2025-04-07,CUST00624
ORD002842,2024-04-05,CUST00352
ORD002843,2024-04-16,CUST01133
ORD002844,2024-06-30,CUST00066
ORD002845,2025-12-06,CUST01001
ORD002846,2024-01-28,CUST00383
ORD002847,2024-07-22,CUST00143
ORD002848,2025-01-30,CUST00582
ORD002849,2024-07-29,CUST00478
ORD002850,2024-10-25,CUST01074
ORD002851,2024-03-12,CUST00932
ORD002852,2024-02-28,CUST00755
ORD002853,2025-06-14,CUST00023
ORD002854,2024-06-24,CUST00670
ORD002855,2025-02-24,CUST00801
ORD002856,2024-06-09,CUST00227
ORD002857,2024-05-12,CUST01099
ORD002858,2025-03-04,CUST00980
ORD002859,2024-03-11,CUST00797
ORD002860,2024-07-30,CUST00267
ORD002861,2024-07-29,CUST00635
ORD002862,2025-03-18,CUST00973
ORD002863,2024-06-11,CUST01178
ORD002864,2024-11-13,CUST00416
ORD002865,2025-05-29,CUST00940
ORD002866,2024-10-09,CUST00414
ORD002867,2024-01-08,CUST00293
ORD002868,2025-04-01,CUST00132
ORD002869,2025-02-12,CUST00506
ORD002870,2025-06-22,CUST00674
ORD002871,2025-08-05,CUST01006
ORD002872,2025-04-16,CUST00948
ORD002873,2025-08-12,CUST00081
ORD002874,2024-04-03,CUST00590
ORD002875,2025-10-23,CUST00935
ORD002876,2024-12-21,CUST00610
ORD002877,2025-02-04,CUST00359
ORD002878,2025-03-01,CUST00511
ORD002879,2024-07-02,CUST00885
ORD002880,2025-04-13,CUST00788
ORD002881,2025-11-05,CUST00376
ORD002882,2025-12-16,CUST01165
ORD002883,2024-04-07,CUST00806
ORD002884,2025-12-16,CUST00090
ORD002885,2024-09-02,CUST00324
ORD002886,2024-10-07,CUST01102
ORD002887,2024-10-25,CUST00137
ORD002888,2025-12-15,CUST00445
ORD002889,2025-05-20,CUST00843
ORD002890,2025-07-20,CUST00249
ORD002891,2025-01-12,CUST00157
ORD002892,2024-04-17,CUST01034
ORD002893,2024-11-29,CUST00840
ORD002894,2025-04-06,CUST00338
ORD002895,2024-09-15,CUST00425
ORD002896,2025-06-02,CUST00092
ORD002897,2025-04-18,CUST00055
ORD002898,2024-03-15,CUST00946
ORD002899,2025-01-25,CUST00704
ORD002900,2025-02-12,CUST00399
ORD002901,2025-02-10,CUST00078
ORD002902,2024-01-11,CUST00514
ORD002903,2024-04-27,CUST00280
ORD002904,2024-11-30,CUST00951
ORD002905,2025-05-11,CUST00945
ORD002906,2024-03-10,CUST00170
ORD002907,2025-07-15,CUST00497
ORD002908,2025-12-31,CUST00897
ORD002909,2024-05-23,CUST00965
ORD002910,2024-10-12,CUST00331
ORD002911,2024-06-23,CUST00037
ORD002912,2025-09-13,CUST00206
ORD002913,2024-06-30,CUST00603
ORD002914,2024-05-07,CUST01095
ORD002915,2025-02-04,CUST00345
ORD002916,2024-03-20,CUST00023
ORD002917,2025-11-24,CUST00560
ORD002918,2024-06-06,CUST00903
ORD002919,2025-01-01,CUST00365
ORD002920,2024-08-09,CUST00071
ORD002921,2025-11-22,CUST01091
ORD002922,2024-08-09,CUST00906
ORD002923,2025-12-14,CUST00098
ORD002924,2025-10-12,CUST01071
ORD002925,2025-10-18,CUST00211
ORD002926,2025-02-03,CUST00632
ORD002927,2025-03-30,CUST00108
ORD002928,2025-09-04,CUST00010
ORD002929,2024-02-19,CUST00773
ORD002930,2024-07-25,CUST00512
ORD002931,2025-01-18,CUST00489
ORD002932,2024-07-23,CUST00188
ORD002933,2024-01-17,CUST00864
ORD002934,2024-01-29,CUST00030
ORD002935,2024-12-11,CUST00394
ORD002936,2025-11-27,CUST00130
ORD002937,2024-08-13,CUST00198
ORD002938,2025-11-11,CUST00344
ORD002939,2024-06-20,CUST00091
ORD002940,2025-03-01,CUST01050
ORD002941,2024-04-20,CUST00670
ORD002942,2024-11-26,CUST01152
ORD002943,2025-10-03,CUST00389
ORD002944,2025-10-01,CUST00425
ORD002945,2025-07-08,CUST00810
ORD002946,2025-03-14,CUST00248
ORD002947,2024-08-25,CUST00438
ORD002948,2024-04-18,CUST00731
ORD002949,2024-11-27,CUST00356
ORD002950,2024-01-16,CUST00824
ORD002951,2025-10-31,CUST00648
ORD002952,2024-01-13,CUST00798
ORD002953,2024-08-05,CUST00940
ORD002954,2024-08-13,CUST00136
ORD002955,2025-11-04,CUST00571
ORD002956,2025-10-27,CUST00756
ORD002957,2024-02-14,CUST00138
ORD002958,2024-08-11,CUST00842
ORD002959,2024-11-04,CUST01024
ORD002960,2024-04-14,CUST01099
ORD002961,2025-08-05,CUST00352
ORD002962,2024-09-14,CUST00195
ORD002963,2025-09-06,CUST00665
ORD002964,2025-10-08,CUST00796
ORD002965,2025-11-25,CUST00273
ORD002966,2024-12-06,CUST00360
ORD002967,2025-10-12,CUST00652
ORD002968,2025-11-13,CUST00988
ORD002969,2024-03-10,CUST00687
ORD002970,2024-01-19,CUST01199
ORD002971,2025-04-04,CUST00784
ORD002972,2025-06-07,CUST00477
ORD002973,2025-05-30,CUST00028
ORD002974,2024-08-26,CUST00044
ORD002975,2025-09-23,CUST00255
ORD002976,2024-11-12,CUST00485
ORD002977,2025-03-14,CUST00499
ORD002978,2025-09-26,CUST00163
ORD002979,2024-03-02,CUST00282
ORD002980,2025-01-18,CUST01022
ORD002981,2024-10-30,CUST00414
ORD002982,2024-06-04,CUST00770
ORD002983,2024-07-28,CUST00078
ORD002984,2024-08-31,CUST00909
ORD002985,2024-12-02,CUST00275
ORD002986,2024-10-11,CUST00651
ORD002987,2025-10-21,CUST00082
ORD002988,2025-06-17,CUST00850
ORD002989,2025-10-25,CUST00591
ORD002990,2024-01-25,CUST00470
ORD002991,2024-12-05,CUST00702
ORD002992,2024-09-05,CUST00422
ORD002993,2025-07-06,CUST00111
ORD002994,2025-11-11,CUST00509
ORD002995,2025-12-04,CUST00456
ORD002996,2025-09-14,CUST00782
ORD002997,2025-06-17,CUST00659
ORD002998,2024-07-06,CUST00906
ORD002999,2025-10-06,CUST00013
ORD003000,2024-03-07,CUST01007
ORD003001,2024-03-12,CUST00395
ORD003002,2024-02-23,CUST00290
ORD003003,2024-07-28,CUST00258
ORD003004,2024-04-03,CUST00356
ORD003005,2025-08-29,CUST01125
ORD003006,2024-07-28,CUST00484
ORD003007,2025-06-03,CUST00161
ORD003008,2025-03-12,CUST00957
ORD003009,2024-11-14,CUST00337
ORD003010,2024-07-21,CUST00502
ORD003011,2025-03-10,CUST00362
ORD003012,2025-09-12,CUST00510
ORD003013,2024-11-06,CUST00585
ORD003014,2025-08-13,CUST00919
ORD003015,2025-10-12,CUST00413
ORD003016,2024-10-05,CUST00986
ORD003017,2024-03-22,CUST00737
ORD003018,2025-02-11,CUST00774
ORD003019,2024-06-20,CUST00965
ORD003020,2025-03-27,CUST00866
ORD003021,2025-06-01,CUST00888
ORD003022,2024-06-08,CUST00988
ORD003023,2024-01-21,CUST00782
ORD003024,2025-03-13,CUST00171
ORD003025,2024-11-03,CUST01101
ORD003026,2024-06-05,CUST01133
ORD003027,2024-06-28,CUST00527
ORD003028,2025-01-24,CUST00950
ORD003029,2024-11-09,CUST00929
ORD003030,2024-10-17,CUST00769
ORD003031,2025-07-29,CUST00985
ORD003032,2024-03-14,CUST00683
ORD003033,2024-05-19,CUST00962
ORD003034,2024-07-19,CUST00317
ORD003035,2024-07-13,CUST00009
ORD003036,2024-01-14,CUST01026
ORD003037,2025-01-18,CUST01007
ORD003038,2025-02-18,CUST00852
ORD003039,2025-02-08,CUST00765
ORD003040,2025-01-28,CUST01003
ORD003041,2024-11-11,CUST00146
ORD003042,2025-02-22,CUST00080
ORD003043,2024-05-07,CUST00789
ORD003044,2025-08-02,CUST00333
ORD003045,2024-07-17,CUST00894
ORD003046,2024-09-18,CUST00714
ORD003047,2025-06-05,CUST01001
ORD003048,2025-10-12,CUST00755
ORD003049,2025-12-14,CUST00119
ORD003050,2025-10-28,CUST00790
ORD003051,2025-03-10,CUST00506
ORD003052,2024-09-05,CUST00979
ORD003053,2024-02-05,CUST00741
ORD003054,2025-10-08,CUST00058
ORD003055,2025-12-15,CUST00303
ORD003056,2024-09-24,CUST00933
ORD003057,2025-11-28,CUST00302
ORD003058,2024-09-17,CUST00507
ORD003059,2025-09-08,CUST01185
ORD003060,2025-11-09,CUST00331
ORD003061,2024-01-13,CUST00240
ORD003062,2024-04-04,CUST00788
ORD003063,2025-02-11,CUST00165
ORD003064,2025-06-14,CUST00387
ORD003065,2025-03-09,CUST00340
ORD003066,2025-03-13,CUST00518
ORD003067,2025-12-09,CUST00619
ORD003068,2025-05-27,CUST01092
ORD003069,2025-11-05,CUST00784
ORD003070,2025-08-23,CUST00631
ORD003071,2025-02-25,CUST00183
ORD003072,2024-04-21,CUST01173
ORD003073,2024-12-18,CUST00293
ORD003074,2024-10-02,CUST00430
ORD003075,2025-02-11,CUST00631
ORD003076,2024-01-07,CUST00345
ORD003077,2025-05-18,CUST00004
ORD003078,2024-04-09,CUST00144
ORD003079,2025-12-14,CUST00856
ORD003080,2025-06-21,CUST00854
ORD003081,2025-11-01,CUST00591
ORD003082,2025-03-17,CUST00350
ORD003083,2024-06-29,CUST00768
ORD003084,2024-07-09,CUST00276
ORD003085,2024-07-21,CUST00997
ORD003086,2024-07-05,CUST01030
ORD003087,2024-04-22,CUST00923
ORD003088,2025-08-03,CUST00436
ORD003089,2024-07-09,CUST00412
ORD003090,2024-03-01,CUST00375
ORD003091,2024-07-15,CUST00532
ORD003092,2025-02-22,CUST00903
ORD003093,2025-10-03,CUST00224
ORD003094,2025-10-13,CUST00341
ORD003095,2024-03-22,CUST00601
ORD003096,2024-03-28,CUST00774
ORD003097,2024-05-07,CUST00567
ORD003098,2024-03-06,CUST00701
ORD003099,2024-01-31,CUST01200
ORD003100,2024-08-28,CUST00979
ORD003101,2025-05-11,CUST00207
ORD003102,2024-01-10,CUST00126
ORD003103,2024-09-29,CUST00015
ORD003104,2025-11-12,CUST01193
ORD003105,2024-02-12,CUST00199
ORD003106,2024-08-04,CUST01070
ORD003107,2024-01-08,CUST00770
ORD003108,2025-09-09,CUST01066
ORD003109,2024-09-29,CUST00996
ORD003110,2025-04-29,CUST00691
ORD003111,2025-09-10,CUST00880
ORD003112,2024-12-10,CUST00760
ORD003113,2025-11-29,CUST00703
ORD003114,2024-11-18,CUST00491
ORD003115,2025-01-04,CUST00817
ORD003116,2025-01-22,CUST00118
ORD003117,2024-12-30,CUST00677
ORD003118,2024-04-12,CUST00007
ORD003119,2025-04-12,CUST00823
ORD003120,2024-05-22,CUST00053
ORD003121,2025-09-08,CUST00252
ORD003122,2025-06-27,CUST00573
ORD003123,2025-12-17,CUST00510
ORD003124,2025-01-12,CUST00926
ORD003125,2025-09-25,CUST00974
ORD003126,2025-06-11,CUST00847
ORD003127,2025-11-07,CUST00385
ORD003128,2024-01-04,CUST00660
ORD003129,2024-01-18,CUST00738
ORD003130,2024-02-16,CUST00667
ORD003131,2025-11-25,CUST00910
ORD003132,2024-08-27,CUST00993
ORD003133,2025-02-13,CUST00167
ORD003134,2024-12-22,CUST00877
ORD003135,2025-05-02,CUST00206
ORD003136,2025-01-29,CUST00602
ORD003137,2025-09-13,CUST00400
ORD003138,2025-12-30,CUST00294
ORD003139,2025-06-16,CUST01172
ORD003140,2025-05-31,CUST00066
ORD003141,2024-05-10,CUST01020
ORD003142,2024-03-30,CUST00618
ORD003143,2025-11-20,CUST01124
ORD003144,2025-04-23,CUST00345
ORD003145,2025-04-01,CUST00237
ORD003146,2025-05-08,CUST01108
ORD003147,2024-09-03,CUST00499
ORD003148,2024-08-04,CUST00350
ORD003149,2025-11-06,CUST00184
ORD003150,2024-04-18,CUST00891
ORD003151,2024-01-30,CUST00329
ORD003152,2024-11-30,CUST00786
ORD003153,2024-10-14,CUST00452
ORD003154,2024-09-20,CUST00976
ORD003155,2025-11-17,CUST00253
ORD003156,2025-11-12,CUST00279
ORD003157,2025-07-01,CUST01008
ORD003158,2024-04-02,CUST00682
ORD003159,2024-08-17,CUST01180
ORD003160,2025-09-07,CUST00133
ORD003161,2025-10-21,CUST00703
ORD003162,2025-01-21,CUST00782
ORD003163,2025-10-31,CUST01151
ORD003164,2025-03-23,CUST00478
ORD003165,2024-08-16,CUST00531
ORD003166,2024-04-28,CUST00596
ORD003167,2024-03-30,CUST00229
ORD003168,2024-04-01,CUST00697
ORD003169,2025-08-29,CUST00386
ORD003170,2024-04-28,CUST01174
ORD003171,2025-01-11,CUST00261
ORD003172,2024-11-16,CUST00779
ORD003173,2025-08-13,CUST00004
ORD003174,2024-11-14,CUST00127
ORD003175,2025-08-27,CUST01097
ORD003176,2024-07-13,CUST00795
ORD003177,2025-03-09,CUST00655
ORD003178,2025-01-08,CUST00259
ORD003179,2025-06-16,CUST00455
ORD003180,2024-04-19,CUST00810
ORD003181,2024-01-10,CUST01103
ORD003182,2025-04-16,CUST00648
ORD003183,2024-05-28,CUST00608
ORD003184,2024-08-12,CUST01024
ORD003185,2025-11-27,CUST00934
ORD003186,2024-05-30,CUST00581
ORD003187,2024-05-29,CUST00071
ORD003188,2025-09-05,CUST00656
ORD003189,2024-11-12,CUST01029
ORD003190,2025-12-06,CUST00253
ORD003191,2024-10-07,CUST01176
ORD003192,2025-05-04,CUST00442
ORD003193,2025-05-21,CUST00597
ORD003194,2025-12-22,CUST00772
ORD003195,2024-03-01,CUST00683
ORD003196,2024-06-05,CUST00432
ORD003197,2024-08-18,CUST00108
ORD003198,2024-07-02,CUST00999
ORD003199,2025-02-05,CUST00613
ORD003200,2025-11-06,CUST00327
ORD003201,2024-01-23,CUST01123
ORD003202,2025-02-05,CUST00692
ORD003203,2025-03-08,CUST00970
ORD003204,2024-12-22,CUST00802
ORD003205,2025-02-04,CUST00148
ORD003206,2025-06-24,CUST00580
ORD003207,2024-10-16,CUST00400
ORD003208,2025-12-18,CUST01123
ORD003209,2025-02-07,CUST00200
ORD003210,2024-05-14,CUST00663
ORD003211,2025-08-17,CUST00111
ORD003212,2025-12-27,CUST00623
ORD003213,2025-04-13,CUST00336
ORD003214,2025-08-14,CUST00282
ORD003215,2025-03-28,CUST00989
ORD003216,2024-10-25,CUST00297
ORD003217,2024-08-02,CUST00447
ORD003218,2024-07-19,CUST00019
ORD003219,2025-01-05,CUST01179
ORD003220,2024-04-14,CUST00303
ORD003221,2025-01-20,CUST00875
ORD003222,2025-11-26,CUST00345
ORD003223,2024-02-27,CUST00197
ORD003224,2024-12-30,CUST00971
ORD003225,2024-07-02,CUST00108
ORD003226,2024-04-30,CUST01056
ORD003227,2025-10-27,CUST00694
ORD003228,2025-08-30,CUST00889
ORD003229,2024-06-01,CUST00828
ORD003230,2024-09-07,CUST00070
ORD003231,2024-05-01,CUST00494
ORD003232,2025-02-10,CUST01001
ORD003233,2024-11-05,CUST00354
ORD003234,2025-10-30,CUST00769
ORD003235,2025-12-09,CUST00184
ORD003236,2025-04-19,CUST00783
ORD003237,2024-10-08,CUST00912
ORD003238,2025-01-11,CUST00024
ORD003239,2024-05-02,CUST00239
ORD003240,2024-03-25,CUST00250
ORD003241,2025-05-15,CUST01044
ORD003242,2024-08-18,CUST00048
ORD003243,2025-08-23,CUST01174
ORD003244,2025-08-09,CUST00983
ORD003245,2024-10-07,CUST00194
ORD003246,2025-08-30,CUST00371
ORD003247,2025-01-28,CUST00992
ORD003248,2025-10-22,CUST00889
ORD003249,2024-11-01,CUST01171
ORD003250,2024-05-08,CUST00204
ORD003251,2024-11-29,CUST00131
ORD003252,2025-12-31,CUST01101
ORD003253,2024-07-08,CUST00831
ORD003254,2025-12-18,CUST00041
ORD003255,2025-02-07,CUST01139
ORD003256,2025-07-03,CUST01086
ORD003257,2025-05-15,CUST00131
ORD003258,2025-06-15,CUST01198
ORD003259,2025-07-05,CUST00255
ORD003260,2024-07-31,CUST00241
ORD003261,2024-07-04,CUST00369
ORD003262,2024-01-06,CUST01137
ORD003263,2025-04-02,CUST00644
ORD003264,2024-05-05,CUST00081
ORD003265,2024-05-11,CUST01178
ORD003266,2024-07-30,CUST00331
ORD003267,2024-03-30,CUST01152
ORD003268,2024-09-19,CUST00072
ORD003269,2024-03-27,CUST00256
ORD003270,2025-06-02,CUST00612
ORD003271,2025-01-07,CUST01115
ORD003272,2024-06-24,CUST00867
ORD003273,2025-11-04,CUST00001
ORD003274,2024-09-11,CUST00616
ORD003275,2024-02-17,CUST01064
ORD003276,2024-10-27,CUST01094
ORD003277,2025-03-31,CUST00287
ORD003278,2025-08-13,CUST01005
ORD003279,2025-12-12,CUST00641
ORD003280,2025-06-19,CUST00722
ORD003281,2025-09-12,CUST01103
ORD003282,2025-06-06,CUST00430
ORD003283,2025-12-05,CUST00203
ORD003284,2025-11-09,CUST00092
ORD003285,2024-08-30,CUST00076
ORD003286,2024-07-11,CUST00291
ORD003287,2024-11-02,CUST00441
ORD003288,2024-05-17,CUST01131
ORD003289,2024-08-09,CUST00736
ORD003290,2024-10-11,CUST00264
ORD003291,2025-09-29,CUST00865
ORD003292,2024-03-17,CUST01127
ORD003293,2024-09-18,CUST00534
ORD003294,2025-01-25,CUST00335
ORD003295,2025-02-13,CUST00935
ORD003296,2024-03-26,CUST00521
ORD003297,2025-11-23,CUST00872
ORD003298,2025-12-12,CUST00294
ORD003299,2025-07-02,CUST00418
ORD003300,2024-03-13,CUST00552
ORD003301,2025-10-10,CUST00395
ORD003302,2025-01-16,CUST01155
ORD003303,2025-11-04,CUST01048
ORD003304,2025-09-11,CUST00336
ORD003305,2025-03-05,CUST00315
ORD003306,2024-11-19,CUST00889
ORD003307,2025-01-23,CUST00054
ORD003308,2025-09-10,CUST00507
ORD003309,2024-03-20,CUST00554
ORD003310,2024-05-07,CUST01089
ORD003311,2024-04-22,CUST01124
ORD003312,2025-02-20,CUST00136
ORD003313,2024-12-03,CUST00183
ORD003314,2025-01-06,CUST00684
ORD003315,2024-10-06,CUST00300
ORD003316,2024-08-19,CUST00561
ORD003317,2024-01-11,CUST00201
ORD003318,2025-01-21,CUST00456
ORD003319,2025-01-22,CUST00216
ORD003320,2024-05-06,CUST00360
ORD003321,2025-06-23,CUST00628
ORD003322,2025-08-25,CUST01003
ORD003323,2024-04-07,CUST01084
ORD003324,2024-12-23,CUST01172
ORD003325,2024-10-15,CUST01130
ORD003326,2024-10-04,CUST00203
ORD003327,2024-02-19,CUST00350
ORD003328,2024-11-21,CUST00798
ORD003329,2024-07-04,CUST00707
ORD003330,2025-11-25,CUST01089
ORD003331,2025-07-18,CUST00825
ORD003332,2025-05-03,CUST00262
ORD003333,2024-09-22,CUST00020
ORD003334,2025-12-04,CUST01052
ORD003335,2025-12-31,CUST00319
ORD003336,2025-11-04,CUST00259
ORD003337,2024-05-26,CUST00776
ORD003338,2025-08-04,CUST00548
ORD003339,2024-02-24,CUST00759
ORD003340,2025-12-25,CUST00511
ORD003341,2025-11-25,CUST00857
ORD003342,2025-12-24,CUST00938
ORD003343,2024-07-06,CUST00899
ORD003344,2024-12-28,CUST00960
ORD003345,2025-05-29,CUST00588
ORD003346,2024-10-09,CUST00877
ORD003347,2025-06-17,CUST00469
ORD003348,2024-11-08,CUST00179
ORD003349,2024-11-08,CUST00833
ORD003350,2024-11-16,CUST00185
ORD003351,2025-10-11,CUST00163
ORD003352,2024-03-19,CUST00492
ORD003353,2024-04-05,CUST00339
ORD003354,2025-08-12,CUST00118
ORD003355,2024-03-27,CUST00586
ORD003356,2025-07-21,CUST01010
ORD003357,2024-01-11,CUST00869
ORD003358,2025-11-24,CUST01042
ORD003359,2024-05-19,CUST00983
ORD003360,2025-05-24,CUST01055
ORD003361,2025-12-02,CUST01091
ORD003362,2025-12-15,CUST00256
ORD003363,2025-02-19,CUST00029
ORD003364,2025-09-23,CUST00390
ORD003365,2024-01-08,CUST00871
ORD003366,2025-12-20,CUST01095
ORD003367,2024-12-19,CUST00501
ORD003368,2025-11-08,CUST01082
ORD003369,2025-12-01,CUST00087
ORD003370,2025-09-13,CUST00919
ORD003371,2024-06-21,CUST01073
ORD003372,2024-08-18,CUST00359
ORD003373,2024-03-17,CUST00752
ORD003374,2024-05-16,CUST01053
ORD003375,2024-12-27,CUST00105
ORD003376,2025-03-08,CUST01015
ORD003377,2025-01-23,CUST00350
ORD003378,2025-01-17,CUST00232
ORD003379,2024-12-12,CUST00512
ORD003380,2025-07-06,CUST00242
ORD003381,2024-10-24,CUST00613
ORD003382,2025-05-09,CUST00602
ORD003383,2024-09-28,CUST00437
ORD003384,2024-01-03,CUST01165
ORD003385,2025-02-07,CUST00446
ORD003386,2024-11-08,CUST01056
ORD003387,2024-02-06,CUST00949
ORD003388,2025-09-24,CUST01000
ORD003389,2024-02-28,CUST00729
ORD003390,2024-01-07,CUST00943
ORD003391,2024-12-02,CUST00612
ORD003392,2024-12-28,CUST00220
ORD003393,2024-01-06,CUST00717
ORD003394,2024-07-09,CUST00824
ORD003395,2024-12-29,CUST00019
ORD003396,2024-04-13,CUST00883
ORD003397,2025-05-18,CUST00405
ORD003398,2024-03-27,CUST01084
ORD003399,2025-06-10,CUST00315
ORD003400,2025-02-24,CUST00254
ORD003401,2025-05-14,CUST00015
ORD003402,2024-06-08,CUST00513
ORD003403,2024-08-19,CUST00964
ORD003404,2025-02-08,CUST00767
ORD003405,2024-11-02,CUST00747
ORD003406,2025-03-14,CUST00374
ORD003407,2025-07-03,CUST00552
ORD003408,2024-04-21,CUST00899
ORD003409,2025-11-03,CUST00900
ORD003410,2024-06-14,CUST00287
ORD003411,2024-12-28,CUST00889
ORD003412,2024-01-06,CUST00736
ORD003413,2025-12-27,CUST00407
ORD003414,2024-04-23,CUST00389
ORD003415,2024-10-18,CUST00083
ORD003416,2024-05-16,CUST00809
ORD003417,2025-03-07,CUST00679
ORD003418,2024-02-02,CUST00329
ORD003419,2025-11-13,CUST00408
ORD003420,2025-05-05,CUST00545
ORD003421,2024-05-01,CUST00863
ORD003422,2025-05-15,CUST01127
ORD003423,2025-05-22,CUST00261
ORD003424,2024-11-28,CUST00819
ORD003425,2025-05-28,CUST00797
ORD003426,2024-05-14,CUST00225
ORD003427,2024-04-20,CUST00044
ORD003428,2024-05-09,CUST00319
ORD003429,2024-12-18,CUST01025
ORD003430,2024-01-14,CUST00485
ORD003431,2024-02-23,CUST00701
ORD003432,2025-03-15,CUST00017
ORD003433,2025-03-20,CUST00984
ORD003434,2024-10-23,CUST00578
ORD003435,2025-05-12,CUST00170
ORD003436,2025-03-15,CUST00508
ORD003437,2025-09-24,CUST00313
ORD003438,2025-06-07,CUST00383
ORD003439,2024-09-12,CUST00576
ORD003440,2024-04-27,CUST00540
ORD003441,2025-12-18,CUST00507
ORD003442,2025-11-13,CUST00879
ORD003443,2024-07-22,CUST00971
ORD003444,2025-12-24,CUST00212
ORD003445,2025-12-18,CUST01029
ORD003446,2025-09-17,CUST00372
ORD003447,2024-07-12,CUST00305
ORD003448,2024-08-22,CUST00247
ORD003449,2024-05-15,CUST00822
ORD003450,2024-02-09,CUST00561
ORD003451,2024-07-15,CUST00300
ORD003452,2025-03-12,CUST00037
ORD003453,2025-09-23,CUST00409
ORD003454,2024-04-03,CUST00105
ORD003455,2025-01-24,CUST00835
ORD003456,2025-06-21,CUST00628
ORD003457,2025-12-17,CUST00474
ORD003458,2024-08-15,CUST00689
ORD003459,2025-03-12,CUST00982
ORD003460,2024-03-03,CUST01045
ORD003461,2025-03-13,CUST00106
ORD003462,2024-11-07,CUST00226
ORD003463,2024-10-02,CUST00745
ORD003464,2024-10-14,CUST00719
ORD003465,2025-12-29,CUST00857
ORD003466,2024-09-09,CUST00656
ORD003467,2024-02-18,CUST00373
ORD003468,2024-02-11,CUST00002
ORD003469,2024-02-23,CUST00659
ORD003470,2024-08-05,CUST00585
ORD003471,2025-04-28,CUST00574
ORD003472,2025-09-13,CUST00207
ORD003473,2025-03-17,CUST00379
ORD003474,2024-09-15,CUST01007
ORD003475,2025-01-07,CUST00685
ORD003476,2024-11-07,CUST00229
ORD003477,2024-04-09,CUST00028
ORD003478,2025-11-30,CUST01131
ORD003479,2024-05-13,CUST00679
ORD003480,2025-01-04,CUST00741
ORD003481,2025-08-26,CUST01084
ORD003482,2025-09-11,CUST00762
ORD003483,2024-08-31,CUST00566
ORD003484,2024-08-03,CUST01197
ORD003485,2025-01-28,CUST00179
ORD003486,2024-04-18,CUST00268
ORD003487,2025-10-06,CUST00247
ORD003488,2024-02-12,CUST00391
ORD003489,2024-07-16,CUST00913
ORD003490,2024-04-11,CUST00154
ORD003491,2025-07-13,CUST00703
ORD003492,2024-11-04,CUST00972
ORD003493,2024-07-25,CUST01093
ORD003494,2024-06-06,CUST00090
ORD003495,2024-05-10,CUST00393
ORD003496,2025-03-04,CUST01128
ORD003497,2025-12-29,CUST00518
ORD003498,2025-07-27,CUST00712
ORD003499,2025-01-09,CUST00919
ORD003500,2025-10-06,CUST00241
ORD003501,2025-03-22,CUST00139
ORD003502,2025-05-09,CUST00859
ORD003503,2025-06-20,CUST01032
ORD003504,2024-01-23,CUST00342
ORD003505,2025-09-05,CUST00562
ORD003506,2025-12-14,CUST00265
ORD003507,2024-10-23,CUST00094
ORD003508,2025-08-02,CUST00125
ORD003509,2025-12-11,CUST00390
ORD003510,2025-02-11,CUST01014
ORD003511,2025-12-02,CUST01091
ORD003512,2025-06-09,CUST00154
ORD003513,2024-06-18,CUST00897
ORD003514,2025-06-05,CUST00787
ORD003515,2025-07-29,CUST00800
ORD003516,2025-02-14,CUST00557
ORD003517,2024-07-30,CUST00377
ORD003518,2024-01-04,CUST00328
ORD003519,2025-08-08,CUST00447
ORD003520,2025-08-29,CUST00019
ORD003521,2025-06-09,CUST00933
ORD003522,2025-05-30,CUST01076
ORD003523,2024-09-22,CUST00622
ORD003524,2024-08-13,CUST00607
ORD003525,2025-12-26,CUST00550
ORD003526,2025-07-19,CUST00244
ORD003527,2024-06-24,CUST00459
ORD003528,2024-02-16,CUST01093
ORD003529,2024-08-31,CUST00598
ORD003530,2024-02-10,CUST00304
ORD003531,2024-10-11,CUST00273
ORD003532,2024-10-03,CUST00106
ORD003533,2025-10-19,CUST00510
ORD003534,2024-08-03,CUST01095
ORD003535,2024-04-28,CUST00003
ORD003536,2025-10-26,CUST00712
ORD003537,2025-10-09,CUST00756
ORD003538,2024-11-28,CUST00171
ORD003539,2025-12-23,CUST01125
ORD003540,2024-09-27,CUST00274
ORD003541,2025-02-22,CUST00604
ORD003542,2024-11-28,CUST00118
ORD003543,2025-10-02,CUST00022
ORD003544,2024-12-30,CUST00450
ORD003545,2024-10-13,CUST00362
ORD003546,2024-09-19,CUST00033
ORD003547,2025-07-04,CUST01195
ORD003548,2024-04-18,CUST00783
ORD003549,2025-10-31,CUST00528
ORD003550,2025-10-03,CUST01129
ORD003551,2024-07-30,CUST00906
ORD003552,2024-08-13,CUST00665
ORD003553,2024-10-02,CUST00418
ORD003554,2025-08-18,CUST00810
ORD003555,2024-06-08,CUST00914
ORD003556,2024-08-25,CUST00889
ORD003557,2025-01-12,CUST00304
ORD003558,2025-05-05,CUST00192
ORD003559,2025-05-22,CUST00372
ORD003560,2025-04-15,CUST00379
ORD003561,2024-06-29,CUST00387
ORD003562,2025-08-06,CUST01005
ORD003563,2024-07-03,CUST00578
ORD003564,2024-01-22,CUST00636
ORD003565,2024-06-15,CUST00364
ORD003566,2025-02-07,CUST00385
ORD003567,2024-03-12,CUST00294
ORD003568,2024-03-14,CUST00874
ORD003569,2024-09-08,CUST00932
ORD003570,2025-10-22,CUST00825
ORD003571,2024-04-12,CUST01079
ORD003572,2024-05-20,CUST00025
ORD003573,2025-09-09,CUST00205
ORD003574,2025-01-21,CUST00787
ORD003575,2024-01-22,CUST00226
ORD003576,2024-01-14,CUST00090
ORD003577,2024-05-15,CUST00509
ORD003578,2024-03-26,CUST00549
ORD003579,2024-05-26,CUST00028
ORD003580,2024-01-10,CUST00218
ORD003581,2025-07-09,CUST00694
ORD003582,2025-12-25,CUST00175
ORD003583,2024-07-26,CUST00286
ORD003584,2025-05-06,CUST01153
ORD003585,2025-03-30,CUST00335
ORD003586,2024-11-10,CUST00680
ORD003587,2025-05-05,CUST00317
ORD003588,2024-09-06,CUST00115
ORD003589,2025-07-10,CUST00548
ORD003590,2025-10-04,CUST01114
ORD003591,2024-05-06,CUST00044
ORD003592,2024-02-15,CUST00211
ORD003593,2025-07-11,CUST00608
ORD003594,2024-04-15,CUST01048
ORD003595,2025-03-01,CUST00291
ORD003596,2024-01-02,CUST00460
ORD003597,2024-01-25,CUST00465
ORD003598,2025-03-13,CUST00790
ORD003599,2024-05-30,CUST00724
ORD003600,2025-11-02,CUST00588
ORD003601,2024-08-19,CUST00788
ORD003602,2025-12-04,CUST00231
ORD003603,2025-05-18,CUST00348
ORD003604,2024-04-22,CUST00460
ORD003605,2024-04-14,CUST00578
ORD003606,2024-12-31,CUST00157
ORD003607,2025-09-22,CUST00684
ORD003608,2024-05-01,CUST00739
ORD003609,2024-03-27,CUST00089
ORD003610,2025-09-11,CUST00310
ORD003611,2024-07-01,CUST00878
ORD003612,2025-06-27,CUST00686
ORD003613,2025-09-06,CUST00372
ORD003614,2025-11-26,CUST00871
ORD003615,2024-06-02,CUST00618
ORD003616,2025-10-01,CUST00588
ORD003617,2024-12-22,CUST00213
ORD003618,2024-10-04,CUST01023
ORD003619,2025-11-08,CUST00756
ORD003620,2024-09-28,CUST00157
ORD003621,2024-01-03,CUST00305
ORD003622,2025-11-02,CUST00301
ORD003623,2024-11-23,CUST00303
ORD003624,2025-02-03,CUST00915
ORD003625,2025-05-04,CUST00138
ORD003626,2024-04-25,CUST01184
ORD003627,2025-03-13,CUST00571
ORD003628,2024-05-28,CUST00186
ORD003629,2024-11-26,CUST00262
ORD003630,2024-07-05,CUST00789
ORD003631,2024-12-27,CUST00654
ORD003632,2025-05-21,CUST00869
ORD003633,2025-05-07,CUST00848
ORD003634,2025-09-08,CUST00683
ORD003635,2024-05-21,CUST00504
ORD003636,2025-01-27,CUST00858
ORD003637,2025-07-16,CUST01019
ORD003638,2025-07-05,CUST01094
ORD003639,2025-05-19,CUST01091
ORD003640,2025-07-03,CUST00472
ORD003641,2025-01-28,CUST00172
ORD003642,2025-08-17,CUST00864
ORD003643,2025-06-23,CUST01184
ORD003644,2025-12-11,CUST00450
ORD003645,2025-12-20,CUST00179
ORD003646,2024-08-28,CUST00741
ORD003647,2024-01-03,CUST00417
ORD003648,2024-01-18,CUST00743
ORD003649,2025-07-25,CUST00971
ORD003650,2024-05-16,CUST00226
ORD003651,2024-03-02,CUST00716
ORD003652,2025-01-04,CUST00286
ORD003653,2024-10-28,CUST00943
ORD003654,2024-05-27,CUST01130
ORD003655,2025-03-07,CUST00497
ORD003656,2024-08-03,CUST00460
ORD003657,2024-02-27,CUST00283
ORD003658,2024-04-30,CUST00294
ORD003659,2025-01-21,CUST00054
ORD003660,2025-12-13,CUST00870
ORD003661,2025-01-15,CUST00111
ORD003662,2025-12-19,CUST00218
ORD003663,2025-11-09,CUST01192
ORD003664,2024-03-16,CUST00977
ORD003665,2025-08-31,CUST00324
ORD003666,2024-01-31,CUST00301
ORD003667,2025-01-09,CUST00290
ORD003668,2024-03-21,CUST00502
ORD003669,2024-03-19,CUST00026
ORD003670,2025-08-05,CUST00853
ORD003671,2024-06-02,CUST00374
ORD003672,2025-04-26,CUST00287
ORD003673,2025-06-24,CUST00614
ORD003674,2025-04-26,CUST00843
ORD003675,2024-12-11,CUST00910
ORD003676,2025-10-22,CUST00028
ORD003677,2024-10-20,CUST00228
ORD003678,2024-06-08,CUST00123
ORD003679,2025-10-19,CUST00066
ORD003680,2025-09-10,CUST00356
ORD003681,2025-05-30,CUST00329
ORD003682,2024-01-12,CUST00812
ORD003683,2025-03-09,CUST00931
ORD003684,2025-07-21,CUST00529
ORD003685,2025-08-08,CUST01028
ORD003686,2024-11-09,CUST00466
ORD003687,2025-03-09,CUST00322
ORD003688,2024-10-05,CUST00189
ORD003689,2025-06-18,CUST00774
ORD003690,2024-05-08,CUST00434
ORD003691,2025-02-14,CUST00115
ORD003692,2024-08-12,CUST00804
ORD003693,2024-07-07,CUST01146
ORD003694,2025-09-11,CUST00159
ORD003695,2025-12-10,CUST00960
ORD003696,2025-05-03,CUST00642
ORD003697,2025-10-30,CUST00830
ORD003698,2025-01-24,CUST00338
ORD003699,2024-02-25,CUST00761
ORD003700,2025-10-24,CUST00869
ORD003701,2024-07-18,CUST00553
ORD003702,2024-04-21,CUST00214
ORD003703,2024-03-20,CUST00743
ORD003704,2025-09-09,CUST00688
ORD003705,2024-01-29,CUST00491
ORD003706,2024-10-15,CUST00334
ORD003707,2025-07-08,CUST00219
ORD003708,2024-03-07,CUST00434
ORD003709,2025-09-03,CUST00023
ORD003710,2024-11-12,CUST00385
ORD003711,2025-07-18,CUST00414
ORD003712,2025-10-15,CUST00067
ORD003713,2024-09-03,CUST00552
ORD003714,2024-03-28,CUST01168
ORD003715,2025-08-01,CUST00092
ORD003716,2025-07-31,CUST00991
ORD003717,2024-02-16,CUST00099
ORD003718,2024-11-18,CUST00191
ORD003719,2024-11-12,CUST00018
ORD003720,2024-12-31,CUST00579
ORD003721,2025-02-11,CUST01025
ORD003722,2024-07-18,CUST00645
ORD003723,2025-02-04,CUST00729
ORD003724,2024-05-12,CUST00200
ORD003725,2024-12-05,CUST00835
ORD003726,2025-05-30,CUST00207
ORD003727,2025-05-29,CUST00308
ORD003728,2024-01-25,CUST00783
ORD003729,2025-05-03,CUST00077
ORD003730,2024-10-24,CUST00331
ORD003731,2024-06-04,CUST00949
ORD003732,2024-03-21,CUST00192
ORD003733,2024-08-25,CUST00442
ORD003734,2025-11-28,CUST00289
ORD003735,2024-06-13,CUST01028
ORD003736,2025-06-12,CUST01072
ORD003737,2024-12-15,CUST00917
ORD003738,2024-05-14,CUST00695
ORD003739,2024-10-24,CUST00738
ORD003740,2025-09-30,CUST00883
ORD003741,2024-02-10,CUST00794
ORD003742,2024-09-01,CUST00428
ORD003743,2025-09-17,CUST00154
ORD003744,2024-06-05,CUST01162
ORD003745,2025-10-04,CUST01019
ORD003746,2024-04-09,CUST00031
ORD003747,2024-05-26,CUST00634
ORD003748,2025-07-14,CUST00179
ORD003749,2025-05-25,CUST00193
ORD003750,2025-04-10,CUST00643
ORD003751,2024-06-22,CUST00606
ORD003752,2024-06-14,CUST00140
ORD003753,2024-10-13,CUST01181
ORD003754,2025-01-07,CUST00724
ORD003755,2024-04-01,CUST00146
ORD003756,2024-07-02,CUST00944
ORD003757,2024-09-21,CUST00970
ORD003758,2024-09-19,CUST00906
ORD003759,2025-10-27,CUST00288
ORD003760,2024-05-06,CUST01165
ORD003761,2025-05-14,CUST00082
ORD003762,2025-01-07,CUST00588
ORD003763,2025-02-14,CUST00838
ORD003764,2025-09-26,CUST00265
ORD003765,2025-03-27,CUST00752
ORD003766,2025-06-08,CUST00643
ORD003767,2025-01-17,CUST00171
ORD003768,2025-11-29,CUST00847
ORD003769,2025-06-02,CUST00922
ORD003770,2024-09-26,CUST00088
ORD003771,2025-09-27,CUST00117
ORD003772,2024-09-07,CUST01149
ORD003773,2024-01-09,CUST00317
ORD003774,2024-04-17,CUST00596
ORD003775,2025-01-19,CUST00325
ORD003776,2025-08-06,CUST00818
ORD003777,2024-03-15,CUST00457
ORD003778,2025-02-01,CUST00947
ORD003779,2025-11-16,CUST00192
ORD003780,2024-12-23,CUST00955
ORD003781,2025-04-24,CUST01096
ORD003782,2025-04-21,CUST00224
ORD003783,2024-03-28,CUST00370
ORD003784,2024-04-20,CUST00813
ORD003785,2025-03-19,CUST00409
ORD003786,2025-02-15,CUST00674
ORD003787,2024-03-07,CUST00650
ORD003788,2024-12-16,CUST00996
ORD003789,2024-08-05,CUST00976
ORD003790,2024-04-27,CUST00571
ORD003791,2025-04-10,CUST00079
ORD003792,2025-07-12,CUST00319
ORD003793,2025-04-26,CUST00299
ORD003794,2025-10-17,CUST00438
ORD003795,2024-11-23,CUST01164
ORD003796,2024-02-02,CUST00779
ORD003797,2024-03-04,CUST00741
ORD003798,2025-03-16,CUST00970
ORD003799,2024-08-06,CUST00111
ORD003800,2024-08-04,CUST00047
ORD003801,2025-12-01,CUST00867
ORD003802,2024-10-03,CUST00517
ORD003803,2025-10-12,CUST00361
ORD003804,2024-03-26,CUST00291
ORD003805,2024-03-11,CUST00561
ORD003806,2025-02-18,CUST00168
ORD003807,2024-11-01,CUST00925
ORD003808,2025-03-05,CUST01075
ORD003809,2024-08-07,CUST00532
ORD003810,2024-07-07,CUST00111
ORD003811,2024-04-04,CUST00878
ORD003812,2024-12-16,CUST00609
ORD003813,2024-06-17,CUST00407
ORD003814,2024-12-23,CUST00859
ORD003815,2025-05-08,CUST00974
ORD003816,2025-07-02,CUST00330
ORD003817,2025-12-14,CUST00895
ORD003818,2024-12-29,CUST01169
ORD003819,2025-02-02,CUST00021
ORD003820,2025-07-28,CUST00407
ORD003821,2024-03-20,CUST01185
ORD003822,2025-09-23,CUST00297
ORD003823,2024-11-27,CUST00649
ORD003824,2024-01-15,CUST00309
ORD003825,2025-04-14,CUST00303
ORD003826,2025-05-26,CUST00649
ORD003827,2024-04-26,CUST00833
ORD003828,2024-09-26,CUST01067
ORD003829,2024-01-04,CUST00923
ORD003830,2024-05-08,CUST00921
ORD003831,2025-10-16,CUST01185
ORD003832,2024-04-09,CUST00075
ORD003833,2024-08-11,CUST00385
ORD003834,2025-03-06,CUST01119
ORD003835,2024-06-19,CUST00774
ORD003836,2024-08-09,CUST00713
ORD003837,2024-08-02,CUST00392
ORD003838,2025-11-26,CUST01182
ORD003839,2024-01-15,CUST00759
ORD003840,2025-01-07,CUST00034
ORD003841,2024-11-05,CUST00629
ORD003842,2025-05-29,CUST00256
ORD003843,2025-12-17,CUST01023
ORD003844,2025-10-26,CUST00934
ORD003845,2025-02-27,CUST00841
ORD003846,2024-12-26,CUST00722
ORD003847,2025-07-09,CUST00873
ORD003848,2025-06-19,CUST00688
ORD003849,2024-04-26,CUST00361
ORD003850,2025-04-14,CUST00878
ORD003851,2025-01-17,CUST00363
ORD003852,2025-07-20,CUST00334
ORD003853,2025-07-09,CUST00893
ORD003854,2025-01-25,CUST00584
ORD003855,2025-11-06,CUST00896
ORD003856,2025-10-11,CUST00581
ORD003857,2025-12-19,CUST00204
ORD003858,2024-03-30,CUST00213
ORD003859,2024-04-01,CUST00034
ORD003860,2025-09-23,CUST00843
ORD003861,2024-04-16,CUST01017
ORD003862,2025-09-30,CUST01116
ORD003863,2024-04-12,CUST00910
ORD003864,2025-05-30,CUST01191
ORD003865,2024-02-03,CUST00594
ORD003866,2025-03-06,CUST00434
ORD003867,2024-08-16,CUST00932
ORD003868,2025-07-18,CUST00781
ORD003869,2024-04-27,CUST00401
ORD003870,2025-04-25,CUST00255
ORD003871,2024-12-25,CUST00951
ORD003872,2025-02-26,CUST00811
ORD003873,2024-01-08,CUST00768
ORD003874,2024-08-17,CUST01040
ORD003875,2024-10-17,CUST00549
ORD003876,2025-11-05,CUST00542
ORD003877,2024-11-10,CUST00850
ORD003878,2025-11-20,CUST00495
ORD003879,2024-01-05,CUST00850
ORD003880,2024-02-03,CUST00032
ORD003881,2024-01-27,CUST00315
ORD003882,2025-01-18,CUST01063
ORD003883,2025-09-06,CUST00651
ORD003884,2024-12-09,CUST00350
ORD003885,2025-08-08,CUST00881
ORD003886,2024-09-04,CUST01139
ORD003887,2025-02-04,CUST00395
ORD003888,2025-09-23,CUST00806
ORD003889,2024-02-22,CUST01184
ORD003890,2025-03-15,CUST00264
ORD003891,2025-10-13,CUST00800
ORD003892,2024-06-26,CUST00826
ORD003893,2024-11-21,CUST01060
ORD003894,2024-06-11,CUST00896
ORD003895,2024-08-24,CUST00204
ORD003896,2025-12-28,CUST00259
ORD003897,2025-05-31,CUST00243
ORD003898,2025-10-08,CUST01182
ORD003899,2025-02-05,CUST00533
ORD003900,2025-07-20,CUST00326
ORD003901,2024-11-26,CUST00418
ORD003902,2024-04-05,CUST00192
ORD003903,2024-01-27,CUST00896
ORD003904,2024-01-12,CUST00314
ORD003905,2024-01-29,CUST01114
ORD003906,2024-03-21,CUST01172
ORD003907,2025-01-26,CUST00052
ORD003908,2024-05-13,CUST00930
ORD003909,2025-10-11,CUST00734
ORD003910,2024-07-10,CUST00491
ORD003911,2025-10-30,CUST00455
ORD003912,2024-10-31,CUST00397
ORD003913,2025-07-02,CUST00503
ORD003914,2025-01-22,CUST00534
ORD003915,2025-11-06,CUST00106
ORD003916,2024-10-08,CUST00170
ORD003917,2024-05-27,CUST00048
ORD003918,2025-10-15,CUST01187
ORD003919,2024-04-15,CUST00228
ORD003920,2025-04-15,CUST00252
ORD003921,2024-04-19,CUST00291
ORD003922,2024-10-16,CUST00537
ORD003923,2024-07-03,CUST00191
ORD003924,2024-03-20,CUST01013
ORD003925,2025-01-05,CUST00426
ORD003926,2025-02-04,CUST00207
ORD003927,2025-05-17,CUST00045
ORD003928,2025-02-27,CUST00151
ORD003929,2025-05-13,CUST00157
ORD003930,2024-08-03,CUST00860
ORD003931,2025-01-19,CUST00643
ORD003932,2025-10-10,CUST00924
ORD003933,2024-06-13,CUST00369
ORD003934,2024-11-01,CUST00021
ORD003935,2024-07-01,CUST01162
ORD003936,2025-10-08,CUST00065
ORD003937,2024-04-30,CUST00703
ORD003938,2024-12-21,CUST00992
ORD003939,2025-09-20,CUST01120
ORD003940,2024-01-06,CUST00325
ORD003941,2025-06-18,CUST00522
ORD003942,2024-05-04,CUST00395
ORD003943,2025-09-12,CUST00061
ORD003944,2025-07-02,CUST00048
ORD003945,2025-06-14,CUST01049
ORD003946,2024-06-05,CUST00443
ORD003947,2025-01-08,CUST00236
ORD003948,2024-08-10,CUST00061
ORD003949,2024-12-01,CUST00284
ORD003950,2024-08-13,CUST00171
ORD003951,2025-12-09,CUST00260
ORD003952,2024-10-01,CUST00561
ORD003953,2025-05-08,CUST00409
ORD003954,2024-04-04,CUST00714
ORD003955,2025-12-26,CUST01130
ORD003956,2025-10-29,CUST00603
ORD003957,2025-04-23,CUST01016
ORD003958,2025-03-22,CUST01050
ORD003959,2025-02-13,CUST00396
ORD003960,2024-09-13,CUST00355
ORD003961,2024-07-21,CUST00576
ORD003962,2025-02-06,CUST00211
ORD003963,2025-08-20,CUST00639
ORD003964,2024-06-18,CUST00422
ORD003965,2025-05-14,CUST00888
ORD003966,2025-04-01,CUST00868
ORD003967,2025-09-02,CUST00557
ORD003968,2024-11-22,CUST00221
ORD003969,2025-09-13,CUST00785
ORD003970,2025-03-15,CUST00410
ORD003971,2025-08-03,CUST00723
ORD003972,2025-01-17,CUST00132
ORD003973,2025-04-05,CUST00343
ORD003974,2024-02-04,CUST01048
ORD003975,2024-09-16,CUST00840
ORD003976,2024-10-27,CUST01087
ORD003977,2024-12-26,CUST00816
ORD003978,2024-01-31,CUST00235
ORD003979,2024-07-03,CUST00661
ORD003980,2025-03-15,CUST00381
ORD003981,2025-01-01,CUST00503
ORD003982,2024-03-15,CUST00441
ORD003983,2025-11-03,CUST00762
ORD003984,2025-01-15,CUST00298
ORD003985,2024-11-17,CUST00251
ORD003986,2024-01-10,CUST00653
ORD003987,2025-12-05,CUST00023
ORD003988,2024-12-02,CUST00438
ORD003989,2025-04-21,CUST01163
ORD003990,2024-11-25,CUST00477
ORD003991,2025-07-29,CUST00136
ORD003992,2025-01-29,CUST00581
ORD003993,2025-09-08,CUST00435
ORD003994,2025-06-23,CUST00446
ORD003995,2024-04-15,CUST01149
ORD003996,2024-10-11,CUST00154
ORD003997,2025-08-10,CUST00864
ORD003998,2025-11-29,CUST00892
ORD003999,2024-11-21,CUST00656
ORD004000,2024-07-21,CUST00404
ORD004001,2024-02-20,CUST01012
ORD004002,2025-05-25,CUST00096
ORD004003,2024-10-08,CUST00863
ORD004004,2024-05-02,CUST00255
ORD004005,2025-04-08,CUST00351
ORD004006,2025-09-07,CUST00670
ORD004007,2025-08-28,CUST00785
ORD004008,2024-08-30,CUST01181
ORD004009,2024-01-22,CUST00584
ORD004010,2024-01-19,CUST01180
ORD004011,2024-01-05,CUST00946
ORD004012,2024-10-18,CUST00269
ORD004013,2025-02-16,CUST00076
ORD004014,2025-06-30,CUST01081
ORD004015,2024-02-10,CUST00691
ORD004016,2025-10-22,CUST00034
ORD004017,2024-03-12,CUST00963
ORD004018,2024-04-07,CUST00851
ORD004019,2024-11-04,CUST00563
ORD004020,2024-11-20,CUST00709
ORD004021,2025-02-13,CUST00164
ORD004022,2025-07-23,CUST00642
ORD004023,2025-05-20,CUST00097
ORD004024,2025-02-06,CUST00612
ORD004025,2025-12-14,CUST00931
ORD004026,2025-05-20,CUST00249
ORD004027,2025-01-17,CUST00211
ORD004028,2024-01-30,CUST00459
ORD004029,2024-02-18,CUST00022
ORD004030,2024-05-22,CUST00216
ORD004031,2024-11-26,CUST00893
ORD004032,2024-08-19,CUST00349
ORD004033,2024-03-31,CUST00392
ORD004034,2025-01-12,CUST01101
ORD004035,2024-01-06,CUST00108
ORD004036,2024-09-22,CUST00089
ORD004037,2024-04-23,CUST00099
ORD004038,2024-11-07,CUST00154
ORD004039,2024-09-27,CUST00675
ORD004040,2025-12-05,CUST00778
ORD004041,2024-10-03,CUST00349
ORD004042,2024-05-21,CUST01195
ORD004043,2025-04-16,CUST00246
ORD004044,2024-05-09,CUST00654
ORD004045,2024-05-31,CUST01197
ORD004046,2025-02-27,CUST00916
ORD004047,2025-11-15,CUST00251
ORD004048,2025-06-18,CUST01081
ORD004049,2024-09-03,CUST01184
ORD004050,2025-05-04,CUST01004
ORD004051,2024-10-14,CUST00660
ORD004052,2025-05-09,CUST00463
ORD004053,2024-04-04,CUST00541
ORD004054,2024-10-30,CUST00170
ORD004055,2024-12-27,CUST01144
ORD004056,2024-09-05,CUST00422
ORD004057,2025-12-12,CUST00160
ORD004058,2024-03-17,CUST01013
ORD004059,2024-03-02,CUST00436
ORD004060,2024-01-14,CUST00443
ORD004061,2025-04-24,CUST00789
ORD004062,2024-07-11,CUST00999
ORD004063,2024-04-17,CUST00698
ORD004064,2024-08-01,CUST01081
ORD004065,2025-06-10,CUST00642
ORD004066,2024-11-15,CUST00930
ORD004067,2025-11-02,CUST00316
ORD004068,2025-05-31,CUST00217
ORD004069,2024-05-13,CUST00449
ORD004070,2025-01-07,CUST00790
ORD004071,2025-04-08,CUST01052
ORD004072,2024-07-26,CUST00820
ORD004073,2024-07-11,CUST00141
ORD004074,2024-10-11,CUST00867
ORD004075,2024-06-17,CUST00630
ORD004076,2025-08-14,CUST00210
ORD004077,2024-05-30,CUST00945
ORD004078,2024-04-19,CUST00226
ORD004079,2024-09-03,CUST00034
ORD004080,2025-04-16,CUST00384
ORD004081,2024-09-30,CUST00059
ORD004082,2025-05-02,CUST01088
ORD004083,2025-04-08,CUST00721
ORD004084,2024-09-28,CUST00243
ORD004085,2025-07-17,CUST00173
ORD004086,2024-12-28,CUST00884
ORD004087,2024-08-05,CUST00309
ORD004088,2025-02-10,CUST01029
ORD004089,2025-03-17,CUST01041
ORD004090,2024-12-07,CUST00109
ORD004091,2025-03-27,CUST00559
ORD004092,2025-01-13,CUST00201
ORD004093,2024-02-20,CUST00784
ORD004094,2025-03-08,CUST00398
ORD004095,2024-10-28,CUST00388
ORD004096,2025-02-16,CUST00362
ORD004097,2025-08-31,CUST00566
ORD004098,2025-06-26,CUST01011
ORD004099,2025-06-15,CUST00888
ORD004100,2024-04-21,CUST00103
ORD004101,2025-10-23,CUST00510
ORD004102,2024-04-23,CUST00450
ORD004103,2024-04-27,CUST00109
ORD004104,2024-02-06,CUST01179
ORD004105,2024-09-29,CUST00489
ORD004106,2024-03-08,CUST01090
ORD004107,2024-04-13,CUST00565
ORD004108,2024-08-19,CUST00829
ORD004109,2025-02-05,CUST00805
ORD004110,2024-04-13,CUST00451
ORD004111,2025-12-09,CUST00550
ORD004112,2025-05-22,CUST00422
ORD004113,2024-06-24,CUST00417
ORD004114,2024-12-21,CUST00590
ORD004115,2025-12-23,CUST00590
ORD004116,2024-01-04,CUST00194
ORD004117,2024-07-08,CUST01031
ORD004118,2025-12-18,CUST00977
ORD004119,2024-11-08,CUST00489
ORD004120,2024-06-23,CUST00646
ORD004121,2025-11-28,CUST00143
ORD004122,2024-06-19,CUST00384
ORD004123,2024-12-06,CUST00933
ORD004124,2024-05-25,CUST00027
ORD004125,2025-11-13,CUST00972
ORD004126,2025-03-14,CUST00685
ORD004127,2024-01-22,CUST00364
ORD004128,2024-09-27,CUST00158
ORD004129,2024-06-23,CUST00020
ORD004130,2025-08-31,CUST00722
ORD004131,2025-04-30,CUST01195
ORD004132,2024-01-02,CUST01001
ORD004133,2024-09-10,CUST00968
ORD004134,2024-04-22,CUST00093
ORD004135,2024-01-18,CUST01162
ORD004136,2025-11-27,CUST00596
ORD004137,2024-08-21,CUST01076
ORD004138,2025-05-30,CUST00343
ORD004139,2024-05-30,CUST00193
ORD004140,2024-04-12,CUST00624
ORD004141,2024-12-09,CUST00927
ORD004142,2025-05-17,CUST00719
ORD004143,2025-07-12,CUST00528
ORD004144,2025-11-10,CUST00997
ORD004145,2024-09-16,CUST00747
ORD004146,2025-04-14,CUST00028
ORD004147,2024-12-27,CUST00617
ORD004148,2025-12-28,CUST00684
ORD004149,2025-06-14,CUST00992
ORD004150,2024-04-25,CUST00553
ORD004151,2025-12-03,CUST01064
ORD004152,2025-10-17,CUST00043
ORD004153,2024-05-31,CUST00841
ORD004154,2024-08-13,CUST00291
ORD004155,2024-12-31,CUST01020
ORD004156,2024-02-01,CUST00501
ORD004157,2025-08-14,CUST00883
ORD004158,2025-01-03,CUST00423
ORD004159,2024-04-01,CUST00397
ORD004160,2025-01-21,CUST00222
ORD004161,2024-10-07,CUST01116
ORD004162,2025-04-05,CUST01080
ORD004163,2024-06-28,CUST00544
ORD004164,2025-11-26,CUST00715
ORD004165,2024-12-05,CUST00801
ORD004166,2025-08-26,CUST00855
ORD004167,2024-10-09,CUST00634
ORD004168,2024-07-14,CUST00085
ORD004169,2025-08-16,CUST01066
ORD004170,2025-12-19,CUST00704
ORD004171,2025-09-19,CUST00252
ORD004172,2025-03-19,CUST00932
ORD004173,2025-08-03,CUST00711
ORD004174,2024-10-22,CUST00226
ORD004175,2024-01-09,CUST01022
ORD004176,2025-12-02,CUST00302
ORD004177,2025-04-22,CUST00308
ORD004178,2025-06-19,CUST00594
ORD004179,2025-09-30,CUST01144
ORD004180,2025-11-11,CUST00334
ORD004181,2024-11-06,CUST00998
ORD004182,2024-10-22,CUST00133
ORD004183,2024-10-28,CUST00032
ORD004184,2025-04-09,CUST00084
ORD004185,2024-08-10,CUST00580
ORD004186,2025-08-30,CUST00253
ORD004187,2024-02-24,CUST01001
ORD004188,2024-11-09,CUST00011
ORD004189,2025-03-16,CUST00722
ORD004190,2025-11-07,CUST00002
ORD004191,2024-02-21,CUST00515
ORD004192,2024-05-21,CUST00718
ORD004193,2024-10-17,CUST01029
ORD004194,2025-11-12,CUST01149
ORD004195,2024-06-07,CUST00177
ORD004196,2025-12-31,CUST00555
ORD004197,2024-05-26,CUST00403
ORD004198,2025-03-18,CUST01199
ORD004199,2024-03-23,CUST00596
ORD004200,2024-08-12,CUST00066
ORD004201,2025-04-29,CUST00727
ORD004202,2024-09-11,CUST00792
ORD004203,2025-03-08,CUST00818
ORD004204,2024-04-10,CUST00536
ORD004205,2024-11-05,CUST00637
ORD004206,2024-06-26,CUST01155
ORD004207,2025-03-22,CUST00661
ORD004208,2025-08-15,CUST00286
ORD004209,2025-11-30,CUST00409
ORD004210,2024-09-13,CUST00278
ORD004211,2025-03-02,CUST01136
ORD004212,2024-07-23,CUST00617
ORD004213,2024-11-08,CUST00176
ORD004214,2024-10-31,CUST01161
ORD004215,2025-10-05,CUST00945
ORD004216,2025-07-12,CUST00376
ORD004217,2025-01-19,CUST00895
ORD004218,2024-04-08,CUST00284
ORD004219,2025-06-23,CUST00906
ORD004220,2025-12-11,CUST00642
ORD004221,2025-05-30,CUST00733
ORD004222,2025-04-24,CUST00726
ORD004223,2025-03-13,CUST00956
ORD004224,2025-03-06,CUST00841
ORD004225,2025-04-17,CUST00057
ORD004226,2025-07-26,CUST00055
ORD004227,2025-03-07,CUST00182
ORD004228,2024-05-23,CUST00620
ORD004229,2024-09-05,CUST01189
ORD004230,2025-06-08,CUST00765
ORD004231,2024-05-10,CUST01113
ORD004232,2025-08-02,CUST00601
ORD004233,2024-02-24,CUST00805
ORD004234,2024-05-08,CUST00826
ORD004235,2025-11-17,CUST00013
ORD004236,2025-04-18,CUST01061
ORD004237,2025-04-16,CUST00112
ORD004238,2024-03-27,CUST00113
ORD004239,2024-10-03,CUST00220
ORD004240,2024-12-07,CUST00200
ORD004241,2024-10-24,CUST01159
ORD004242,2025-05-08,CUST00679
ORD004243,2024-03-03,CUST00249
ORD004244,2025-08-21,CUST01047
ORD004245,2024-02-24,CUST00420
ORD004246,2025-06-12,CUST00296
ORD004247,2025-07-29,CUST01015
ORD004248,2024-05-19,CUST00458
ORD004249,2025-11-22,CUST00317
ORD004250,2024-11-04,CUST00637
ORD004251,2024-01-07,CUST00994
ORD004252,2025-09-30,CUST00412
ORD004253,2024-04-27,CUST00138
ORD004254,2024-01-01,CUST00314
ORD004255,2025-09-10,CUST00248
ORD004256,2025-06-16,CUST00199
ORD004257,2024-09-10,CUST00419
ORD004258,2024-04-16,CUST00971
ORD004259,2024-01-26,CUST01036
ORD004260,2025-03-30,CUST00801
ORD004261,2024-02-26,CUST00250
ORD004262,2024-11-03,CUST00829
ORD004263,2025-05-10,CUST00377
ORD004264,2024-08-28,CUST01120
ORD004265,2024-09-23,CUST00900
ORD004266,2025-11-04,CUST00253
ORD004267,2025-03-18,CUST00300
ORD004268,2025-10-13,CUST00045
ORD004269,2024-07-08,CUST00291
ORD004270,2025-11-04,CUST00493
ORD004271,2024-06-23,CUST01048
ORD004272,2025-12-17,CUST01120
ORD004273,2024-07-24,CUST00976
ORD004274,2025-05-06,CUST00594
ORD004275,2024-10-23,CUST00205
ORD004276,2025-08-25,CUST01010
ORD004277,2025-01-11,CUST00564
ORD004278,2025-02-04,CUST00791
ORD004279,2025-12-15,CUST00220
ORD004280,2025-04-20,CUST00854
ORD004281,2025-03-11,CUST00304
ORD004282,2024-01-29,CUST00581
ORD004283,2025-04-13,CUST00247
ORD004284,2025-07-31,CUST00798
ORD004285,2024-01-12,CUST01189
ORD004286,2024-11-06,CUST00070
ORD004287,2025-10-22,CUST00911
ORD004288,2024-02-13,CUST00727
ORD004289,2024-05-22,CUST00959
ORD004290,2025-04-14,CUST00568
ORD004291,2024-01-10,CUST00325
ORD004292,2025-01-01,CUST01026
ORD004293,2025-05-30,CUST00432
ORD004294,2024-12-23,CUST01076
ORD004295,2025-02-03,CUST01051
ORD004296,2024-03-05,CUST00358
ORD004297,2025-11-02,CUST00311
ORD004298,2024-12-26,CUST01154
ORD004299,2024-12-13,CUST00942
ORD004300,2024-05-23,CUST00571
ORD004301,2025-11-05,CUST00621
ORD004302,2025-02-07,CUST00140
ORD004303,2025-10-22,CUST00991
ORD004304,2025-01-20,CUST00967
ORD004305,2025-09-12,CUST00370
ORD004306,2025-08-12,CUST01039
ORD004307,2025-11-05,CUST01077
ORD004308,2024-09-22,CUST00266
ORD004309,2025-12-15,CUST00664
ORD004310,2025-08-25,CUST01190
ORD004311,2024-12-22,CUST01198
ORD004312,2025-09-24,CUST00827
ORD004313,2024-03-10,CUST00093
ORD004314,2024-01-31,CUST00326
ORD004315,2024-08-25,CUST00198
ORD004316,2025-11-12,CUST00218
ORD004317,2025-05-26,CUST00976
ORD004318,2024-11-27,CUST00475
ORD004319,2024-08-30,CUST00216
ORD004320,2024-06-27,CUST00787
ORD004321,2025-03-06,CUST00132
ORD004322,2024-03-04,CUST00513
ORD004323,2024-04-27,CUST00077
ORD004324,2024-03-15,CUST00905
ORD004325,2025-01-18,CUST00061
ORD004326,2024-06-27,CUST00658
ORD004327,2024-04-20,CUST00921
ORD004328,2025-01-21,CUST00273
ORD004329,2025-10-14,CUST01176
ORD004330,2025-07-23,CUST00410
ORD004331,2024-07-19,CUST00518
ORD004332,2025-05-17,CUST00897
ORD004333,2025-11-26,CUST00586
ORD004334,2024-08-18,CUST00413
ORD004335,2024-06-14,CUST00889
ORD004336,2025-06-25,CUST00394
ORD004337,2024-03-29,CUST01193
ORD004338,2024-01-25,CUST00198
ORD004339,2024-07-27,CUST00069
ORD004340,2024-05-23,CUST00011
ORD004341,2025-01-03,CUST00836
ORD004342,2025-08-04,CUST01120
ORD004343,2024-03-14,CUST00698
ORD004344,2024-07-08,CUST01082
ORD004345,2025-05-23,CUST00390
ORD004346,2024-07-31,CUST01169
ORD004347,2025-04-30,CUST01026
ORD004348,2024-12-26,CUST00731
ORD004349,2025-09-25,CUST01145
ORD004350,2024-05-21,CUST00138
ORD004351,2025-03-25,CUST00876
ORD004352,2025-10-02,CUST00771
ORD004353,2024-03-13,CUST01166
ORD004354,2024-03-21,CUST00261
ORD004355,2025-06-13,CUST00611
ORD004356,2024-04-13,CUST00242
ORD004357,2025-05-25,CUST00473
ORD004358,2024-02-22,CUST01108
ORD004359,2024-12-04,CUST00047
ORD004360,2024-08-17,CUST00594
ORD004361,2024-09-14,CUST00800
ORD004362,2025-12-21,CUST00733
ORD004363,2024-03-10,CUST00324
ORD004364,2024-10-21,CUST00154
ORD004365,2025-07-01,CUST01179
ORD004366,2024-09-04,CUST01061
ORD004367,2025-09-17,CUST01025
ORD004368,2024-11-15,CUST00818
ORD004369,2025-09-25,CUST00117
ORD004370,2025-07-13,CUST00228
ORD004371,2025-08-19,CUST00965
ORD004372,2024-09-26,CUST00062
ORD004373,2024-02-03,CUST00693
ORD004374,2025-03-07,CUST00535
ORD004375,2024-07-24,CUST00686
ORD004376,2024-03-01,CUST00286
ORD004377,2024-07-28,CUST01121
ORD004378,2024-12-03,CUST00128
ORD004379,2024-08-29,CUST01011
ORD004380,2024-03-15,CUST01155
ORD004381,2025-09-16,CUST00073
ORD004382,2024-12-20,CUST00145
ORD004383,2025-03-02,CUST00166
ORD004384,2025-07-18,CUST00981
ORD004385,2024-05-12,CUST00555
ORD004386,2024-02-12,CUST00214
ORD004387,2024-02-06,CUST01018
ORD004388,2025-06-03,CUST00462
ORD004389,2025-10-27,CUST00718
ORD004390,2025-03-17,CUST00979
ORD004391,2024-11-06,CUST00467
ORD004392,2024-01-22,CUST00114
ORD004393,2024-01-27,CUST00402
ORD004394,2025-07-01,CUST00777
ORD004395,2025-11-29,CUST00038
ORD004396,2025-07-19,CUST00988
ORD004397,2024-02-23,CUST00793
ORD004398,2025-01-21,CUST00257
ORD004399,2025-03-16,CUST00875
ORD004400,2025-07-16,CUST00283
ORD004401,2024-04-28,CUST00897
ORD004402,2024-04-30,CUST00754
ORD004403,2024-12-26,CUST00397
ORD004404,2024-12-17,CUST00895
ORD004405,2024-02-29,CUST00488
ORD004406,2024-08-25,CUST00189
ORD004407,2025-08-25,CUST00021
ORD004408,2024-08-20,CUST00846
ORD004409,2025-07-03,CUST01164
ORD004410,2024-02-16,CUST00031
ORD004411,2024-09-12,CUST00117
ORD004412,2024-03-19,CUST00117
ORD004413,2024-05-09,CUST00899
ORD004414,2024-07-03,CUST00579
ORD004415,2024-02-14,CUST00644
ORD004416,2024-12-24,CUST00501
ORD004417,2024-10-26,CUST00266
ORD004418,2025-09-12,CUST00815
ORD004419,2025-05-05,CUST00251
ORD004420,2025-11-03,CUST00158
ORD004421,2024-03-19,CUST00513
ORD004422,2025-07-10,CUST00422
ORD004423,2025-05-21,CUST00732
ORD004424,2024-08-13,CUST00909
ORD004425,2025-12-31,CUST00620
ORD004426,2025-01-10,CUST01130
ORD004427,2024-10-26,CUST00501
ORD004428,2025-06-23,CUST00548
ORD004429,2024-11-22,CUST01109
ORD004430,2025-05-30,CUST00214
ORD004431,2024-02-25,CUST00710
ORD004432,2025-02-24,CUST00996
ORD004433,2024-10-13,CUST00161
ORD004434,2024-07-27,CUST00281
ORD004435,2025-06-17,CUST00473
ORD004436,2024-11-08,CUST01133
ORD004437,2024-08-03,CUST00252
ORD004438,2025-01-16,CUST00291
ORD004439,2024-02-06,CUST00482
ORD004440,2025-12-16,CUST00902
ORD004441,2025-10-27,CUST00930
ORD004442,2024-04-26,CUST00044
ORD004443,2025-05-25,CUST00070
ORD004444,2024-10-03,CUST00570
ORD004445,2025-08-25,CUST00787
ORD004446,2024-11-03,CUST00174
ORD004447,2024-03-02,CUST00572
ORD004448,2025-09-16,CUST00787
ORD004449,2025-05-22,CUST00039
ORD004450,2025-01-26,CUST00788
ORD004451,2025-03-30,CUST00091
ORD004452,2024-08-17,CUST00422
ORD004453,2025-01-23,CUST00378
ORD004454,2025-11-06,CUST00883
ORD004455,2025-06-29,CUST00108
ORD004456,2025-11-07,CUST00625
ORD004457,2024-02-02,CUST01110
ORD004458,2024-12-22,CUST00054
ORD004459,2025-09-15,CUST00689
ORD004460,2024-09-25,CUST00444
ORD004461,2024-01-29,CUST00699
ORD004462,2025-09-28,CUST00889
ORD004463,2025-03-13,CUST00117
ORD004464,2024-04-21,CUST01134
ORD004465,2025-02-01,CUST00589
ORD004466,2025-07-01,CUST00950
ORD004467,2025-03-10,CUST01173
ORD004468,2025-08-04,CUST01063
ORD004469,2024-09-23,CUST00333
ORD004470,2025-01-25,CUST00958
ORD004471,2024-08-31,CUST00271
ORD004472,2024-01-16,CUST00575
ORD004473,2025-11-29,CUST00562
ORD004474,2024-03-28,CUST00512
ORD004475,2025-07-09,CUST00606
ORD004476,2024-12-11,CUST01170
ORD004477,2025-02-08,CUST00080
ORD004478,2025-09-22,CUST00562
ORD004479,2025-01-05,CUST00551
ORD004480,2025-11-06,CUST00514
ORD004481,2025-10-30,CUST00026
ORD004482,2024-05-07,CUST00629
ORD004483,2025-08-05,CUST00658
ORD004484,2024-09-27,CUST00367
ORD004485,2025-03-30,CUST00948
ORD004486,2024-01-18,CUST00901
ORD004487,2024-01-10,CUST00956
ORD004488,2024-02-07,CUST00735
ORD004489,2025-05-06,CUST01140
ORD004490,2024-08-11,CUST00837
ORD004491,2024-02-29,CUST01187
ORD004492,2024-03-22,CUST00567
ORD004493,2025-09-16,CUST01130
ORD004494,2024-11-17,CUST00132
ORD004495,2025-03-27,CUST00369
ORD004496,2024-09-21,CUST00566
ORD004497,2024-09-22,CUST01014
ORD004498,2024-05-10,CUST00466
ORD004499,2025-10-07,CUST00358
ORD004500,2024-05-30,CUST00102
ORD004501,2024-08-26,CUST00235
ORD004502,2025-11-01,CUST00079
ORD004503,2024-07-07,CUST01038
ORD004504,2025-03-26,CUST01188
ORD004505,2024-11-20,CUST00086
ORD004506,2025-07-20,CUST00467
ORD004507,2024-03-03,CUST00531
ORD004508,2024-09-20,CUST00034
ORD004509,2025-11-25,CUST00724
ORD004510,2025-07-07,CUST00092
ORD004511,2025-09-06,CUST00481
ORD004512,2024-12-24,CUST00224
ORD004513,2024-03-20,CUST01039
ORD004514,2025-03-30,CUST00232
ORD004515,2025-06-07,CUST00159
ORD004516,2024-08-30,CUST00418
ORD004517,2024-11-29,CUST01169
ORD004518,2025-01-15,CUST00852
ORD004519,2024-03-14,CUST00874
ORD004520,2024-10-16,CUST00294
ORD004521,2024-01-26,CUST00669
ORD004522,2025-09-13,CUST00738
ORD004523,2024-12-09,CUST00836
ORD004524,2025-10-29,CUST00768
ORD004525,2025-04-26,CUST00603
ORD004526,2025-09-28,CUST00064
ORD004527,2024-06-13,CUST00755
ORD004528,2024-02-15,CUST00596
ORD004529,2024-06-02,CUST00053
ORD004530,2024-04-18,CUST00434
ORD004531,2024-11-16,CUST01047
ORD004532,2025-06-04,CUST01191
ORD004533,2025-12-30,CUST00705
ORD004534,2024-08-08,CUST00776
ORD004535,2025-08-19,CUST00067
ORD004536,2025-11-03,CUST00308
ORD004537,2025-01-25,CUST00161
ORD004538,2024-03-20,CUST00460
ORD004539,2025-08-01,CUST01032
ORD004540,2025-08-11,CUST01123
ORD004541,2025-03-04,CUST01104
ORD004542,2024-05-04,CUST01081
ORD004543,2024-02-22,CUST00968
ORD004544,2025-11-06,CUST01075
ORD004545,2025-06-16,CUST00904
ORD004546,2024-11-20,CUST00552
ORD004547,2024-07-18,CUST01179
ORD004548,2024-10-27,CUST00500
ORD004549,2024-12-02,CUST00498
ORD004550,2025-01-05,CUST00473
ORD004551,2025-04-11,CUST00645
ORD004552,2024-04-28,CUST00494
ORD004553,2025-03-31,CUST00840
ORD004554,2025-01-05,CUST00164
ORD004555,2024-12-26,CUST01148
ORD004556,2025-06-01,CUST00157
ORD004557,2025-01-05,CUST00992
ORD004558,2025-09-11,CUST00472
ORD004559,2025-04-04,CUST00858
ORD004560,2024-08-23,CUST01167
ORD004561,2024-05-08,CUST01102
ORD004562,2024-09-07,CUST00835
ORD004563,2025-11-21,CUST01198
ORD004564,2025-11-12,CUST00283
ORD004565,2025-09-12,CUST00534
ORD004566,2024-10-20,CUST00700
ORD004567,2024-11-17,CUST00242
ORD004568,2024-03-24,CUST00837
ORD004569,2025-03-07,CUST01035
ORD004570,2024-05-31,CUST01180
ORD004571,2025-05-21,CUST00406
ORD004572,2024-07-03,CUST00930
ORD004573,2024-01-16,CUST00342
ORD004574,2024-05-03,CUST00858
ORD004575,2024-09-26,CUST01136
ORD004576,2025-12-29,CUST00963
ORD004577,2024-04-13,CUST00259
ORD004578,2024-02-04,CUST00884
ORD004579,2024-01-25,CUST00342
ORD004580,2024-03-15,CUST00272
ORD004581,2025-06-11,CUST01085
ORD004582,2025-02-01,CUST00865
ORD004583,2024-12-28,CUST00262
ORD004584,2025-02-15,CUST01141
ORD004585,2024-09-04,CUST00601
ORD004586,2024-05-01,CUST00690
ORD004587,2024-12-10,CUST00221
ORD004588,2024-02-16,CUST00152
ORD004589,2024-12-29,CUST00920
ORD004590,2025-02-22,CUST00922
ORD004591,2025-03-22,CUST00593
ORD004592,2025-05-03,CUST00276
ORD004593,2024-07-06,CUST01044
ORD004594,2024-03-26,CUST00312
ORD004595,2024-01-08,CUST00758
ORD004596,2025-11-21,CUST00929
ORD004597,2025-01-23,CUST00657
ORD004598,2025-03-25,CUST00362
ORD004599,2025-06-04,CUST00573
ORD004600,2024-04-09,CUST00476
ORD004601,2024-10-31,CUST01011
ORD004602,2024-12-15,CUST00099
ORD004603,2025-07-31,CUST01061
ORD004604,2025-06-21,CUST01188
ORD004605,2025-06-04,CUST00874
ORD004606,2024-10-19,CUST00662
ORD004607,2025-01-28,CUST00653
ORD004608,2024-07-01,CUST00294
ORD004609,2024-02-12,CUST00432
ORD004610,2025-03-16,CUST01064
ORD004611,2024-10-11,CUST01178
ORD004612,2025-09-22,CUST00644
ORD004613,2024-04-11,CUST00712
ORD004614,2024-10-18,CUST00340
ORD004615,2024-05-01,CUST00590
ORD004616,2024-10-07,CUST00997
ORD004617,2025-03-25,CUST00459
ORD004618,2024-06-22,CUST00591
ORD004619,2024-09-22,CUST00218
ORD004620,2024-08-25,CUST00571
ORD004621,2024-05-24,CUST00197
ORD004622,2024-07-30,CUST01131
ORD004623,2025-06-04,CUST00346
ORD004624,2024-01-29,CUST00082
ORD004625,2025-07-06,CUST01102
ORD004626,2024-07-18,CUST00014
ORD004627,2025-05-15,CUST00053
ORD004628,2025-01-13,CUST00417
ORD004629,2024-10-15,CUST01170
ORD004630,2025-03-12,CUST00912
ORD004631,2025-06-17,CUST00259
ORD004632,2025-04-09,CUST00605
ORD004633,2024-04-22,CUST00246
ORD004634,2025-03-31,CUST00886
ORD004635,2025-05-20,CUST00539
ORD004636,2024-03-29,CUST00281
ORD004637,2024-10-12,CUST00239
ORD004638,2024-12-28,CUST00162
ORD004639,2024-08-15,CUST00153
ORD004640,2024-11-30,CUST00321
ORD004641,2025-06-03,CUST00687
ORD004642,2024-10-09,CUST00929
ORD004643,2025-10-07,CUST01051
ORD004644,2025-11-19,CUST00152
ORD004645,2025-12-24,CUST00645
ORD004646,2024-02-09,CUST00888
ORD004647,2024-04-12,CUST01068
ORD004648,2024-11-21,CUST00390
ORD004649,2025-07-25,CUST00073
ORD004650,2025-10-11,CUST00017
ORD004651,2024-09-08,CUST00281
ORD004652,2025-08-23,CUST00771
ORD004653,2024-08-13,CUST00401
ORD004654,2024-09-28,CUST00963
ORD004655,2024-06-04,CUST00993
ORD004656,2024-07-10,CUST01018
ORD004657,2024-10-16,CUST00270
ORD004658,2024-07-22,CUST00182
ORD004659,2025-06-12,CUST00439
ORD004660,2024-01-04,CUST00890
ORD004661,2024-03-09,CUST01005
ORD004662,2025-07-25,CUST00428
ORD004663,2025-12-28,CUST00365
ORD004664,2024-02-09,CUST00857
ORD004665,2025-12-05,CUST00539
ORD004666,2025-09-20,CUST00779
ORD004667,2025-10-08,CUST01196
ORD004668,2024-08-28,CUST00715
ORD004669,2025-05-10,CUST01087
ORD004670,2025-11-03,CUST00369
ORD004671,2024-11-03,CUST00475
ORD004672,2024-10-26,CUST00994
ORD004673,2025-05-16,CUST00804
ORD004674,2025-09-04,CUST00732
ORD004675,2025-07-10,CUST00986
ORD004676,2024-10-29,CUST00198
ORD004677,2024-08-12,CUST00231
ORD004678,2024-10-21,CUST00860
ORD004679,2025-04-02,CUST00667
ORD004680,2024-09-10,CUST00871
ORD004681,2024-04-28,CUST00361
ORD004682,2025-04-20,CUST00654
ORD004683,2025-11-07,CUST00233
ORD004684,2024-12-21,CUST00816
ORD004685,2025-12-22,CUST00263
ORD004686,2025-05-10,CUST01002
ORD004687,2025-09-07,CUST00844
ORD004688,2025-12-04,CUST00481
ORD004689,2024-01-30,CUST00596
ORD004690,2024-10-01,CUST01040
ORD004691,2024-08-08,CUST00838
ORD004692,2024-03-03,CUST01152
ORD004693,2024-11-26,CUST00536
ORD004694,2025-11-22,CUST00651
ORD004695,2025-02-25,CUST00802
ORD004696,2025-03-28,CUST00871
ORD004697,2025-02-12,CUST00534
ORD004698,2024-02-25,CUST00550
ORD004699,2025-05-12,CUST00449
ORD004700,2024-12-13,CUST00094
ORD004701,2024-11-11,CUST00917
ORD004702,2025-02-23,CUST00454
ORD004703,2025-08-09,CUST00342
ORD004704,2025-07-02,CUST00423
ORD004705,2025-10-02,CUST00226
ORD004706,2025-09-20,CUST00676
ORD004707,2024-05-12,CUST01106
ORD004708,2024-01-21,CUST00044
ORD004709,2025-01-23,CUST00185
ORD004710,2025-12-22,CUST00683
ORD004711,2024-12-27,CUST01133
ORD004712,2024-03-05,CUST00101
ORD004713,2025-06-15,CUST00432
ORD004714,2025-01-05,CUST01097
ORD004715,2024-07-22,CUST00322
ORD004716,2025-07-02,CUST00811
ORD004717,2024-08-22,CUST00595
ORD004718,2024-06-14,CUST00766
ORD004719,2024-12-05,CUST00847
ORD004720,2024-08-08,CUST01133
ORD004721,2024-09-11,CUST00028
ORD004722,2024-02-06,CUST00042
ORD004723,2025-06-23,CUST00210
ORD004724,2025-05-28,CUST00815
ORD004725,2025-05-11,CUST00087
ORD004726,2024-06-09,CUST00580
ORD004727,2024-11-04,CUST00050
ORD004728,2024-08-23,CUST00507
ORD004729,2024-02-04,CUST00558
ORD004730,2024-05-06,CUST00774
ORD004731,2025-11-02,CUST00821
ORD004732,2024-05-14,CUST00553
ORD004733,2024-03-27,CUST00157
ORD004734,2024-03-16,CUST01034
ORD004735,2025-12-21,CUST00851
ORD004736,2024-01-21,CUST00031
ORD004737,2025-07-08,CUST00311
ORD004738,2024-04-07,CUST00802
ORD004739,2024-07-17,CUST00640
ORD004740,2024-11-27,CUST00871
ORD004741,2025-06-08,CUST00048
ORD004742,2024-11-05,CUST00562
ORD004743,2025-04-14,CUST00416
ORD004744,2024-04-12,CUST00542
ORD004745,2025-11-02,CUST01181
ORD004746,2025-04-27,CUST00772
ORD004747,2024-10-25,CUST00880
ORD004748,2024-04-05,CUST00456
ORD004749,2025-02-20,CUST01149
ORD004750,2024-10-12,CUST00990
ORD004751,2024-10-18,CUST01093
ORD004752,2025-06-02,CUST00501
ORD004753,2025-01-26,CUST00036
ORD004754,2025-05-23,CUST00807
ORD004755,2025-01-16,CUST01120
ORD004756,2024-04-20,CUST00927
ORD004757,2024-08-17,CUST01184
ORD004758,2024-01-26,CUST00814
ORD004759,2024-08-25,CUST00916
ORD004760,2025-01-13,CUST00977
ORD004761,2025-07-30,CUST00224
ORD004762,2025-10-20,CUST00637
ORD004763,2024-12-06,CUST00295
ORD004764,2025-10-07,CUST00172
ORD004765,2024-04-07,CUST01149
ORD004766,2024-06-22,CUST00426
ORD004767,2025-05-16,CUST00512
ORD004768,2024-03-26,CUST00290
ORD004769,2025-02-16,CUST00970
ORD004770,2025-06-19,CUST01161
ORD004771,2024-08-26,CUST00121
ORD004772,2025-05-20,CUST00517
ORD004773,2025-02-25,CUST00638
ORD004774,2024-12-11,CUST00309
ORD004775,2024-02-07,CUST00659
ORD004776,2025-12-06,CUST01158
ORD004777,2025-09-05,CUST00833
ORD004778,2024-01-06,CUST00550
ORD004779,2025-12-07,CUST00429
ORD004780,2025-07-29,CUST01001
ORD004781,2025-07-12,CUST01024
ORD004782,2024-11-16,CUST00483
ORD004783,2024-11-25,CUST00945
ORD004784,2025-12-26,CUST00990
ORD004785,2025-06-10,CUST01137
ORD004786,2024-03-24,CUST00216
ORD004787,2025-03-11,CUST00159
ORD004788,2025-01-19,CUST00261
ORD004789,2024-01-14,CUST00332
ORD004790,2025-06-16,CUST00249
ORD004791,2024-06-19,CUST00405
ORD004792,2025-03-24,CUST00233
ORD004793,2024-02-09,CUST00869
ORD004794,2025-05-22,CUST00350
ORD004795,2025-10-03,CUST01075
ORD004796,2025-05-13,CUST00287
ORD004797,2025-07-14,CUST00857
ORD004798,2025-02-12,CUST00019
ORD004799,2024-10-30,CUST00241
ORD004800,2025-03-21,CUST00603
ORD004801,2025-11-23,CUST00556
ORD004802,2025-06-19,CUST00661
ORD004803,2025-09-21,CUST00762
ORD004804,2025-07-31,CUST00340
ORD004805,2024-05-24,CUST00595
ORD004806,2025-06-19,CUST00419
ORD004807,2025-09-20,CUST00761
ORD004808,2025-06-15,CUST00515
ORD004809,2025-04-28,CUST00948
ORD004810,2024-08-03,CUST00677
ORD004811,2024-05-18,CUST00337
ORD004812,2025-06-20,CUST00971
ORD004813,2024-01-11,CUST00651
ORD004814,2025-03-02,CUST00368
ORD004815,2024-06-02,CUST00964
ORD004816,2024-03-09,CUST00012
ORD004817,2024-11-15,CUST00385
ORD004818,2024-07-23,CUST00193
ORD004819,2025-07-04,CUST00940
ORD004820,2024-12-04,CUST00194
ORD004821,2024-03-03,CUST00960
ORD004822,2025-08-31,CUST00321
ORD004823,2024-03-09,CUST00718
ORD004824,2025-10-13,CUST01146
ORD004825,2024-08-19,CUST00707
ORD004826,2025-10-05,CUST00029
ORD004827,2024-07-16,CUST00563
ORD004828,2024-10-18,CUST00873
ORD004829,2025-08-21,CUST00627
ORD004830,2025-01-11,CUST00826
ORD004831,2024-09-17,CUST01150
ORD004832,2025-07-08,CUST00415
ORD004833,2024-03-20,CUST00313
ORD004834,2024-04-15,CUST00444
ORD004835,2024-10-13,CUST00366
ORD004836,2024-09-26,CUST01155
ORD004837,2024-04-14,CUST00260
ORD004838,2025-06-18,CUST00785
ORD004839,2024-12-04,CUST01179
ORD004840,2025-08-29,CUST00568
ORD004841,2025-09-22,CUST00970
ORD004842,2024-08-02,CUST00345
ORD004843,2024-01-03,CUST00475
ORD004844,2024-08-09,CUST00188
ORD004845,2025-09-21,CUST00301
ORD004846,2024-05-26,CUST00338
ORD004847,2025-05-01,CUST00001
ORD004848,2024-11-27,CUST00160
ORD004849,2024-02-23,CUST00281
ORD004850,2025-06-07,CUST00901
ORD004851,2025-03-11,CUST00967
ORD004852,2024-11-30,CUST00620
ORD004853,2025-05-27,CUST00241
ORD004854,2024-09-03,CUST01148
ORD004855,2025-02-06,CUST00773
ORD004856,2025-01-29,CUST00972
ORD004857,2024-12-29,CUST00639
ORD004858,2025-06-18,CUST00650
ORD004859,2025-06-27,CUST00161
ORD004860,2025-09-11,CUST00439
ORD004861,2024-06-19,CUST00569
ORD004862,2025-12-29,CUST00293
ORD004863,2025-03-23,CUST01148
ORD004864,2025-03-28,CUST01004
ORD004865,2025-12-12,CUST00514
ORD004866,2025-12-02,CUST00247
ORD004867,2025-07-25,CUST00892
ORD004868,2025-10-29,CUST00714
ORD004869,2024-07-01,CUST00052
ORD004870,2025-01-09,CUST00955
ORD004871,2025-11-17,CUST00709
ORD004872,2025-03-10,CUST00438
ORD004873,2025-09-23,CUST01147
ORD004874,2024-07-14,CUST00784
ORD004875,2025-01-18,CUST00367
ORD004876,2024-01-11,CUST00402
ORD004877,2025-03-28,CUST00740
ORD004878,2025-06-22,CUST00400
ORD004879,2024-01-06,CUST00636
ORD004880,2024-12-02,CUST00193
ORD004881,2025-01-12,CUST00520
ORD004882,2025-05-29,CUST00027
ORD004883,2025-09-13,CUST00560
ORD004884,2024-02-04,CUST00564
ORD004885,2025-10-19,CUST00981
ORD004886,2025-02-11,CUST00090
ORD004887,2025-12-13,CUST00519
ORD004888,2024-10-07,CUST00118
ORD004889,2025-08-08,CUST00063
ORD004890,2025-04-27,CUST00931
ORD004891,2025-05-17,CUST00356
ORD004892,2025-04-29,CUST01118
ORD004893,2024-04-16,CUST00079
ORD004894,2025-01-13,CUST00060
ORD004895,2025-09-19,CUST00314
ORD004896,2025-12-23,CUST00363
ORD004897,2024-05-14,CUST00170
ORD004898,2025-03-05,CUST00245
ORD004899,2024-02-27,CUST00909
ORD004900,2025-10-14,CUST00128
ORD004901,2024-11-17,CUST00200
ORD004902,2025-07-11,CUST00569
ORD004903,2024-07-17,CUST00035
ORD004904,2024-12-06,CUST00649
ORD004905,2025-12-27,CUST00347
ORD004906,2025-08-23,CUST00751
ORD004907,2025-06-12,CUST00030
ORD004908,2025-11-11,CUST00826
ORD004909,2025-03-02,CUST00126
ORD004910,2024-03-07,CUST00396
ORD004911,2025-05-28,CUST00303
ORD004912,2024-09-30,CUST00172
ORD004913,2024-06-25,CUST00909
ORD004914,2024-02-15,CUST00565
ORD004915,2025-09-15,CUST00407
ORD004916,2025-12-06,CUST01036
ORD004917,2025-02-23,CUST00355
ORD004918,2025-10-12,CUST00007
ORD004919,2024-11-14,CUST00561
ORD004920,2025-07-28,CUST00719
ORD004921,2024-04-30,CUST00700
ORD004922,2025-04-22,CUST01164
ORD004923,2025-12-14,CUST00177
ORD004924,2025-08-02,CUST00949
ORD004925,2024-03-31,CUST00239
ORD004926,2024-04-02,CUST00374
ORD004927,2024-03-29,CUST00381
ORD004928,2024-11-21,CUST00042
ORD004929,2024-06-22,CUST00022
ORD004930,2024-08-10,CUST00768
ORD004931,2025-04-16,CUST00167
ORD004932,2024-09-09,CUST00631
ORD004933,2025-11-28,CUST00392
ORD004934,2024-05-15,CUST00636
ORD004935,2024-02-24,CUST00777
ORD004936,2025-12-23,CUST00588
ORD004937,2024-07-01,CUST00572
ORD004938,2024-05-23,CUST01158
ORD004939,2024-11-19,CUST00848
ORD004940,2024-08-19,CUST00386
ORD004941,2024-10-06,CUST00409
ORD004942,2024-06-30,CUST00605
ORD004943,2024-09-22,CUST00901
ORD004944,2024-09-27,CUST00190
ORD004945,2025-05-16,CUST00728
ORD004946,2025-08-15,CUST00745
ORD004947,2024-12-23,CUST01072
ORD004948,2025-04-05,CUST00350
ORD004949,2024-02-07,CUST01199
ORD004950,2025-01-29,CUST00319
ORD004951,2025-07-04,CUST01165
ORD004952,2024-08-03,CUST00889
ORD004953,2024-12-21,CUST00592
ORD004954,2024-07-31,CUST00701
ORD004955,2025-12-17,CUST01032
ORD004956,2025-07-18,CUST00551
ORD004957,2024-04-02,CUST01052
ORD004958,2024-08-03,CUST00529
ORD004959,2024-08-11,CUST00958
ORD004960,2024-09-24,CUST00065
ORD004961,2024-04-28,CUST01059
ORD004962,2025-11-05,CUST00382
ORD004963,2025-05-01,CUST00287
ORD004964,2025-04-23,CUST00662
ORD004965,2025-01-16,CUST01155
ORD004966,2025-01-21,CUST00070
ORD004967,2024-11-26,CUST00215
ORD004968,2025-10-06,CUST00735
ORD004969,2024-01-09,CUST00326
ORD004970,2025-03-07,CUST00974
ORD004971,2024-12-08,CUST00690
ORD004972,2025-10-25,CUST00206
ORD004973,2024-07-10,CUST00734
ORD004974,2024-11-09,CUST00334
ORD004975,2025-04-23,CUST01120
ORD004976,2024-07-09,CUST00045
ORD004977,2025-03-25,CUST00935
ORD004978,2025-08-30,CUST01180
ORD004979,2025-12-12,CUST00891
ORD004980,2025-02-12,CUST00970
ORD004981,2024-09-06,CUST00518
ORD004982,2025-01-17,CUST00692
ORD004983,2025-05-09,CUST00822
ORD004984,2024-11-03,CUST00083
ORD004985,2024-08-27,CUST01039
ORD004986,2024-04-20,CUST00863
ORD004987,2025-03-12,CUST00552
ORD004988,2025-08-14,CUST00821
ORD004989,2025-08-30,CUST00059
ORD004990,2024-06-16,CUST01049
ORD004991,2024-06-19,CUST00616
ORD004992,2025-09-03,CUST01074
ORD004993,2024-07-22,CUST01164
ORD004994,2024-05-22,CUST00267
ORD004995,2025-11-10,CUST00683
ORD004996,2024-02-25,CUST00186
ORD004997,2024-11-12,CUST00290
ORD004998,2024-12-20,CUST00940
ORD004999,2025-02-09,CUST00339
ORD005000,2025-04-16,CUST00002
ORD005001,2025-11-05,CUST00303
ORD005002,2024-07-24,CUST00353
ORD005003,2024-11-04,CUST00630
ORD005004,2024-03-23,CUST00379
ORD005005,2024-08-29,CUST00417
ORD005006,2025-03-23,CUST00185
ORD005007,2024-09-07,CUST00316
ORD005008,2025-12-02,CUST01138
ORD005009,2025-01-18,CUST00011
ORD005010,2025-05-03,CUST00327
ORD005011,2024-12-18,CUST00205
ORD005012,2025-04-27,CUST01127
ORD005013,2025-12-04,CUST00808
ORD005014,2025-12-16,CUST00436
ORD005015,2025-04-28,CUST00771
ORD005016,2025-04-19,CUST00498
ORD005017,2024-04-08,CUST00794
ORD005018,2024-05-11,CUST00652
ORD005019,2024-05-16,CUST00819
ORD005020,2024-11-30,CUST00580
ORD005021,2025-11-21,CUST00870
ORD005022,2025-09-03,CUST00807
ORD005023,2025-06-30,CUST00147
ORD005024,2024-12-21,CUST01001
ORD005025,2025-11-16,CUST00056
ORD005026,2024-08-15,CUST00365
ORD005027,2024-08-28,CUST00756
ORD005028,2025-01-05,CUST00697
ORD005029,2025-05-28,CUST00004
ORD005030,2025-09-17,CUST00816
ORD005031,2024-03-20,CUST00472
ORD005032,2024-05-21,CUST01024
ORD005033,2024-07-11,CUST00091
ORD005034,2024-08-04,CUST00619
ORD005035,2025-03-21,CUST00191
ORD005036,2024-12-13,CUST00787
ORD005037,2025-10-31,CUST00369
ORD005038,2025-03-11,CUST00309
ORD005039,2024-10-18,CUST00638
ORD005040,2025-01-31,CUST00985
ORD005041,2024-02-05,CUST00535
ORD005042,2025-03-07,CUST00368
ORD005043,2024-06-16,CUST00816
ORD005044,2025-11-29,CUST01060
ORD005045,2024-04-18,CUST00953
ORD005046,2024-03-25,CUST00710
ORD005047,2025-12-03,CUST00208
ORD005048,2025-11-02,CUST00829
ORD005049,2024-01-13,CUST00330
ORD005050,2024-11-22,CUST00264
ORD005051,2025-08-11,CUST01039
ORD005052,2025-01-28,CUST00932
ORD005053,2024-01-12,CUST00996
ORD005054,2025-10-31,CUST00823
ORD005055,2025-03-08,CUST00112
ORD005056,2024-11-06,CUST00871
ORD005057,2024-09-21,CUST00238
ORD005058,2025-09-10,CUST00923
ORD005059,2025-05-29,CUST00764
ORD005060,2025-04-29,CUST00687
ORD005061,2025-07-01,CUST00748
ORD005062,2024-04-24,CUST00367
ORD005063,2025-03-10,CUST01089
ORD005064,2025-01-27,CUST00164
ORD005065,2024-06-02,CUST00015
ORD005066,2024-12-11,CUST00529
ORD005067,2024-07-21,CUST01055
ORD005068,2025-09-21,CUST00932
ORD005069,2025-03-21,CUST00100
ORD005070,2025-04-20,CUST00577
ORD005071,2024-02-10,CUST00249
ORD005072,2025-05-16,CUST00943
ORD005073,2025-01-10,CUST00103
ORD005074,2025-09-05,CUST00757
ORD005075,2024-09-15,CUST00872
ORD005076,2024-12-11,CUST00607
ORD005077,2024-01-25,CUST01112
ORD005078,2024-09-30,CUST00367
ORD005079,2024-10-27,CUST00731
ORD005080,2025-03-03,CUST00036
ORD005081,2025-04-02,CUST00665
ORD005082,2024-10-31,CUST00073
ORD005083,2025-09-02,CUST00229
ORD005084,2024-12-31,CUST00075
ORD005085,2025-06-28,CUST00812
ORD005086,2024-09-11,CUST00359
ORD005087,2024-03-27,CUST01096
ORD005088,2024-04-06,CUST00259
ORD005089,2024-05-28,CUST01011
ORD005090,2025-03-17,CUST00563
ORD005091,2024-12-19,CUST00939
ORD005092,2025-12-06,CUST00500
ORD005093,2025-06-20,CUST01166
ORD005094,2025-04-14,CUST00084
ORD005095,2024-03-19,CUST00669
ORD005096,2025-01-16,CUST00079
ORD005097,2024-05-30,CUST00208
ORD005098,2025-01-26,CUST01050
ORD005099,2024-03-21,CUST00692
ORD005100,2025-10-14,CUST00619
ORD005101,2025-03-08,CUST00821
ORD005102,2024-01-23,CUST00377
ORD005103,2024-09-20,CUST00163
ORD005104,2025-03-19,CUST00239
ORD005105,2024-07-15,CUST01170
ORD005106,2024-09-24,CUST00621
ORD005107,2025-09-22,CUST01053
ORD005108,2025-07-06,CUST00500
ORD005109,2025-12-11,CUST00101
ORD005110,2025-01-18,CUST01175
ORD005111,2025-04-29,CUST00441
ORD005112,2025-03-23,CUST00563
ORD005113,2025-12-06,CUST00381
ORD005114,2024-10-10,CUST01028
ORD005115,2025-11-18,CUST00094
ORD005116,2025-09-11,CUST00817
ORD005117,2024-07-04,CUST00584
ORD005118,2024-10-06,CUST00011
ORD005119,2025-02-20,CUST00425
ORD005120,2024-01-20,CUST00849
ORD005121,2025-11-03,CUST00266
ORD005122,2024-10-08,CUST00547
ORD005123,2025-04-18,CUST00652
ORD005124,2024-04-09,CUST00454
ORD005125,2024-08-18,CUST00038
ORD005126,2025-12-27,CUST00665
ORD005127,2024-08-14,CUST00131
ORD005128,2025-09-18,CUST00590
ORD005129,2025-12-30,CUST00944
ORD005130,2025-08-25,CUST00862
ORD005131,2025-10-12,CUST00674
ORD005132,2025-07-08,CUST00797
ORD005133,2025-05-02,CUST01143
ORD005134,2024-01-13,CUST00703
ORD005135,2024-12-14,CUST00655
ORD005136,2024-12-20,CUST00911
ORD005137,2024-06-04,CUST00947
ORD005138,2025-05-25,CUST00432
ORD005139,2025-06-29,CUST00349
ORD005140,2025-11-20,CUST00799
ORD005141,2024-09-18,CUST00826
ORD005142,2024-02-03,CUST01171
ORD005143,2024-03-21,CUST00997
ORD005144,2025-07-28,CUST00708
ORD005145,2024-03-26,CUST00426
ORD005146,2025-06-26,CUST00757
ORD005147,2024-11-07,CUST00598
ORD005148,2024-11-18,CUST00925
ORD005149,2025-11-21,CUST00958
ORD005150,2024-01-31,CUST00320
ORD005151,2025-10-01,CUST01198
ORD005152,2024-06-19,CUST00721
ORD005153,2025-08-01,CUST00884
ORD005154,2025-03-01,CUST00048
ORD005155,2024-10-17,CUST01140
ORD005156,2025-05-17,CUST00481
ORD005157,2025-01-19,CUST01101
ORD005158,2024-05-14,CUST00776
ORD005159,2025-09-13,CUST00253
ORD005160,2024-04-09,CUST00811
ORD005161,2024-08-11,CUST00433
ORD005162,2024-04-23,CUST01169
ORD005163,2024-10-23,CUST00366
ORD005164,2024-06-11,CUST00822
ORD005165,2025-07-17,CUST00837
ORD005166,2024-12-26,CUST00446
ORD005167,2025-03-04,CUST00572
ORD005168,2024-11-23,CUST00744
ORD005169,2025-10-07,CUST00217
ORD005170,2025-11-11,CUST00651
ORD005171,2025-05-29,CUST01097
ORD005172,2025-06-29,CUST00804
ORD005173,2024-08-18,CUST00828
ORD005174,2025-05-21,CUST00951
ORD005175,2024-10-20,CUST00921
ORD005176,2024-06-09,CUST00364
ORD005177,2025-02-13,CUST00591
ORD005178,2024-01-04,CUST01091
ORD005179,2024-12-08,CUST00951
ORD005180,2025-11-02,CUST00353
ORD005181,2025-11-30,CUST00202
ORD005182,2025-01-27,CUST01189
ORD005183,2025-10-30,CUST00857
ORD005184,2025-03-04,CUST00841
ORD005185,2024-07-12,CUST00060
ORD005186,2025-09-25,CUST00460
ORD005187,2024-05-21,CUST01031
ORD005188,2024-03-23,CUST01169
ORD005189,2025-02-22,CUST00047
ORD005190,2024-11-28,CUST00512
ORD005191,2024-06-19,CUST01166
ORD005192,2025-10-02,CUST00967
ORD005193,2025-12-01,CUST00187
ORD005194,2025-01-14,CUST00047
ORD005195,2025-09-07,CUST00798
ORD005196,2025-07-19,CUST01048
ORD005197,2024-07-16,CUST00331
ORD005198,2025-04-13,CUST00756
ORD005199,2024-09-02,CUST00359
ORD005200,2025-04-28,CUST00410
ORD005201,2024-11-26,CUST00272
ORD005202,2024-10-27,CUST00133
ORD005203,2024-02-01,CUST00424
ORD005204,2025-08-14,CUST00945
ORD005205,2025-04-15,CUST00502
ORD005206,2025-12-01,CUST00909
ORD005207,2024-09-04,CUST00363
ORD005208,2025-04-17,CUST01025
ORD005209,2025-10-18,CUST00228
ORD005210,2025-09-10,CUST00679
ORD005211,2024-06-12,CUST00502
ORD005212,2025-04-18,CUST00144
ORD005213,2024-01-08,CUST00067
ORD005214,2025-11-29,CUST00833
ORD005215,2025-06-16,CUST00963
ORD005216,2025-01-29,CUST00145
ORD005217,2025-03-03,CUST00533
ORD005218,2025-07-04,CUST00248
ORD005219,2025-09-13,CUST01094
ORD005220,2024-01-25,CUST00899
ORD005221,2025-05-07,CUST00123
ORD005222,2024-10-26,CUST00816
ORD005223,2024-02-10,CUST00745
ORD005224,2025-02-13,CUST01048
ORD005225,2025-10-06,CUST00902
ORD005226,2025-03-14,CUST00255
ORD005227,2024-04-16,CUST00299
ORD005228,2024-09-25,CUST01188
ORD005229,2024-04-24,CUST00347
ORD005230,2025-01-10,CUST00846
ORD005231,2025-11-03,CUST00696
ORD005232,2024-05-25,CUST00498
ORD005233,2025-05-09,CUST00431
ORD005234,2024-09-27,CUST00199
ORD005235,2024-12-03,CUST00152
ORD005236,2025-04-14,CUST01007
ORD005237,2024-09-07,CUST00533
ORD005238,2024-12-16,CUST00605
ORD005239,2025-12-06,CUST00911
ORD005240,2024-12-04,CUST00923
ORD005241,2025-12-17,CUST00529
ORD005242,2025-08-04,CUST00564
ORD005243,2025-08-31,CUST00074
ORD005244,2024-05-23,CUST00304
ORD005245,2025-06-18,CUST00591
ORD005246,2024-01-27,CUST00453
ORD005247,2025-01-14,CUST01155
ORD005248,2025-01-06,CUST00597
ORD005249,2024-11-10,CUST00325
ORD005250,2025-08-04,CUST00625
ORD005251,2025-05-01,CUST00901
ORD005252,2025-11-20,CUST00604
ORD005253,2024-06-07,CUST00264
ORD005254,2024-05-30,CUST00599
ORD005255,2025-01-28,CUST00527
ORD005256,2025-10-14,CUST00467
ORD005257,2024-01-29,CUST00434
ORD005258,2025-08-20,CUST00621
ORD005259,2024-05-31,CUST01197
ORD005260,2024-01-13,CUST00532
ORD005261,2025-01-07,CUST01042
ORD005262,2025-06-13,CUST00832
ORD005263,2025-05-03,CUST00349
ORD005264,2024-12-18,CUST00320
ORD005265,2025-08-24,CUST01027
ORD005266,2024-11-17,CUST01072
ORD005267,2025-01-18,CUST00775
ORD005268,2025-05-11,CUST00347
ORD005269,2025-06-21,CUST00988
ORD005270,2024-06-28,CUST00992
ORD005271,2025-01-23,CUST00030
ORD005272,2025-11-15,CUST00133
ORD005273,2024-12-16,CUST00461
ORD005274,2024-11-12,CUST00423
ORD005275,2024-08-17,CUST00308
ORD005276,2024-10-11,CUST00245
ORD005277,2025-10-27,CUST00404
ORD005278,2024-12-31,CUST01022
ORD005279,2025-04-15,CUST01167
ORD005280,2025-10-15,CUST00025
ORD005281,2025-06-20,CUST00468
ORD005282,2024-07-26,CUST00745
ORD005283,2025-11-11,CUST00068
ORD005284,2025-02-12,CUST00203
ORD005285,2024-12-03,CUST01040
ORD005286,2024-03-09,CUST00556
ORD005287,2025-07-20,CUST01096
ORD005288,2025-07-04,CUST00163
ORD005289,2024-02-27,CUST00915
ORD005290,2025-08-03,CUST01071
ORD005291,2024-09-10,CUST00502
ORD005292,2024-09-19,CUST00375
ORD005293,2025-12-07,CUST00502
ORD005294,2024-08-21,CUST00935
ORD005295,2024-06-30,CUST00083
ORD005296,2025-09-15,CUST00545
ORD005297,2025-07-19,CUST00569
ORD005298,2024-04-03,CUST00390
ORD005299,2024-03-06,CUST00272
ORD005300,2025-06-19,CUST00621
ORD005301,2024-03-03,CUST00426
ORD005302,2024-08-21,CUST00500
ORD005303,2025-08-22,CUST01191
ORD005304,2025-05-03,CUST00951
ORD005305,2024-04-10,CUST01100
ORD005306,2024-02-22,CUST00654
ORD005307,2025-10-11,CUST00150
ORD005308,2024-07-20,CUST00980
ORD005309,2024-04-29,CUST00906
ORD005310,2024-03-26,CUST00975
ORD005311,2024-07-21,CUST00205
ORD005312,2025-07-09,CUST00441
ORD005313,2025-09-04,CUST00998
ORD005314,2024-11-03,CUST01166
ORD005315,2024-01-10,CUST01192
ORD005316,2025-03-16,CUST00229
ORD005317,2025-03-29,CUST00399
ORD005318,2025-08-26,CUST00935
ORD005319,2024-01-01,CUST00516
ORD005320,2025-02-20,CUST00555
ORD005321,2025-05-19,CUST00362
ORD005322,2024-12-02,CUST01039
ORD005323,2025-05-09,CUST01054
ORD005324,2024-10-17,CUST00614
ORD005325,2024-09-27,CUST01090
ORD005326,2024-09-11,CUST00699
ORD005327,2024-10-08,CUST01150
ORD005328,2025-05-30,CUST00633
ORD005329,2025-10-02,CUST00902
ORD005330,2024-04-24,CUST00374
ORD005331,2025-05-14,CUST00014
ORD005332,2024-11-22,CUST01044
ORD005333,2025-04-26,CUST01016
ORD005334,2024-06-16,CUST00367
ORD005335,2024-03-08,CUST00885
ORD005336,2025-11-20,CUST00624
ORD005337,2024-04-06,CUST00908
ORD005338,2024-12-16,CUST01104
ORD005339,2024-07-06,CUST00397
ORD005340,2024-04-21,CUST00475
ORD005341,2024-08-06,CUST00630
ORD005342,2025-05-28,CUST00626
ORD005343,2024-11-23,CUST01087
ORD005344,2025-04-28,CUST00211
ORD005345,2025-12-02,CUST00615
ORD005346,2025-09-16,CUST00431
ORD005347,2025-08-07,CUST00317
ORD005348,2024-11-27,CUST00321
ORD005349,2024-07-15,CUST00812
ORD005350,2024-06-24,CUST00324
ORD005351,2025-09-16,CUST00322
ORD005352,2024-11-29,CUST01058
ORD005353,2025-04-30,CUST00854
ORD005354,2024-10-02,CUST00469
ORD005355,2024-09-26,CUST00967
ORD005356,2024-11-06,CUST00760
ORD005357,2024-05-28,CUST00628
ORD005358,2024-12-07,CUST00725
ORD005359,2024-11-18,CUST00922
ORD005360,2024-11-11,CUST00872
ORD005361,2025-07-30,CUST00806
ORD005362,2025-03-03,CUST00012
ORD005363,2025-02-17,CUST00114
ORD005364,2025-02-22,CUST00725
ORD005365,2025-10-23,CUST00287
ORD005366,2025-04-12,CUST00562
ORD005367,2024-01-20,CUST00415
ORD005368,2024-08-01,CUST00525
ORD005369,2024-10-28,CUST00765
ORD005370,2024-01-25,CUST00660
ORD005371,2025-03-13,CUST00784
ORD005372,2024-11-29,CUST01143
ORD005373,2025-07-27,CUST00409
ORD005374,2024-08-08,CUST01031
ORD005375,2025-03-26,CUST00562
ORD005376,2024-04-19,CUST00153
ORD005377,2024-09-05,CUST00329
ORD005378,2024-11-29,CUST00983
ORD005379,2025-08-30,CUST00963
ORD005380,2024-02-17,CUST00799
ORD005381,2025-12-05,CUST00998
ORD005382,2024-09-12,CUST00574
ORD005383,2025-09-13,CUST00769
ORD005384,2024-03-01,CUST00208
ORD005385,2024-02-27,CUST00702
ORD005386,2024-10-09,CUST01102
ORD005387,2025-01-13,CUST00898
ORD005388,2024-10-18,CUST00228
ORD005389,2025-04-28,CUST00276
ORD005390,2024-03-16,CUST00665
ORD005391,2025-02-27,CUST00311
ORD005392,2024-06-03,CUST00613
ORD005393,2025-08-10,CUST00410
ORD005394,2025-07-29,CUST00181
ORD005395,2025-03-24,CUST00503
ORD005396,2024-12-01,CUST01173
ORD005397,2025-07-13,CUST00534
ORD005398,2025-07-24,CUST01088
ORD005399,2024-10-25,CUST00045
ORD005400,2024-05-23,CUST00140
ORD005401,2025-12-17,CUST00643
ORD005402,2025-01-04,CUST00914
ORD005403,2024-08-07,CUST00378
ORD005404,2024-11-24,CUST00960
ORD005405,2024-08-21,CUST00944
ORD005406,2025-01-05,CUST00683
ORD005407,2024-07-22,CUST00531
ORD005408,2024-09-18,CUST00048
ORD005409,2024-05-23,CUST00245
ORD005410,2025-10-19,CUST00842
ORD005411,2025-03-13,CUST00812
ORD005412,2025-05-13,CUST00099
ORD005413,2025-06-25,CUST00124
ORD005414,2025-06-08,CUST00765
ORD005415,2024-01-17,CUST01159
ORD005416,2025-03-23,CUST00066
ORD005417,2025-05-31,CUST00670
ORD005418,2025-07-05,CUST01008
ORD005419,2024-10-16,CUST01178
ORD005420,2024-12-07,CUST00138
ORD005421,2024-03-18,CUST01158
ORD005422,2024-04-04,CUST01144
ORD005423,2024-04-25,CUST01090
ORD005424,2024-06-11,CUST01052
ORD005425,2024-03-30,CUST01176
ORD005426,2025-04-24,CUST00391
ORD005427,2024-03-15,CUST00883
ORD005428,2024-10-10,CUST00954
ORD005429,2025-04-07,CUST00312
ORD005430,2025-10-28,CUST00677
ORD005431,2024-03-15,CUST00373
ORD005432,2025-10-25,CUST01179
ORD005433,2024-12-13,CUST00930
ORD005434,2025-06-24,CUST00886
ORD005435,2024-01-22,CUST00823
ORD005436,2025-08-11,CUST00602
ORD005437,2024-01-07,CUST00799
ORD005438,2024-01-20,CUST00018
ORD005439,2024-08-18,CUST00661
ORD005440,2025-03-13,CUST00309
ORD005441,2024-09-22,CUST00457
ORD005442,2025-08-21,CUST00669
ORD005443,2025-06-29,CUST00938
ORD005444,2025-10-31,CUST00411
ORD005445,2025-08-11,CUST00727
ORD005446,2025-08-13,CUST00313
ORD005447,2024-07-12,CUST00304
ORD005448,2024-07-30,CUST00632
ORD005449,2024-07-04,CUST00207
ORD005450,2024-01-27,CUST01093
ORD005451,2025-09-08,CUST00081
ORD005452,2024-05-10,CUST01107
ORD005453,2024-12-22,CUST00142
ORD005454,2024-12-01,CUST00646
ORD005455,2024-08-23,CUST00428
ORD005456,2024-07-25,CUST00621
ORD005457,2024-06-16,CUST00869
ORD005458,2024-10-04,CUST00478
ORD005459,2024-08-10,CUST00728
ORD005460,2024-01-28,CUST00282
ORD005461,2025-03-26,CUST00253
ORD005462,2025-01-19,CUST00053
ORD005463,2025-03-30,CUST00428
ORD005464,2025-01-24,CUST00101
ORD005465,2025-04-02,CUST00899
ORD005466,2025-02-12,CUST00407
ORD005467,2024-07-29,CUST00780
ORD005468,2025-08-27,CUST00256
ORD005469,2024-04-05,CUST00359
ORD005470,2025-06-02,CUST01185
ORD005471,2025-06-12,CUST00250
ORD005472,2024-06-15,CUST00430
ORD005473,2024-05-03,CUST01002
ORD005474,2025-09-11,CUST00734
ORD005475,2024-11-20,CUST00851
ORD005476,2024-07-14,CUST00431
ORD005477,2024-04-02,CUST01039
ORD005478,2025-01-03,CUST00979
ORD005479,2024-09-18,CUST01042
ORD005480,2024-04-24,CUST00936
ORD005481,2024-01-17,CUST00015
ORD005482,2025-01-24,CUST00861
ORD005483,2025-02-13,CUST00205
ORD005484,2024-12-29,CUST00739
ORD005485,2024-11-13,CUST00134
ORD005486,2025-03-20,CUST00616
ORD005487,2024-08-22,CUST00173
ORD005488,2025-10-28,CUST00799
ORD005489,2025-04-27,CUST00033
ORD005490,2024-10-08,CUST00663
ORD005491,2024-02-16,CUST00289
ORD005492,2024-09-11,CUST00364
ORD005493,2025-08-01,CUST00019
ORD005494,2024-05-11,CUST01063
ORD005495,2024-06-08,CUST00288
ORD005496,2025-12-12,CUST00963
ORD005497,2024-02-09,CUST00126
ORD005498,2025-09-02,CUST00430
ORD005499,2025-11-07,CUST00601
ORD005500,2025-01-15,CUST00850
ORD005501,2024-06-10,CUST00859
ORD005502,2024-06-25,CUST00358
ORD005503,2025-06-15,CUST00311
ORD005504,2025-11-15,CUST00372
ORD005505,2025-01-08,CUST00225
ORD005506,2024-06-15,CUST00062
ORD005507,2025-05-24,CUST00418
ORD005508,2024-11-09,CUST00827
ORD005509,2025-10-02,CUST00765
ORD005510,2024-09-28,CUST00658
ORD005511,2024-01-30,CUST00053
ORD005512,2024-12-05,CUST00059
ORD005513,2025-04-26,CUST00071
ORD005514,2024-05-27,CUST00835
ORD005515,2024-02-17,CUST01105
ORD005516,2025-01-21,CUST01076
ORD005517,2024-06-22,CUST00324
ORD005518,2024-04-12,CUST00031
ORD005519,2024-12-23,CUST00457
ORD005520,2024-04-04,CUST00860
ORD005521,2024-03-08,CUST00231
ORD005522,2025-05-02,CUST00952
ORD005523,2025-03-01,CUST01100
ORD005524,2025-03-26,CUST00276
ORD005525,2025-09-09,CUST00002
ORD005526,2024-11-14,CUST00976
ORD005527,2025-04-25,CUST00527
ORD005528,2024-05-11,CUST00662
ORD005529,2025-11-03,CUST01106
ORD005530,2025-01-09,CUST00198
ORD005531,2025-05-04,CUST01010
ORD005532,2025-08-07,CUST00402
ORD005533,2024-05-08,CUST00450
ORD005534,2025-06-11,CUST00266
ORD005535,2024-05-26,CUST00462
ORD005536,2025-11-06,CUST00169
ORD005537,2024-04-07,CUST00828
ORD005538,2024-10-16,CUST00216
ORD005539,2024-09-12,CUST00464
ORD005540,2024-09-13,CUST00379
ORD005541,2025-11-06,CUST00617
ORD005542,2024-12-02,CUST00947
ORD005543,2025-11-15,CUST01065
ORD005544,2025-06-13,CUST01183
ORD005545,2024-09-30,CUST00270
ORD005546,2024-12-01,CUST00865
ORD005547,2025-01-18,CUST00298
ORD005548,2025-08-16,CUST00071
ORD005549,2025-01-29,CUST00099
ORD005550,2024-07-21,CUST00374
ORD005551,2024-01-15,CUST00293
ORD005552,2025-10-11,CUST00070
ORD005553,2024-08-31,CUST00332
ORD005554,2025-02-10,CUST00661
ORD005555,2024-01-12,CUST01172
ORD005556,2025-05-07,CUST00991
ORD005557,2024-12-18,CUST00385
ORD005558,2025-10-05,CUST01183
ORD005559,2025-02-19,CUST00926
ORD005560,2024-08-07,CUST00929
ORD005561,2025-09-28,CUST00539
ORD005562,2025-07-12,CUST00901
ORD005563,2024-04-30,CUST00573
ORD005564,2025-11-02,CUST01054
ORD005565,2024-12-11,CUST00691
ORD005566,2024-07-09,CUST00523
ORD005567,2024-12-15,CUST00999
ORD005568,2025-07-16,CUST00935
ORD005569,2025-11-10,CUST00198
ORD005570,2025-11-15,CUST00702
ORD005571,2025-06-15,CUST00539
ORD005572,2024-03-05,CUST00749
ORD005573,2025-03-12,CUST00053
ORD005574,2025-07-10,CUST00259
ORD005575,2024-04-06,CUST00466
ORD005576,2025-04-13,CUST00228
ORD005577,2024-05-03,CUST01128
ORD005578,2025-12-30,CUST00606
ORD005579,2024-05-09,CUST00712
ORD005580,2024-11-10,CUST00927
ORD005581,2025-03-22,CUST01134
ORD005582,2024-03-25,CUST01034
ORD005583,2024-07-05,CUST00815
ORD005584,2025-06-07,CUST00400
ORD005585,2024-05-25,CUST00455
ORD005586,2024-01-18,CUST00407
ORD005587,2024-12-28,CUST01077
ORD005588,2025-09-07,CUST00311
ORD005589,2025-07-30,CUST01087
ORD005590,2025-06-21,CUST00097
ORD005591,2025-06-29,CUST00743
ORD005592,2025-07-06,CUST00472
ORD005593,2025-12-11,CUST01088
ORD005594,2024-06-19,CUST00767
ORD005595,2024-06-11,CUST00206
ORD005596,2025-11-27,CUST00340
ORD005597,2025-10-12,CUST00464
ORD005598,2024-06-04,CUST01108
ORD005599,2025-09-16,CUST00869
ORD005600,2024-07-26,CUST00571
ORD005601,2024-02-20,CUST00821
ORD005602,2024-10-30,CUST00799
ORD005603,2025-06-18,CUST00863
ORD005604,2025-05-02,CUST00959
ORD005605,2024-11-25,CUST00279
ORD005606,2024-11-03,CUST00001
ORD005607,2024-03-17,CUST00515
ORD005608,2025-12-26,CUST01139
ORD005609,2025-11-15,CUST00639
ORD005610,2024-08-01,CUST00137
ORD005611,2024-03-01,CUST00841
ORD005612,2024-05-23,CUST00295
ORD005613,2025-05-07,CUST00329
ORD005614,2024-09-05,CUST00802
ORD005615,2024-06-12,CUST00859
ORD005616,2025-02-04,CUST00397
ORD005617,2024-09-11,CUST00718
ORD005618,2024-03-13,CUST00464
ORD005619,2024-10-09,CUST00288
ORD005620,2025-02-15,CUST00253
ORD005621,2025-08-22,CUST00311
ORD005622,2024-07-29,CUST00909
ORD005623,2024-05-25,CUST00565
ORD005624,2024-12-01,CUST00023
ORD005625,2025-10-14,CUST00241
ORD005626,2025-06-17,CUST00638
ORD005627,2025-06-20,CUST00211
ORD005628,2025-10-05,CUST00965
ORD005629,2024-08-25,CUST00898
ORD005630,2024-11-01,CUST00256
ORD005631,2025-07-08,CUST00931
ORD005632,2024-06-06,CUST00145
ORD005633,2024-12-15,CUST00558
ORD005634,2024-02-11,CUST00782
ORD005635,2024-09-18,CUST00232
ORD005636,2025-10-03,CUST00956
ORD005637,2025-03-12,CUST01199
ORD005638,2024-06-21,CUST00998
ORD005639,2024-10-25,CUST00461
ORD005640,2025-06-19,CUST00212
ORD005641,2024-03-31,CUST00743
ORD005642,2024-09-04,CUST01013
ORD005643,2025-12-19,CUST00886
ORD005644,2025-03-07,CUST00117
ORD005645,2025-10-15,CUST00216
ORD005646,2024-10-13,CUST00565
ORD005647,2024-09-14,CUST01041
ORD005648,2024-12-02,CUST00860
ORD005649,2025-11-13,CUST00515
ORD005650,2024-12-31,CUST00171
ORD005651,2024-01-14,CUST00208
ORD005652,2025-12-31,CUST00995
ORD005653,2024-09-05,CUST01200
ORD005654,2025-05-21,CUST00454
ORD005655,2025-08-28,CUST00889
ORD005656,2025-11-12,CUST00545
ORD005657,2024-04-16,CUST01000
ORD005658,2025-07-28,CUST01159
ORD005659,2025-01-19,CUST01063
ORD005660,2025-11-14,CUST00784
ORD005661,2024-02-13,CUST00221
ORD005662,2025-08-27,CUST00202
ORD005663,2025-08-12,CUST00195
ORD005664,2024-04-30,CUST00489
ORD005665,2025-01-04,CUST01189
ORD005666,2025-11-19,CUST00864
ORD005667,2025-02-07,CUST00082
ORD005668,2024-12-21,CUST00902
ORD005669,2025-04-16,CUST01175
ORD005670,2025-06-19,CUST00077
ORD005671,2025-02-12,CUST00885
ORD005672,2025-11-16,CUST00053
ORD005673,2024-08-09,CUST01162
ORD005674,2024-07-04,CUST00050
ORD005675,2025-10-07,CUST00674
ORD005676,2024-04-11,CUST00599
ORD005677,2025-02-26,CUST00059
ORD005678,2025-04-12,CUST00520
ORD005679,2025-01-02,CUST00705
ORD005680,2024-12-26,CUST00510
ORD005681,2024-10-10,CUST00914
ORD005682,2024-02-18,CUST00665
ORD005683,2025-04-14,CUST00539
ORD005684,2024-06-13,CUST00429
ORD005685,2025-07-25,CUST01121
ORD005686,2025-10-25,CUST00660
ORD005687,2025-02-14,CUST00714
ORD005688,2024-06-25,CUST01024
ORD005689,2024-04-01,CUST00684
ORD005690,2024-12-26,CUST01103
ORD005691,2024-08-21,CUST00649
ORD005692,2024-11-09,CUST00208
ORD005693,2024-04-02,CUST00832
ORD005694,2024-11-16,CUST01019
ORD005695,2025-10-16,CUST00382
ORD005696,2025-01-26,CUST00415
ORD005697,2024-09-28,CUST00995
ORD005698,2024-12-25,CUST00691
ORD005699,2025-03-24,CUST00741
ORD005700,2024-06-12,CUST00346
ORD005701,2024-11-26,CUST00033
ORD005702,2024-04-24,CUST00389
ORD005703,2025-08-18,CUST00636
ORD005704,2025-06-02,CUST01148
ORD005705,2024-10-30,CUST01147
ORD005706,2025-07-05,CUST00365
ORD005707,2025-02-11,CUST00156
ORD005708,2024-07-22,CUST00192
ORD005709,2024-04-02,CUST00829
ORD005710,2024-09-26,CUST00299
ORD005711,2024-12-14,CUST01092
ORD005712,2024-12-28,CUST00813
ORD005713,2024-05-16,CUST00789
ORD005714,2024-04-16,CUST00602
ORD005715,2025-09-20,CUST01168
ORD005716,2024-03-25,CUST00664
ORD005717,2024-08-18,CUST00907
ORD005718,2024-02-11,CUST00504
ORD005719,2025-07-15,CUST00318
ORD005720,2025-11-14,CUST00561
ORD005721,2024-01-27,CUST01013
ORD005722,2024-08-17,CUST00449
ORD005723,2024-09-08,CUST00463
ORD005724,2025-03-26,CUST00443
ORD005725,2024-05-28,CUST00026
ORD005726,2024-10-30,CUST00500
ORD005727,2024-01-22,CUST00990
ORD005728,2025-03-25,CUST00849
ORD005729,2025-07-23,CUST01129
ORD005730,2025-08-04,CUST00394
ORD005731,2025-02-26,CUST00382
ORD005732,2025-06-15,CUST01190
ORD005733,2025-02-13,CUST01179
ORD005734,2025-01-31,CUST00536
ORD005735,2025-12-24,CUST00746
ORD005736,2024-09-26,CUST00884
ORD005737,2025-01-14,CUST00747
ORD005738,2024-08-28,CUST00656
ORD005739,2025-07-07,CUST00732
ORD005740,2024-03-19,CUST00276
ORD005741,2024-11-25,CUST00506
ORD005742,2025-07-05,CUST01186
ORD005743,2024-05-11,CUST00198
ORD005744,2025-06-03,CUST00975
ORD005745,2025-07-02,CUST00643
ORD005746,2024-04-17,CUST00467
ORD005747,2024-12-22,CUST01135
ORD005748,2024-08-17,CUST00953
ORD005749,2024-10-02,CUST01177
ORD005750,2024-02-24,CUST00943
ORD005751,2025-09-25,CUST00897
ORD005752,2025-05-24,CUST00894
ORD005753,2024-03-07,CUST00351
ORD005754,2024-01-23,CUST01147
ORD005755,2025-04-04,CUST01145
ORD005756,2025-10-27,CUST00118
ORD005757,2024-12-21,CUST00977
ORD005758,2025-12-24,CUST00303
ORD005759,2024-03-06,CUST00726
ORD005760,2024-03-07,CUST00566
ORD005761,2025-08-06,CUST00517
ORD005762,2024-01-29,CUST01006
ORD005763,2025-03-17,CUST00274
ORD005764,2025-02-09,CUST00441
ORD005765,2025-11-08,CUST00926
ORD005766,2024-11-13,CUST01103
ORD005767,2025-12-14,CUST00624
ORD005768,2024-12-04,CUST00477
ORD005769,2025-08-06,CUST01041
ORD005770,2025-02-20,CUST00296
ORD005771,2025-07-06,CUST00645
ORD005772,2024-01-07,CUST00109
ORD005773,2025-12-30,CUST00734
ORD005774,2025-08-24,CUST00246
ORD005775,2024-03-13,CUST00131
ORD005776,2025-06-26,CUST00848
ORD005777,2024-06-14,CUST00399
ORD005778,2024-09-11,CUST00368
ORD005779,2024-07-04,CUST00061
ORD005780,2025-10-26,CUST01014
ORD005781,2024-05-02,CUST00680
ORD005782,2024-04-01,CUST00193
ORD005783,2025-02-17,CUST01176
ORD005784,2025-12-18,CUST00794
ORD005785,2025-02-21,CUST00781
ORD005786,2025-12-14,CUST00972
ORD005787,2024-05-21,CUST00704
ORD005788,2024-07-06,CUST00197
ORD005789,2024-11-14,CUST00728
ORD005790,2024-06-30,CUST00882
ORD005791,2024-09-15,CUST01024
ORD005792,2024-04-02,CUST00378
ORD005793,2024-09-23,CUST00823
ORD005794,2024-07-24,CUST00465
ORD005795,2024-12-25,CUST00168
ORD005796,2024-12-13,CUST00926
ORD005797,2024-04-06,CUST01073
ORD005798,2024-09-20,CUST00042
ORD005799,2025-09-12,CUST00125
ORD005800,2025-07-24,CUST00122
ORD005801,2025-11-30,CUST00765
ORD005802,2024-04-07,CUST00346
ORD005803,2024-01-02,CUST01084
ORD005804,2024-01-13,CUST00010
ORD005805,2024-11-30,CUST00788
ORD005806,2024-11-09,CUST00057
ORD005807,2025-08-04,CUST01154
ORD005808,2025-01-18,CUST00143
ORD005809,2024-06-25,CUST00387
ORD005810,2025-10-13,CUST01021
ORD005811,2024-07-05,CUST01097
ORD005812,2024-08-11,CUST00708
ORD005813,2024-04-09,CUST00317
ORD005814,2025-09-06,CUST00767
ORD005815,2025-08-10,CUST00363
ORD005816,2025-03-27,CUST00364
ORD005817,2025-06-03,CUST00305
ORD005818,2025-03-31,CUST00063
ORD005819,2025-09-29,CUST00080
ORD005820,2025-07-04,CUST00247
ORD005821,2024-11-15,CUST00597
ORD005822,2024-04-20,CUST00715
ORD005823,2025-11-30,CUST00370
ORD005824,2025-08-27,CUST01062
ORD005825,2024-06-20,CUST00205
ORD005826,2025-05-24,CUST00396
ORD005827,2025-09-09,CUST00318
ORD005828,2025-09-19,CUST00691
ORD005829,2025-04-10,CUST01123
ORD005830,2025-02-02,CUST00918
ORD005831,2024-04-29,CUST01136
ORD005832,2024-03-08,CUST00693
ORD005833,2024-09-09,CUST00749
ORD005834,2024-05-24,CUST00491
ORD005835,2025-05-17,CUST00386
ORD005836,2025-02-17,CUST00086
ORD005837,2025-01-01,CUST00121
ORD005838,2025-05-06,CUST00203
ORD005839,2025-06-16,CUST00187
ORD005840,2025-11-10,CUST00657
ORD005841,2025-06-23,CUST01154
ORD005842,2025-08-11,CUST01090
ORD005843,2025-06-18,CUST00808
ORD005844,2025-07-13,CUST00412
ORD005845,2024-10-16,CUST00657
ORD005846,2024-05-18,CUST00918
ORD005847,2024-07-21,CUST00600
ORD005848,2025-10-03,CUST00874
ORD005849,2025-02-17,CUST00892
ORD005850,2025-01-21,CUST00169
ORD005851,2025-05-17,CUST00049
ORD005852,2025-05-18,CUST00214
ORD005853,2024-11-25,CUST01150
ORD005854,2025-05-10,CUST00797
ORD005855,2024-11-09,CUST01020
ORD005856,2024-10-21,CUST00113
ORD005857,2025-06-24,CUST00086
ORD005858,2024-07-11,CUST00183
ORD005859,2024-11-10,CUST01170
ORD005860,2025-07-09,CUST00356
ORD005861,2025-10-18,CUST00643
ORD005862,2024-02-19,CUST01095
ORD005863,2024-01-29,CUST00097
ORD005864,2024-11-06,CUST00789
ORD005865,2024-07-11,CUST00721
ORD005866,2025-07-04,CUST00108
ORD005867,2025-12-01,CUST00889
ORD005868,2025-06-04,CUST01074
ORD005869,2024-07-01,CUST01042
ORD005870,2025-01-14,CUST00092
ORD005871,2024-08-07,CUST00203
ORD005872,2025-04-13,CUST00381
ORD005873,2024-08-14,CUST00656
ORD005874,2024-03-15,CUST00417
ORD005875,2025-05-22,CUST00424
ORD005876,2025-08-07,CUST00032
ORD005877,2024-02-16,CUST00782
ORD005878,2024-07-29,CUST00239
ORD005879,2024-10-24,CUST00010
ORD005880,2024-09-03,CUST00678
ORD005881,2024-06-30,CUST00799
ORD005882,2024-08-21,CUST00762
ORD005883,2025-02-15,CUST00092
ORD005884,2024-06-08,CUST00291
ORD005885,2025-09-05,CUST00505
ORD005886,2025-09-28,CUST00529
ORD005887,2025-03-08,CUST01169
ORD005888,2025-12-28,CUST00635
ORD005889,2024-07-28,CUST00559
ORD005890,2025-02-23,CUST00021
ORD005891,2025-03-01,CUST00848
ORD005892,2025-01-21,CUST00570
ORD005893,2024-07-13,CUST01000
ORD005894,2024-09-16,CUST00022
ORD005895,2025-10-03,CUST00810
ORD005896,2024-02-12,CUST00920
ORD005897,2024-05-11,CUST00457
ORD005898,2024-03-13,CUST00235
ORD005899,2024-04-28,CUST00326
ORD005900,2025-05-15,CUST00137
ORD005901,2024-07-06,CUST01100
ORD005902,2024-12-01,CUST00343
ORD005903,2024-09-19,CUST00816
ORD005904,2024-10-18,CUST01099
ORD005905,2024-10-20,CUST00584
ORD005906,2025-08-06,CUST00536
ORD005907,2024-04-21,CUST00245
ORD005908,2025-02-08,CUST00414
ORD005909,2024-03-29,CUST01137
ORD005910,2025-05-24,CUST00412
ORD005911,2024-05-10,CUST01062
ORD005912,2024-02-06,CUST00961
ORD005913,2025-05-05,CUST00224
ORD005914,2024-04-24,CUST00469
ORD005915,2024-02-08,CUST00795
ORD005916,2024-07-07,CUST00172
ORD005917,2025-12-11,CUST00139
ORD005918,2024-09-04,CUST00893
ORD005919,2025-09-22,CUST00760
ORD005920,2025-03-24,CUST00293
ORD005921,2025-03-28,CUST00085
ORD005922,2025-11-09,CUST01032
ORD005923,2024-07-12,CUST00431
ORD005924,2024-11-21,CUST00090
ORD005925,2025-08-05,CUST00030
ORD005926,2024-06-05,CUST00700
ORD005927,2024-09-13,CUST00360
ORD005928,2024-12-24,CUST00947
ORD005929,2024-07-24,CUST00116
ORD005930,2025-02-04,CUST00779
ORD005931,2024-06-05,CUST00598
ORD005932,2025-06-01,CUST00131
ORD005933,2024-08-18,CUST00377
ORD005934,2025-10-04,CUST00399
ORD005935,2024-12-09,CUST00899
ORD005936,2024-01-26,CUST00903
ORD005937,2024-03-12,CUST00504
ORD005938,2025-09-08,CUST01083
ORD005939,2024-10-21,CUST01141
ORD005940,2024-06-13,CUST00294
ORD005941,2025-07-14,CUST00651
ORD005942,2024-02-28,CUST00229
ORD005943,2025-12-02,CUST00134
ORD005944,2025-02-23,CUST01061
ORD005945,2025-07-01,CUST00036
ORD005946,2025-09-25,CUST00348
ORD005947,2024-11-25,CUST00759
ORD005948,2024-02-09,CUST00294
ORD005949,2024-04-16,CUST00479
ORD005950,2024-01-07,CUST00781
ORD005951,2024-01-04,CUST01153
ORD005952,2024-02-29,CUST00794
ORD005953,2025-08-03,CUST00246
ORD005954,2024-08-17,CUST00073
ORD005955,2025-07-31,CUST01118
ORD005956,2024-03-16,CUST00041
ORD005957,2025-10-26,CUST00976
ORD005958,2025-08-08,CUST00791
ORD005959,2024-10-16,CUST00793
ORD005960,2025-04-05,CUST00487
ORD005961,2025-11-30,CUST01005
ORD005962,2025-09-19,CUST00513
ORD005963,2024-12-19,CUST00932
ORD005964,2025-05-05,CUST00314
ORD005965,2025-04-10,CUST01099
ORD005966,2025-01-03,CUST00459
ORD005967,2024-05-27,CUST00588
ORD005968,2025-10-14,CUST00358
ORD005969,2025-02-01,CUST00527
ORD005970,2024-06-13,CUST00754
ORD005971,2024-01-22,CUST00885
ORD005972,2024-11-03,CUST00295
ORD005973,2024-02-13,CUST00942
ORD005974,2025-02-24,CUST01109
ORD005975,2024-08-20,CUST00824
ORD005976,2024-05-08,CUST00723
ORD005977,2024-08-01,CUST00832
ORD005978,2025-03-07,CUST00856
ORD005979,2025-04-16,CUST00927
ORD005980,2025-03-30,CUST00796
ORD005981,2025-04-19,CUST00745
ORD005982,2024-12-11,CUST00668
ORD005983,2025-11-12,CUST00817
ORD005984,2024-05-16,CUST01086
ORD005985,2024-07-29,CUST00504
ORD005986,2024-08-10,CUST00392
ORD005987,2025-08-05,CUST00399
ORD005988,2025-11-06,CUST00745
ORD005989,2025-04-19,CUST01123
ORD005990,2025-02-22,CUST00768
ORD005991,2025-10-21,CUST00629
ORD005992,2024-08-06,CUST00805
ORD005993,2024-05-24,CUST00964
ORD005994,2024-04-21,CUST01112
ORD005995,2025-10-29,CUST00927
ORD005996,2024-11-03,CUST00845
ORD005997,2024-02-22,CUST00409
ORD005998,2024-08-10,CUST00692
ORD005999,2025-07-18,CUST00321
ORD006000,2025-11-06,CUST00788
ORD006001,2025-06-13,CUST00885
ORD006002,2024-07-03,CUST00908
ORD006003,2024-01-25,CUST00423
ORD006004,2025-01-30,CUST01163
ORD006005,2025-11-14,CUST00353
ORD006006,2024-10-06,CUST01154
ORD006007,2024-06-08,CUST00824
ORD006008,2025-08-11,CUST00406
ORD006009,2024-06-03,CUST00843
ORD006010,2024-11-20,CUST00960
ORD006011,2024-09-08,CUST00268
ORD006012,2025-05-13,CUST00648
ORD006013,2025-09-17,CUST01087
ORD006014,2025-10-05,CUST00073
ORD006015,2025-11-23,CUST00199
ORD006016,2024-03-07,CUST00176
ORD006017,2024-01-22,CUST00018
ORD006018,2024-02-24,CUST00679
ORD006019,2024-04-02,CUST00642
ORD006020,2024-12-31,CUST00416
ORD006021,2024-06-03,CUST00437
ORD006022,2024-11-10,CUST00136
ORD006023,2025-01-06,CUST00647
ORD006024,2025-08-20,CUST00915
ORD006025,2025-05-01,CUST00694
ORD006026,2025-12-21,CUST00359
ORD006027,2024-10-23,CUST00622
ORD006028,2024-04-13,CUST01151
ORD006029,2024-06-12,CUST00312
ORD006030,2024-06-16,CUST00851
ORD006031,2024-05-01,CUST01091
ORD006032,2025-09-25,CUST00840
ORD006033,2024-06-11,CUST01151
ORD006034,2025-07-19,CUST00962
ORD006035,2025-12-17,CUST00576
ORD006036,2025-12-07,CUST00511
ORD006037,2024-04-26,CUST00301
ORD006038,2025-03-31,CUST00199
ORD006039,2024-02-10,CUST00278
ORD006040,2025-01-25,CUST00969
ORD006041,2025-01-23,CUST00977
ORD006042,2024-06-23,CUST00041
ORD006043,2025-08-23,CUST00743
ORD006044,2025-03-27,CUST01198
ORD006045,2025-08-08,CUST00373
ORD006046,2025-04-03,CUST00041
ORD006047,2025-05-18,CUST01161
ORD006048,2024-12-18,CUST00696
ORD006049,2024-03-28,CUST00758
ORD006050,2024-03-11,CUST00363
ORD006051,2024-05-18,CUST00615
ORD006052,2025-11-24,CUST00807
ORD006053,2024-06-02,CUST00228
ORD006054,2025-11-15,CUST00404
ORD006055,2025-10-11,CUST00657
ORD006056,2024-10-26,CUST00171
ORD006057,2024-12-29,CUST01014
ORD006058,2024-01-17,CUST00856
ORD006059,2024-06-22,CUST00748
ORD006060,2024-09-15,CUST00394
ORD006061,2025-06-09,CUST00574
ORD006062,2025-06-16,CUST00049
ORD006063,2025-05-16,CUST00653
ORD006064,2024-06-19,CUST00107
ORD006065,2025-10-26,CUST00490
ORD006066,2025-12-18,CUST00628
ORD006067,2024-09-26,CUST00920
ORD006068,2025-03-19,CUST00692
ORD006069,2024-02-11,CUST00559
ORD006070,2025-11-03,CUST00939
ORD006071,2025-11-06,CUST00165
ORD006072,2024-12-06,CUST01130
ORD006073,2024-02-02,CUST00268
ORD006074,2025-10-01,CUST00022
ORD006075,2025-08-10,CUST00040
ORD006076,2024-11-05,CUST00780
ORD006077,2024-07-23,CUST00963
ORD006078,2025-01-24,CUST00796
ORD006079,2024-02-06,CUST00554
ORD006080,2025-12-14,CUST00769
ORD006081,2024-12-09,CUST00752
ORD006082,2025-06-08,CUST00870
ORD006083,2025-02-20,CUST00701
ORD006084,2024-05-15,CUST00710
ORD006085,2024-09-24,CUST01132
ORD006086,2024-07-16,CUST01002
ORD006087,2024-10-15,CUST00547
ORD006088,2024-03-26,CUST00922
ORD006089,2025-11-18,CUST00174
ORD006090,2025-11-13,CUST00653
ORD006091,2025-06-05,CUST00233
ORD006092,2024-01-24,CUST00264
ORD006093,2024-04-19,CUST00498
ORD006094,2024-03-17,CUST00363
ORD006095,2025-01-17,CUST00134
ORD006096,2024-06-06,CUST01172
ORD006097,2024-08-30,CUST00179
ORD006098,2024-03-18,CUST00020
ORD006099,2024-01-14,CUST00699
ORD006100,2025-09-24,CUST00145
ORD006101,2024-06-08,CUST01194
ORD006102,2025-10-03,CUST00944
ORD006103,2025-10-08,CUST00678
ORD006104,2025-11-11,CUST00217
ORD006105,2025-09-19,CUST00250
ORD006106,2024-02-27,CUST00285
ORD006107,2024-07-23,CUST00167
ORD006108,2024-07-09,CUST00188
ORD006109,2024-04-03,CUST00008
ORD006110,2025-03-19,CUST00478
ORD006111,2024-08-03,CUST00103
ORD006112,2024-03-22,CUST00793
ORD006113,2024-11-24,CUST01085
ORD006114,2024-07-16,CUST00975
ORD006115,2024-07-21,CUST01015
ORD006116,2025-09-11,CUST00382
ORD006117,2025-04-25,CUST00590
ORD006118,2025-11-23,CUST00126
ORD006119,2025-03-29,CUST00379
ORD006120,2025-06-03,CUST00013
ORD006121,2024-03-22,CUST00361
ORD006122,2024-07-21,CUST00540
ORD006123,2024-05-27,CUST01111
ORD006124,2025-08-12,CUST00388
ORD006125,2025-12-17,CUST00254
ORD006126,2025-12-20,CUST00156
ORD006127,2024-07-11,CUST00384
ORD006128,2024-11-25,CUST00467
ORD006129,2024-06-15,CUST00809
ORD006130,2025-10-12,CUST00608
ORD006131,2025-09-07,CUST00845
ORD006132,2025-06-02,CUST00585
ORD006133,2024-08-11,CUST00874
ORD006134,2024-09-13,CUST00707
ORD006135,2024-09-03,CUST01087
ORD006136,2024-01-08,CUST00516
ORD006137,2024-10-15,CUST00331
ORD006138,2024-03-07,CUST00127
ORD006139,2024-03-05,CUST01012
ORD006140,2024-12-18,CUST00124
ORD006141,2025-09-26,CUST00881
ORD006142,2024-03-22,CUST00914
ORD006143,2024-01-13,CUST00181
ORD006144,2024-11-22,CUST00741
ORD006145,2025-12-15,CUST00135
ORD006146,2025-08-05,CUST00538
ORD006147,2024-11-22,CUST00924
ORD006148,2025-01-01,CUST00984
ORD006149,2025-01-14,CUST01024
ORD006150,2024-11-03,CUST01002
ORD006151,2024-11-16,CUST01119
ORD006152,2024-07-13,CUST00468
ORD006153,2025-08-24,CUST00350
ORD006154,2024-02-13,CUST00723
ORD006155,2025-02-23,CUST00953
ORD006156,2025-04-17,CUST00665
ORD006157,2025-02-16,CUST00950
ORD006158,2025-04-20,CUST00927
ORD006159,2024-06-05,CUST00291
ORD006160,2025-01-29,CUST00860
ORD006161,2024-01-26,CUST00286
ORD006162,2024-11-20,CUST00782
ORD006163,2025-10-09,CUST00306
ORD006164,2025-02-13,CUST00749
ORD006165,2024-01-15,CUST00890
ORD006166,2025-11-08,CUST00354
ORD006167,2024-06-03,CUST00377
ORD006168,2024-08-10,CUST00195
ORD006169,2024-01-17,CUST00802
ORD006170,2025-04-28,CUST00307
ORD006171,2024-10-04,CUST00691
ORD006172,2024-07-21,CUST00045
ORD006173,2025-05-24,CUST00804
ORD006174,2024-06-11,CUST00622
ORD006175,2025-07-16,CUST00569
ORD006176,2024-08-21,CUST00390
ORD006177,2025-05-13,CUST01023
ORD006178,2025-03-19,CUST00892
ORD006179,2024-06-12,CUST00999
ORD006180,2025-11-12,CUST00123
ORD006181,2024-12-27,CUST00218
ORD006182,2024-03-09,CUST00663
ORD006183,2025-12-23,CUST00977
ORD006184,2025-09-14,CUST00593
ORD006185,2024-05-24,CUST00482
ORD006186,2025-06-15,CUST01013
ORD006187,2024-08-09,CUST00853
ORD006188,2025-05-17,CUST00027
ORD006189,2024-11-11,CUST00325
ORD006190,2024-12-12,CUST00637
ORD006191,2025-12-01,CUST00879
ORD006192,2025-09-18,CUST00250
ORD006193,2025-09-05,CUST00266
ORD006194,2025-06-26,CUST00578
ORD006195,2024-12-15,CUST00765
ORD006196,2025-12-06,CUST00263
ORD006197,2025-01-13,CUST01158
ORD006198,2025-04-29,CUST00130
ORD006199,2024-01-19,CUST00916
ORD006200,2025-01-13,CUST00855
ORD006201,2024-09-09,CUST00429
ORD006202,2024-11-30,CUST00479
ORD006203,2024-11-16,CUST00976
ORD006204,2024-10-14,CUST01137
ORD006205,2024-12-14,CUST01183
ORD006206,2024-12-05,CUST00399
ORD006207,2024-05-10,CUST00660
ORD006208,2025-10-09,CUST01173
ORD006209,2024-08-22,CUST00486
ORD006210,2024-09-12,CUST01001
ORD006211,2025-07-30,CUST00963
ORD006212,2024-01-20,CUST00642
ORD006213,2025-06-07,CUST00196
ORD006214,2025-01-28,CUST00304
ORD006215,2025-09-30,CUST00659
ORD006216,2024-03-24,CUST01084
ORD006217,2025-05-17,CUST00948
ORD006218,2025-09-09,CUST00545
ORD006219,2024-03-09,CUST00921
ORD006220,2025-02-02,CUST00396
ORD006221,2024-10-09,CUST00294
ORD006222,2025-01-07,CUST00121
ORD006223,2025-04-30,CUST00506
ORD006224,2024-08-16,CUST00007
ORD006225,2024-12-01,CUST00730
ORD006226,2025-09-27,CUST00989
ORD006227,2025-07-29,CUST00300
ORD006228,2024-10-06,CUST00656
ORD006229,2025-05-11,CUST00644
ORD006230,2025-09-11,CUST01099
ORD006231,2024-07-23,CUST00386
ORD006232,2025-09-03,CUST00247
ORD006233,2024-10-29,CUST00125
ORD006234,2024-07-18,CUST01073
ORD006235,2025-05-31,CUST00579
ORD006236,2024-09-11,CUST00771
ORD006237,2025-03-09,CUST00023
ORD006238,2024-11-01,CUST00535
ORD006239,2024-07-28,CUST00296
ORD006240,2024-10-30,CUST00052
ORD006241,2024-01-30,CUST00864
ORD006242,2024-03-21,CUST00755
ORD006243,2025-04-21,CUST00303
ORD006244,2025-04-02,CUST00783
ORD006245,2025-07-22,CUST00322
ORD006246,2025-08-31,CUST00910
ORD006247,2024-11-17,CUST00221
ORD006248,2024-10-07,CUST00934
ORD006249,2024-10-09,CUST00406
ORD006250,2025-12-24,CUST00929
ORD006251,2024-10-18,CUST00334
ORD006252,2025-08-23,CUST00264
ORD006253,2024-11-26,CUST00035
ORD006254,2024-05-06,CUST00108
ORD006255,2024-11-30,CUST01132
ORD006256,2025-05-03,CUST00756
ORD006257,2024-05-25,CUST00646
ORD006258,2025-01-19,CUST01127
ORD006259,2024-01-27,CUST00890
ORD006260,2025-10-23,CUST00664
ORD006261,2025-02-09,CUST00365
ORD006262,2024-11-30,CUST00071
ORD006263,2025-10-21,CUST00580
ORD006264,2024-11-27,CUST01159
ORD006265,2025-08-05,CUST00081
ORD006266,2025-06-07,CUST00115
ORD006267,2025-12-31,CUST00271
ORD006268,2025-05-23,CUST00131
ORD006269,2024-03-10,CUST00287
ORD006270,2024-06-04,CUST00210
ORD006271,2025-06-19,CUST00335
ORD006272,2025-12-31,CUST00482
ORD006273,2024-04-04,CUST00738
ORD006274,2024-12-31,CUST00693
ORD006275,2024-03-24,CUST00846
ORD006276,2024-12-17,CUST00143
ORD006277,2025-05-19,CUST00821
ORD006278,2025-07-12,CUST00128
ORD006279,2025-06-21,CUST00853
ORD006280,2025-10-19,CUST00811
ORD006281,2025-12-12,CUST00318
ORD006282,2025-07-15,CUST00184
ORD006283,2024-07-31,CUST00919
ORD006284,2024-06-11,CUST00237
ORD006285,2024-09-24,CUST00466
ORD006286,2024-09-02,CUST00116
ORD006287,2025-10-22,CUST01143
ORD006288,2024-01-25,CUST00108
ORD006289,2025-10-20,CUST00462
ORD006290,2025-05-05,CUST00087
ORD006291,2024-02-13,CUST00449
ORD006292,2024-08-26,CUST00313
ORD006293,2024-05-20,CUST01026
ORD006294,2024-11-23,CUST00662
ORD006295,2025-01-31,CUST00811
ORD006296,2024-01-20,CUST01045
ORD006297,2024-10-23,CUST01009
ORD006298,2024-01-25,CUST00850
ORD006299,2025-07-17,CUST00140
ORD006300,2024-02-11,CUST00410
ORD006301,2025-08-26,CUST00074
ORD006302,2024-08-01,CUST00471
ORD006303,2025-08-19,CUST01007
ORD006304,2024-01-08,CUST00716
ORD006305,2025-12-19,CUST00166
ORD006306,2025-08-18,CUST00754
ORD006307,2025-06-05,CUST00337
ORD006308,2025-02-10,CUST00436
ORD006309,2024-06-04,CUST01099
ORD006310,2024-01-08,CUST00577
ORD006311,2024-09-29,CUST01140
ORD006312,2025-01-18,CUST01047
ORD006313,2025-02-01,CUST00328
ORD006314,2024-07-25,CUST00525
ORD006315,2024-12-08,CUST00401
ORD006316,2024-11-30,CUST00534
ORD006317,2025-02-06,CUST00245
ORD006318,2025-10-28,CUST00585
ORD006319,2025-04-07,CUST00060
ORD006320,2025-04-01,CUST01049
ORD006321,2025-02-19,CUST00420
ORD006322,2024-07-08,CUST00231
ORD006323,2024-02-12,CUST00794
ORD006324,2024-04-19,CUST00422
ORD006325,2024-07-23,CUST01168
ORD006326,2024-11-01,CUST00439
ORD006327,2025-08-30,CUST00622
ORD006328,2025-01-04,CUST00950
ORD006329,2024-02-25,CUST00471
ORD006330,2025-08-03,CUST00517
ORD006331,2024-08-10,CUST01047
ORD006332,2024-01-25,CUST00635
ORD006333,2024-01-13,CUST00444
ORD006334,2024-07-04,CUST00684
ORD006335,2024-07-30,CUST01024
ORD006336,2025-02-01,CUST00671
ORD006337,2025-04-13,CUST00801
ORD006338,2025-09-08,CUST00339
ORD006339,2025-05-18,CUST00984
ORD006340,2025-07-28,CUST00585
ORD006341,2025-11-14,CUST00509
ORD006342,2024-03-20,CUST00220
ORD006343,2024-01-01,CUST00064
ORD006344,2025-09-26,CUST00103
ORD006345,2024-01-12,CUST00562
ORD006346,2024-01-01,CUST00622
ORD006347,2025-03-31,CUST00782
ORD006348,2025-08-04,CUST00327
ORD006349,2024-04-09,CUST00110
ORD006350,2025-01-11,CUST00441
ORD006351,2025-10-23,CUST00391
ORD006352,2025-03-09,CUST00764
ORD006353,2024-03-18,CUST00574
ORD006354,2025-03-03,CUST00046
ORD006355,2024-10-31,CUST00072
ORD006356,2024-05-02,CUST00619
ORD006357,2024-05-25,CUST00539
ORD006358,2025-04-12,CUST00420
ORD006359,2024-05-03,CUST00063
ORD006360,2025-05-02,CUST00358
ORD006361,2024-01-15,CUST00231
ORD006362,2024-03-29,CUST00481
ORD006363,2025-04-11,CUST01188
ORD006364,2025-12-12,CUST01142
ORD006365,2024-10-06,CUST00554
ORD006366,2024-01-24,CUST01154
ORD006367,2025-05-06,CUST00130
ORD006368,2025-12-09,CUST00314
ORD006369,2024-08-08,CUST00134
ORD006370,2025-02-11,CUST00773
ORD006371,2024-01-31,CUST00077
ORD006372,2025-05-24,CUST00886
ORD006373,2025-04-21,CUST00845
ORD006374,2024-06-28,CUST00028
ORD006375,2025-08-13,CUST00091
ORD006376,2025-11-03,CUST00130
ORD006377,2024-10-14,CUST00577
ORD006378,2025-05-05,CUST00416
ORD006379,2024-09-30,CUST00050
ORD006380,2025-11-18,CUST00557
ORD006381,2024-07-11,CUST00481
ORD006382,2025-12-07,CUST00918
ORD006383,2024-01-02,CUST00091
ORD006384,2025-07-30,CUST00892
ORD006385,2025-07-26,CUST01001
ORD006386,2024-08-25,CUST00097
ORD006387,2024-10-20,CUST00746
ORD006388,2024-03-31,CUST00753
ORD006389,2025-04-12,CUST00968
ORD006390,2025-07-11,CUST00336
ORD006391,2025-01-17,CUST00761
ORD006392,2025-07-18,CUST01108
ORD006393,2024-05-29,CUST00657
ORD006394,2025-10-16,CUST00711
ORD006395,2025-02-20,CUST00357
ORD006396,2025-08-17,CUST00823
ORD006397,2025-01-16,CUST00958
ORD006398,2024-12-21,CUST00599
ORD006399,2024-05-31,CUST01013
ORD006400,2025-11-22,CUST01111
ORD006401,2025-02-21,CUST00738
ORD006402,2025-03-18,CUST00178
ORD006403,2025-09-08,CUST00519
ORD006404,2024-05-20,CUST00682
ORD006405,2025-01-02,CUST00956
ORD006406,2025-04-06,CUST01105
ORD006407,2025-11-27,CUST00337
ORD006408,2024-02-13,CUST00704
ORD006409,2025-06-02,CUST00298
ORD006410,2025-09-05,CUST00700
ORD006411,2025-07-07,CUST00327
ORD006412,2025-08-10,CUST00286
ORD006413,2024-07-29,CUST00812
ORD006414,2024-03-24,CUST00859
ORD006415,2024-04-24,CUST01027
ORD006416,2025-07-11,CUST00086
ORD006417,2025-06-16,CUST00213
ORD006418,2025-08-12,CUST00009
ORD006419,2024-09-17,CUST01128
ORD006420,2025-11-11,CUST00338
ORD006421,2024-08-20,CUST00686
ORD006422,2025-05-15,CUST00240
ORD006423,2024-11-29,CUST00765
ORD006424,2025-07-15,CUST00809
ORD006425,2025-06-19,CUST00805
ORD006426,2024-08-12,CUST01182
ORD006427,2024-12-25,CUST00836
ORD006428,2025-12-05,CUST00218
ORD006429,2024-08-19,CUST00930
ORD006430,2024-06-08,CUST00386
ORD006431,2024-01-01,CUST01034
ORD006432,2024-04-20,CUST01015
ORD006433,2024-05-27,CUST00148
ORD006434,2025-12-12,CUST00628
ORD006435,2024-09-04,CUST00832
ORD006436,2024-11-06,CUST00429
ORD006437,2025-07-08,CUST00198
ORD006438,2024-07-14,CUST00049
ORD006439,2024-01-17,CUST00064
ORD006440,2024-10-29,CUST00248
ORD006441,2024-07-31,CUST00381
ORD006442,2025-11-27,CUST00147
ORD006443,2024-03-09,CUST00520
ORD006444,2025-04-08,CUST00244
ORD006445,2025-03-08,CUST00733
ORD006446,2025-11-08,CUST00826
ORD006447,2024-01-11,CUST00615
ORD006448,2024-12-17,CUST00795
ORD006449,2025-01-18,CUST00427
ORD006450,2024-11-07,CUST00878
ORD006451,2025-09-26,CUST00980
ORD006452,2025-10-12,CUST00086
ORD006453,2025-11-26,CUST01007
ORD006454,2024-02-02,CUST01024
ORD006455,2024-11-23,CUST00720
ORD006456,2024-02-01,CUST00524
ORD006457,2025-12-18,CUST00970
ORD006458,2025-01-27,CUST01104
ORD006459,2024-04-10,CUST00866
ORD006460,2025-12-06,CUST00719
ORD006461,2025-12-02,CUST01005
ORD006462,2024-01-28,CUST00779
ORD006463,2024-02-09,CUST00999
ORD006464,2024-03-29,CUST00973
ORD006465,2024-09-15,CUST01114
ORD006466,2024-04-04,CUST00170
ORD006467,2024-09-08,CUST00193
ORD006468,2025-04-10,CUST00778
ORD006469,2024-12-11,CUST00495
ORD006470,2025-09-10,CUST00962
ORD006471,2024-02-05,CUST00662
ORD006472,2024-11-13,CUST01132
ORD006473,2025-12-21,CUST00925
ORD006474,2024-08-09,CUST00841
ORD006475,2024-04-07,CUST00022
ORD006476,2025-12-01,CUST00263
ORD006477,2025-08-30,CUST00058
ORD006478,2025-06-02,CUST00911
ORD006479,2024-03-11,CUST01029
ORD006480,2024-07-04,CUST00949
ORD006481,2024-10-08,CUST01158
ORD006482,2025-02-01,CUST01098
ORD006483,2025-10-31,CUST00100
ORD006484,2024-09-16,CUST01200
ORD006485,2024-04-30,CUST01059
ORD006486,2025-05-17,CUST00357
ORD006487,2025-04-07,CUST00601
ORD006488,2024-06-15,CUST00082
ORD006489,2024-10-24,CUST00679
ORD006490,2025-03-12,CUST00225
ORD006491,2025-12-04,CUST00318
ORD006492,2024-03-19,CUST00408
ORD006493,2025-05-08,CUST00996
ORD006494,2024-09-12,CUST00012
ORD006495,2025-01-31,CUST00362
ORD006496,2025-01-20,CUST00090
ORD006497,2024-11-05,CUST00375
ORD006498,2024-08-16,CUST00697
ORD006499,2025-11-30,CUST01196
ORD006500,2025-05-20,CUST00469
ORD006501,2025-12-31,CUST00911
ORD006502,2025-12-18,CUST00238
ORD006503,2024-04-13,CUST00337
ORD006504,2024-05-22,CUST00271
ORD006505,2025-09-11,CUST01153
ORD006506,2024-01-25,CUST00898
ORD006507,2025-05-23,CUST00751
ORD006508,2025-12-16,CUST00881
ORD006509,2024-01-22,CUST01076
ORD006510,2025-12-11,CUST00755
ORD006511,2025-10-12,CUST01114
ORD006512,2024-04-18,CUST00858
ORD006513,2025-04-30,CUST00069
ORD006514,2024-10-12,CUST00894
ORD006515,2025-07-24,CUST00865
ORD006516,2024-03-09,CUST00134
ORD006517,2024-03-30,CUST00539
ORD006518,2025-11-11,CUST00733
ORD006519,2025-05-01,CUST00822
ORD006520,2025-06-03,CUST00499
ORD006521,2024-05-20,CUST00248
ORD006522,2024-01-25,CUST00332
ORD006523,2024-03-29,CUST01169
ORD006524,2024-07-10,CUST00403
ORD006525,2025-04-01,CUST01119
ORD006526,2025-01-17,CUST01142
ORD006527,2024-09-26,CUST00979
ORD006528,2024-03-09,CUST00380
ORD006529,2025-08-19,CUST00847
ORD006530,2024-04-28,CUST01147
ORD006531,2024-02-10,CUST00476
ORD006532,2024-07-26,CUST00302
ORD006533,2024-11-03,CUST00273
ORD006534,2025-12-19,CUST00801
ORD006535,2024-01-12,CUST00762
ORD006536,2024-03-02,CUST01045
ORD006537,2024-01-13,CUST00231
ORD006538,2025-06-21,CUST00545
ORD006539,2025-08-22,CUST01087
ORD006540,2024-01-10,CUST00622
ORD006541,2024-05-20,CUST00655
ORD006542,2024-09-06,CUST00984
ORD006543,2024-08-06,CUST00387
ORD006544,2025-11-10,CUST00973
ORD006545,2025-05-04,CUST00981
ORD006546,2024-08-07,CUST00203
ORD006547,2024-06-25,CUST00795
ORD006548,2025-07-20,CUST01109
ORD006549,2024-03-13,CUST00300
ORD006550,2025-11-14,CUST00261
ORD006551,2025-06-06,CUST00298
ORD006552,2024-03-10,CUST00979
ORD006553,2025-06-09,CUST00149
ORD006554,2025-08-02,CUST00338
ORD006555,2024-09-09,CUST00847
ORD006556,2025-10-02,CUST00741
ORD006557,2024-08-18,CUST00538
ORD006558,2025-02-20,CUST00123
ORD006559,2025-03-18,CUST00088
ORD006560,2024-11-24,CUST00809
ORD006561,2024-01-29,CUST00395
ORD006562,2025-11-18,CUST00766
ORD006563,2025-02-04,CUST00922
ORD006564,2025-09-12,CUST00461
ORD006565,2024-05-10,CUST00982
ORD006566,2025-09-21,CUST01044
ORD006567,2025-02-20,CUST00323
ORD006568,2024-09-04,CUST01068
ORD006569,2024-10-21,CUST01019
ORD006570,2024-03-17,CUST00887
ORD006571,2025-09-06,CUST00064
ORD006572,2025-03-03,CUST00136
ORD006573,2025-07-29,CUST00174
ORD006574,2025-12-22,CUST00299
ORD006575,2025-10-18,CUST00082
ORD006576,2025-01-13,CUST00569
ORD006577,2025-02-06,CUST00576
ORD006578,2025-04-20,CUST00700
ORD006579,2024-11-06,CUST01097
ORD006580,2025-09-11,CUST00670
ORD006581,2024-11-11,CUST00963
ORD006582,2025-06-07,CUST00999
ORD006583,2025-01-30,CUST01148
ORD006584,2025-11-29,CUST01176
ORD006585,2024-05-20,CUST00962
ORD006586,2024-12-11,CUST00187
ORD006587,2025-12-09,CUST01003
ORD006588,2024-12-16,CUST01092
ORD006589,2025-06-13,CUST00129
ORD006590,2024-09-14,CUST00550
ORD006591,2024-10-04,CUST00592
ORD006592,2025-08-31,CUST01052
ORD006593,2024-08-21,CUST00642
ORD006594,2024-11-27,CUST00491
ORD006595,2025-08-02,CUST00392
ORD006596,2024-12-22,CUST00628
ORD006597,2024-07-15,CUST00687
ORD006598,2025-06-14,CUST00843
ORD006599,2024-10-12,CUST00541
ORD006600,2025-09-04,CUST00869
ORD006601,2025-11-16,CUST00386
ORD006602,2025-09-19,CUST00286
ORD006603,2025-12-05,CUST00605
ORD006604,2024-07-13,CUST00741
ORD006605,2025-12-30,CUST01112
ORD006606,2025-07-20,CUST00658
ORD006607,2024-07-28,CUST00948
ORD006608,2025-08-18,CUST01066
ORD006609,2024-06-26,CUST00241
ORD006610,2024-10-25,CUST00506
ORD006611,2024-07-29,CUST00691
ORD006612,2024-07-06,CUST01018
ORD006613,2025-01-18,CUST00504
ORD006614,2025-02-05,CUST00992
ORD006615,2024-10-04,CUST01164
ORD006616,2025-04-15,CUST01101
ORD006617,2024-12-15,CUST00300
ORD006618,2024-09-17,CUST00148
ORD006619,2024-09-15,CUST00255
ORD006620,2025-01-20,CUST01128
ORD006621,2025-02-06,CUST00007
ORD006622,2024-03-09,CUST00387
ORD006623,2024-09-17,CUST01014
ORD006624,2025-04-10,CUST01128
ORD006625,2025-08-20,CUST00568
ORD006626,2025-06-07,CUST01163
ORD006627,2025-03-06,CUST00408
ORD006628,2024-09-29,CUST00105
ORD006629,2025-03-13,CUST01003
ORD006630,2025-09-01,CUST00222
ORD006631,2025-05-02,CUST00896
ORD006632,2025-01-31,CUST00642
ORD006633,2024-05-02,CUST00287
ORD006634,2024-07-04,CUST00252
ORD006635,2025-01-05,CUST00112
ORD006636,2024-02-12,CUST00144
ORD006637,2024-10-11,CUST00221
ORD006638,2025-07-15,CUST01097
ORD006639,2024-10-01,CUST00261
ORD006640,2024-04-08,CUST00867
ORD006641,2024-07-28,CUST00082
ORD006642,2025-11-07,CUST01161
ORD006643,2024-03-02,CUST00021
ORD006644,2024-04-24,CUST00692
ORD006645,2025-10-01,CUST00568
ORD006646,2024-10-18,CUST00881
ORD006647,2024-09-03,CUST00473
ORD006648,2024-08-13,CUST01169
ORD006649,2024-09-30,CUST01132
ORD006650,2024-12-28,CUST00485
ORD006651,2024-06-04,CUST00048
ORD006652,2025-07-20,CUST01197
ORD006653,2024-11-20,CUST00451
ORD006654,2024-06-24,CUST00785
ORD006655,2024-07-27,CUST01110
ORD006656,2025-09-23,CUST00036
ORD006657,2024-06-13,CUST00187
ORD006658,2025-08-07,CUST00553
ORD006659,2025-05-12,CUST00256
ORD006660,2024-04-07,CUST00505
ORD006661,2025-02-20,CUST00453
ORD006662,2024-09-04,CUST00942
ORD006663,2025-09-16,CUST00340
ORD006664,2024-06-26,CUST00452
ORD006665,2024-10-13,CUST00220
ORD006666,2024-01-04,CUST00490
ORD006667,2025-11-18,CUST00632
ORD006668,2025-03-21,CUST01188
ORD006669,2025-09-06,CUST00792
ORD006670,2025-04-01,CUST00438
ORD006671,2024-08-25,CUST00206
ORD006672,2024-03-24,CUST00837
ORD006673,2025-12-30,CUST00910
ORD006674,2025-03-29,CUST00308
ORD006675,2025-01-28,CUST00779
ORD006676,2024-01-24,CUST01109
ORD006677,2024-10-05,CUST00421
ORD006678,2025-11-20,CUST01007
ORD006679,2025-03-23,CUST01074
ORD006680,2024-12-16,CUST00660
ORD006681,2024-01-22,CUST01023
ORD006682,2025-06-03,CUST00795
ORD006683,2025-03-28,CUST00421
ORD006684,2025-01-16,CUST00296
ORD006685,2025-12-21,CUST00159
ORD006686,2025-09-07,CUST00774
ORD006687,2024-06-21,CUST00828
ORD006688,2024-07-31,CUST00447
ORD006689,2024-11-17,CUST00724
ORD006690,2025-02-18,CUST00562
ORD006691,2024-09-11,CUST00596
ORD006692,2024-08-24,CUST00778
ORD006693,2025-09-06,CUST00962
ORD006694,2024-01-25,CUST01154
ORD006695,2024-09-06,CUST00133
ORD006696,2025-04-08,CUST00045
ORD006697,2025-02-02,CUST01171
ORD006698,2024-12-19,CUST00737
ORD006699,2025-01-25,CUST00042
ORD006700,2025-05-17,CUST00894
ORD006701,2025-04-01,CUST00869
ORD006702,2024-04-01,CUST00896
ORD006703,2024-09-18,CUST00714
ORD006704,2024-08-22,CUST00552
ORD006705,2025-01-10,CUST00533
ORD006706,2025-05-05,CUST00324
ORD006707,2024-06-21,CUST00449
ORD006708,2025-08-22,CUST01060
ORD006709,2025-09-05,CUST01088
ORD006710,2024-07-19,CUST00075
ORD006711,2025-01-25,CUST00747
ORD006712,2024-02-19,CUST00469
ORD006713,2024-04-02,CUST00326
ORD006714,2024-04-04,CUST01133
ORD006715,2024-02-21,CUST00513
ORD006716,2024-03-22,CUST01076
ORD006717,2024-09-18,CUST00928
ORD006718,2024-06-01,CUST00601
ORD006719,2024-05-25,CUST00893
ORD006720,2024-10-12,CUST00381
ORD006721,2024-08-22,CUST00839
ORD006722,2024-11-15,CUST00342
ORD006723,2025-06-17,CUST00137
ORD006724,2024-08-25,CUST00189
ORD006725,2025-09-27,CUST00107
ORD006726,2025-08-09,CUST00361
ORD006727,2024-10-22,CUST01123
ORD006728,2025-04-26,CUST00867
ORD006729,2024-06-20,CUST00484
ORD006730,2024-01-18,CUST00401
ORD006731,2025-09-09,CUST00158
ORD006732,2024-03-09,CUST00208
ORD006733,2024-10-02,CUST00367
ORD006734,2025-06-30,CUST00255
ORD006735,2025-04-18,CUST01134
ORD006736,2025-01-12,CUST00367
ORD006737,2024-06-05,CUST01093
ORD006738,2024-07-10,CUST00504
ORD006739,2024-01-09,CUST00667
ORD006740,2024-06-24,CUST00558
ORD006741,2025-06-09,CUST00043
ORD006742,2025-05-27,CUST01034
ORD006743,2024-02-28,CUST00807
ORD006744,2024-05-18,CUST00343
ORD006745,2024-02-19,CUST00961
ORD006746,2024-06-08,CUST00271
ORD006747,2024-09-04,CUST00753
ORD006748,2025-08-10,CUST00572
ORD006749,2025-04-18,CUST00504
ORD006750,2025-04-10,CUST00359
ORD006751,2025-12-28,CUST00226
ORD006752,2025-12-31,CUST00509
ORD006753,2024-06-14,CUST00087
ORD006754,2024-03-09,CUST00773
ORD006755,2024-05-19,CUST00002
ORD006756,2024-10-21,CUST00944
ORD006757,2025-06-25,CUST01004
ORD006758,2025-11-24,CUST00809
ORD006759,2025-07-17,CUST01109
ORD006760,2025-02-17,CUST01076
ORD006761,2025-04-22,CUST01065
ORD006762,2024-12-28,CUST01183
ORD006763,2025-02-18,CUST00515
ORD006764,2025-06-20,CUST00835
ORD006765,2024-06-19,CUST01031
ORD006766,2025-05-26,CUST00259
ORD006767,2024-02-07,CUST00424
ORD006768,2024-03-16,CUST00753
ORD006769,2024-11-01,CUST00237
ORD006770,2025-09-10,CUST00845
ORD006771,2025-01-26,CUST00770
ORD006772,2024-11-02,CUST00766
ORD006773,2024-01-25,CUST00645
ORD006774,2025-05-13,CUST00407
ORD006775,2024-01-17,CUST00442
ORD006776,2025-03-21,CUST00302
ORD006777,2025-04-05,CUST00287
ORD006778,2025-10-26,CUST00619
ORD006779,2025-02-09,CUST00501
ORD006780,2024-05-25,CUST00034
ORD006781,2024-08-20,CUST00900
ORD006782,2024-09-15,CUST00997
ORD006783,2025-02-12,CUST00956
ORD006784,2025-12-30,CUST00953
ORD006785,2025-01-15,CUST00420
ORD006786,2025-04-19,CUST00268
ORD006787,2025-03-01,CUST00106
ORD006788,2024-09-08,CUST00299
ORD006789,2025-10-17,CUST00208
ORD006790,2024-10-29,CUST00767
ORD006791,2024-02-24,CUST00718
ORD006792,2025-04-21,CUST00792
ORD006793,2025-10-31,CUST00888
ORD006794,2024-03-20,CUST00603
ORD006795,2024-12-29,CUST01050
ORD006796,2025-07-18,CUST00978
ORD006797,2024-02-11,CUST00982
ORD006798,2024-03-10,CUST00722
ORD006799,2024-12-05,CUST00397
ORD006800,2024-11-13,CUST01038
ORD006801,2024-06-18,CUST00023
ORD006802,2024-04-13,CUST00299
ORD006803,2025-12-29,CUST01151
ORD006804,2024-10-03,CUST00123
ORD006805,2024-01-26,CUST01044
ORD006806,2024-08-11,CUST01068
ORD006807,2025-01-15,CUST00050
ORD006808,2025-04-04,CUST00827
ORD006809,2024-12-08,CUST00943
ORD006810,2024-12-21,CUST00669
ORD006811,2024-10-18,CUST00754
ORD006812,2024-02-22,CUST01059
ORD006813,2025-08-22,CUST00253
ORD006814,2025-03-24,CUST00999
ORD006815,2025-03-19,CUST01053
ORD006816,2024-02-07,CUST01123
ORD006817,2025-08-02,CUST01037
ORD006818,2024-03-09,CUST00315
ORD006819,2025-01-21,CUST00677
ORD006820,2025-11-07,CUST00901
ORD006821,2025-10-12,CUST00548
ORD006822,2024-05-27,CUST00292
ORD006823,2024-07-20,CUST00191
ORD006824,2025-09-23,CUST00787
ORD006825,2024-10-09,CUST00808
ORD006826,2024-08-13,CUST00086
ORD006827,2024-02-15,CUST00621
ORD006828,2024-01-13,CUST00273
ORD006829,2024-07-18,CUST00857
ORD006830,2025-08-05,CUST00397
ORD006831,2025-03-03,CUST00311
ORD006832,2025-03-13,CUST01121
ORD006833,2025-08-04,CUST00523
ORD006834,2024-08-03,CUST00002
ORD006835,2024-03-08,CUST00335
ORD006836,2024-02-08,CUST00544
ORD006837,2025-05-09,CUST00136
ORD006838,2024-08-12,CUST00960
ORD006839,2024-06-18,CUST01011
ORD006840,2024-04-26,CUST00164
ORD006841,2025-11-16,CUST00942
ORD006842,2024-12-16,CUST00763
ORD006843,2025-04-25,CUST00529
ORD006844,2025-08-13,CUST01144
ORD006845,2025-07-15,CUST00678
ORD006846,2025-10-08,CUST00669
ORD006847,2025-06-23,CUST00319
ORD006848,2025-11-14,CUST01066
ORD006849,2025-11-29,CUST00572
ORD006850,2025-08-31,CUST00503
ORD006851,2024-08-19,CUST00046
ORD006852,2025-03-20,CUST00990
ORD006853,2024-10-05,CUST00673
ORD006854,2025-06-05,CUST00616
ORD006855,2025-05-25,CUST00829
ORD006856,2024-02-22,CUST00616
ORD006857,2024-09-20,CUST00219
ORD006858,2024-05-31,CUST01137
ORD006859,2024-08-16,CUST00449
ORD006860,2024-09-11,CUST00951
ORD006861,2024-06-05,CUST00202
ORD006862,2025-12-15,CUST01111
ORD006863,2025-06-01,CUST00744
ORD006864,2025-02-26,CUST00819
ORD006865,2025-03-05,CUST01161
ORD006866,2024-12-05,CUST00613
ORD006867,2024-03-24,CUST00497
ORD006868,2024-06-15,CUST00986
ORD006869,2025-11-09,CUST00136
ORD006870,2024-11-17,CUST00117
ORD006871,2025-03-22,CUST00832
ORD006872,2025-03-18,CUST00316
ORD006873,2025-02-28,CUST00970
ORD006874,2024-02-01,CUST00684
ORD006875,2025-01-14,CUST00243
ORD006876,2024-11-11,CUST00483
ORD006877,2025-05-13,CUST01008
ORD006878,2025-02-09,CUST00439
ORD006879,2025-02-19,CUST00881
ORD006880,2024-08-28,CUST00587
ORD006881,2024-09-06,CUST00338
ORD006882,2024-12-10,CUST00327
ORD006883,2025-09-04,CUST00670
ORD006884,2025-08-30,CUST00772
ORD006885,2024-03-25,CUST00207
ORD006886,2024-03-25,CUST00169
ORD006887,2024-01-09,CUST00308
ORD006888,2025-07-07,CUST00878
ORD006889,2025-05-19,CUST00190
ORD006890,2025-12-15,CUST00312
ORD006891,2024-02-22,CUST00005
ORD006892,2025-04-27,CUST00364
ORD006893,2024-02-03,CUST00274
ORD006894,2024-10-25,CUST00752
ORD006895,2025-11-26,CUST00732
ORD006896,2025-11-13,CUST01172
ORD006897,2024-03-30,CUST00083
ORD006898,2024-06-18,CUST00635
ORD006899,2024-12-04,CUST00205
ORD006900,2024-02-09,CUST01194
ORD006901,2024-03-25,CUST00081
ORD006902,2025-09-21,CUST00001
ORD006903,2024-07-15,CUST00349
ORD006904,2025-02-04,CUST01005
ORD006905,2024-04-20,CUST00548
ORD006906,2025-08-30,CUST00597
ORD006907,2025-09-22,CUST01078
ORD006908,2024-03-14,CUST00583
ORD006909,2024-05-21,CUST00134
ORD006910,2025-04-18,CUST00533
ORD006911,2024-06-10,CUST01055
ORD006912,2024-04-08,CUST01017
ORD006913,2025-09-13,CUST00459
ORD006914,2025-12-06,CUST00582
ORD006915,2024-02-02,CUST00806
ORD006916,2024-12-12,CUST00334
ORD006917,2025-12-12,CUST00969
ORD006918,2025-04-08,CUST00735
ORD006919,2025-06-05,CUST00628
ORD006920,2024-10-27,CUST00822
ORD006921,2025-03-04,CUST00482
ORD006922,2024-11-12,CUST00669
ORD006923,2024-08-03,CUST00493
ORD006924,2025-04-17,CUST00305
ORD006925,2025-12-21,CUST00318
ORD006926,2024-02-07,CUST00163
ORD006927,2024-03-01,CUST00242
ORD006928,2024-05-31,CUST00221
ORD006929,2025-04-04,CUST00259
ORD006930,2024-06-01,CUST00151
ORD006931,2024-10-16,CUST00682
ORD006932,2025-12-05,CUST00656
ORD006933,2025-08-16,CUST00490
ORD006934,2025-05-08,CUST00892
ORD006935,2025-02-23,CUST00252
ORD006936,2025-10-21,CUST01131
ORD006937,2025-08-24,CUST00620
ORD006938,2025-12-27,CUST00430
ORD006939,2025-04-29,CUST00070
ORD006940,2025-01-07,CUST00321
ORD006941,2025-02-04,CUST00393
ORD006942,2024-12-19,CUST00136
ORD006943,2024-02-20,CUST00065
ORD006944,2024-09-15,CUST00798
ORD006945,2024-07-10,CUST01020
ORD006946,2025-04-19,CUST00815
ORD006947,2025-12-27,CUST00663
ORD006948,2025-04-05,CUST00273
ORD006949,2024-11-30,CUST00865
ORD006950,2025-11-05,CUST00645
ORD006951,2025-08-03,CUST00377
ORD006952,2024-01-08,CUST00337
ORD006953,2024-09-13,CUST00852
ORD006954,2024-04-05,CUST00998
ORD006955,2024-12-08,CUST00304
ORD006956,2024-02-13,CUST00288
ORD006957,2024-09-02,CUST01051
ORD006958,2025-09-10,CUST01015
ORD006959,2024-10-11,CUST00415
ORD006960,2024-07-03,CUST00856
ORD006961,2024-02-09,CUST00019
ORD006962,2025-10-08,CUST00739
ORD006963,2025-12-29,CUST00703
ORD006964,2025-09-21,CUST00764
ORD006965,2024-12-11,CUST00006
ORD006966,2024-04-17,CUST00989
ORD006967,2025-05-28,CUST00414
ORD006968,2024-08-04,CUST00303
ORD006969,2024-12-06,CUST01035
ORD006970,2024-10-07,CUST01088
ORD006971,2025-02-04,CUST01083
ORD006972,2025-08-27,CUST00403
ORD006973,2025-03-21,CUST00081
ORD006974,2025-04-10,CUST01121
ORD006975,2024-10-24,CUST01104
ORD006976,2025-04-12,CUST00092
ORD006977,2024-10-18,CUST00682
ORD006978,2024-01-19,CUST00835
ORD006979,2025-08-26,CUST00129
ORD006980,2025-04-30,CUST00855
ORD006981,2025-04-19,CUST01172
ORD006982,2024-08-24,CUST00646
ORD006983,2025-08-28,CUST00457
ORD006984,2025-04-05,CUST00543
ORD006985,2024-11-03,CUST00080
ORD006986,2024-08-22,CUST01187
ORD006987,2024-09-17,CUST00809
ORD006988,2024-09-28,CUST00009
ORD006989,2025-06-27,CUST00470
ORD006990,2024-02-11,CUST00455
ORD006991,2025-04-05,CUST00490
ORD006992,2025-02-10,CUST00005
ORD006993,2025-03-16,CUST00098
ORD006994,2024-03-18,CUST00561
ORD006995,2025-07-02,CUST01120
ORD006996,2025-03-02,CUST00034
ORD006997,2025-05-28,CUST00628
ORD006998,2025-09-06,CUST00105
ORD006999,2025-05-23,CUST01189
ORD007000,2024-08-06,CUST01094
ORD007001,2025-11-08,CUST01132
ORD007002,2024-10-21,CUST00238
ORD007003,2024-08-28,CUST00797
ORD007004,2025-07-28,CUST00673
ORD007005,2024-06-30,CUST01117
ORD007006,2025-11-02,CUST00411
ORD007007,2024-01-15,CUST00880
ORD007008,2024-03-22,CUST00674
ORD007009,2025-10-24,CUST00503
ORD007010,2025-05-06,CUST00043
ORD007011,2024-04-11,CUST00266
ORD007012,2024-09-21,CUST00347
ORD007013,2025-11-04,CUST00599
ORD007014,2025-11-18,CUST00527
ORD007015,2025-03-01,CUST00332
ORD007016,2025-03-12,CUST00418
ORD007017,2024-06-16,CUST00741
ORD007018,2024-04-09,CUST00592
ORD007019,2024-11-12,CUST01111
ORD007020,2025-12-09,CUST01124
ORD007021,2025-10-16,CUST00141
ORD007022,2024-03-19,CUST00319
ORD007023,2024-05-04,CUST00007
ORD007024,2024-09-02,CUST00136
ORD007025,2024-10-03,CUST00367
ORD007026,2024-04-26,CUST00925
ORD007027,2024-12-11,CUST00249
ORD007028,2025-05-27,CUST01095
ORD007029,2025-04-21,CUST01047
ORD007030,2024-05-05,CUST00986
ORD007031,2025-11-15,CUST00570
ORD007032,2024-03-26,CUST00730
ORD007033,2024-04-04,CUST00724
ORD007034,2024-06-29,CUST00795
ORD007035,2024-07-12,CUST01117
ORD007036,2024-09-13,CUST00038
ORD007037,2025-09-27,CUST00177
ORD007038,2024-03-05,CUST00333
ORD007039,2024-05-29,CUST00701
ORD007040,2024-06-13,CUST01070
ORD007041,2025-12-07,CUST01096
ORD007042,2024-07-17,CUST00981
ORD007043,2025-10-08,CUST00720
ORD007044,2024-01-31,CUST00697
ORD007045,2025-02-02,CUST00886
ORD007046,2024-04-16,CUST01050
ORD007047,2025-02-16,CUST00435
ORD007048,2024-06-20,CUST00390
ORD007049,2025-09-27,CUST00991
ORD007050,2025-08-23,CUST00138
ORD007051,2024-08-20,CUST01013
ORD007052,2025-07-24,CUST00938
ORD007053,2025-01-31,CUST00660
ORD007054,2025-10-19,CUST00756
ORD007055,2024-07-22,CUST00086
ORD007056,2024-02-07,CUST00928
ORD007057,2024-07-11,CUST00008
ORD007058,2025-08-07,CUST00728
ORD007059,2024-01-18,CUST00763
ORD007060,2025-10-26,CUST00694
ORD007061,2025-03-01,CUST00016
ORD007062,2024-11-18,CUST00950
ORD007063,2024-03-28,CUST00275
ORD007064,2024-04-08,CUST01067
ORD007065,2025-07-28,CUST00239
ORD007066,2025-08-30,CUST00279
ORD007067,2025-04-29,CUST01013
ORD007068,2025-07-20,CUST01130
ORD007069,2024-12-14,CUST00246
ORD007070,2025-10-01,CUST00067
ORD007071,2025-10-15,CUST00650
ORD007072,2024-09-08,CUST00640
ORD007073,2025-07-03,CUST00872
ORD007074,2024-10-27,CUST00080
ORD007075,2024-04-19,CUST00113
ORD007076,2024-11-03,CUST00281
ORD007077,2025-12-13,CUST00529
ORD007078,2025-01-23,CUST00314
ORD007079,2024-10-14,CUST00697
ORD007080,2025-02-25,CUST00153
ORD007081,2025-06-27,CUST00746
ORD007082,2024-03-17,CUST01021
ORD007083,2024-11-11,CUST00615
ORD007084,2025-02-20,CUST00047
ORD007085,2024-01-27,CUST00584
ORD007086,2024-12-01,CUST00379
ORD007087,2025-12-29,CUST00191
ORD007088,2024-05-20,CUST01076
ORD007089,2025-09-09,CUST00206
ORD007090,2025-01-06,CUST00233
ORD007091,2024-04-07,CUST00542
ORD007092,2024-12-07,CUST00652
ORD007093,2024-05-06,CUST00375
ORD007094,2025-08-13,CUST00435
ORD007095,2025-08-19,CUST00162
ORD007096,2024-08-25,CUST00101
ORD007097,2024-10-10,CUST00638
ORD007098,2025-07-17,CUST01109
ORD007099,2024-03-22,CUST01125
ORD007100,2025-08-14,CUST01119
ORD007101,2024-10-31,CUST01132
ORD007102,2025-11-04,CUST00610
ORD007103,2024-04-12,CUST00827
ORD007104,2024-02-11,CUST00639
ORD007105,2025-03-06,CUST00191
ORD007106,2025-11-04,CUST00683
ORD007107,2024-10-02,CUST00107
ORD007108,2024-05-20,CUST00141
ORD007109,2024-04-06,CUST00009
ORD007110,2024-04-19,CUST00977
ORD007111,2024-02-13,CUST00961
ORD007112,2025-01-04,CUST00832
ORD007113,2025-07-08,CUST00219
ORD007114,2024-09-27,CUST00326
ORD007115,2025-08-28,CUST01150
ORD007116,2024-09-10,CUST00168
ORD007117,2024-12-08,CUST00345
ORD007118,2024-07-08,CUST01166
ORD007119,2025-12-18,CUST00213
ORD007120,2025-10-07,CUST00035
ORD007121,2025-04-26,CUST00448
ORD007122,2025-12-26,CUST00260
ORD007123,2024-06-22,CUST01044
ORD007124,2024-09-01,CUST00836
ORD007125,2024-01-06,CUST01072
ORD007126,2024-10-06,CUST01182
ORD007127,2024-07-11,CUST01009
ORD007128,2025-07-14,CUST00488
ORD007129,2024-03-01,CUST00881
ORD007130,2024-08-04,CUST00796
ORD007131,2024-07-16,CUST01081
ORD007132,2024-10-26,CUST00706
ORD007133,2024-05-19,CUST00829
ORD007134,2025-08-27,CUST00843
ORD007135,2025-08-15,CUST00590
ORD007136,2024-10-02,CUST00511
ORD007137,2025-09-23,CUST00256
ORD007138,2025-12-24,CUST00861
ORD007139,2024-09-18,CUST01020
ORD007140,2024-01-02,CUST00235
ORD007141,2025-02-19,CUST00392
ORD007142,2024-09-16,CUST00263
ORD007143,2025-08-13,CUST00378
ORD007144,2025-10-18,CUST01189
ORD007145,2024-05-02,CUST00510
ORD007146,2024-05-15,CUST00083
ORD007147,2024-08-24,CUST00512
ORD007148,2024-02-17,CUST00148
ORD007149,2025-12-01,CUST00809
ORD007150,2024-05-16,CUST00447
ORD007151,2024-10-10,CUST00231
ORD007152,2025-08-11,CUST00006
ORD007153,2025-10-29,CUST00431
ORD007154,2024-04-23,CUST00029
ORD007155,2025-02-27,CUST00220
ORD007156,2024-12-15,CUST00423
ORD007157,2025-04-02,CUST00296
ORD007158,2024-05-30,CUST00253
ORD007159,2025-01-12,CUST00666
ORD007160,2025-02-24,CUST00776
ORD007161,2025-11-06,CUST01063
ORD007162,2025-11-27,CUST00564
ORD007163,2025-03-30,CUST00413
ORD007164,2025-10-12,CUST00299
ORD007165,2024-07-30,CUST00798
ORD007166,2024-12-27,CUST00386
ORD007167,2025-11-12,CUST00498
ORD007168,2025-05-16,CUST01002
ORD007169,2024-10-07,CUST00896
ORD007170,2024-02-20,CUST00517
ORD007171,2024-01-04,CUST00888
ORD007172,2025-04-19,CUST00325
ORD007173,2024-03-03,CUST00123
ORD007174,2025-04-14,CUST01074
ORD007175,2024-10-23,CUST00418
ORD007176,2025-02-27,CUST00227
ORD007177,2024-10-21,CUST00289
ORD007178,2024-10-17,CUST00573
ORD007179,2024-06-30,CUST00873
ORD007180,2024-01-15,CUST00970
ORD007181,2025-06-26,CUST00134
ORD007182,2025-08-23,CUST00931
ORD007183,2024-12-22,CUST00621
ORD007184,2025-10-21,CUST00460
ORD007185,2025-04-05,CUST00412
ORD007186,2025-12-05,CUST00565
ORD007187,2025-05-03,CUST00800
ORD007188,2024-10-03,CUST00329
ORD007189,2025-05-06,CUST00452
ORD007190,2025-03-24,CUST00274
ORD007191,2024-01-18,CUST00481
ORD007192,2025-10-22,CUST00996
ORD007193,2025-01-28,CUST00449
ORD007194,2025-07-18,CUST01044
ORD007195,2025-10-19,CUST00297
ORD007196,2024-04-22,CUST00549
ORD007197,2025-01-14,CUST01070
ORD007198,2024-09-17,CUST00203
ORD007199,2024-10-05,CUST01058
ORD007200,2024-11-13,CUST00827
ORD007201,2024-01-21,CUST00129
ORD007202,2025-08-03,CUST00220
ORD007203,2024-09-04,CUST00580
ORD007204,2024-09-15,CUST00501
ORD007205,2025-11-15,CUST01139
ORD007206,2025-09-20,CUST01177
ORD007207,2025-06-26,CUST00375
ORD007208,2025-10-04,CUST01018
ORD007209,2025-06-25,CUST00007
ORD007210,2024-06-01,CUST00041
ORD007211,2024-12-01,CUST01135
ORD007212,2025-03-05,CUST01164
ORD007213,2024-12-15,CUST00003
ORD007214,2025-05-07,CUST00397
ORD007215,2024-07-10,CUST00223
ORD007216,2024-11-09,CUST00871
ORD007217,2024-09-14,CUST00557
ORD007218,2025-08-23,CUST00409
ORD007219,2025-10-05,CUST00824
ORD007220,2025-11-16,CUST01158
ORD007221,2025-07-31,CUST00731
ORD007222,2024-04-08,CUST00779
ORD007223,2025-04-28,CUST00402
ORD007224,2024-09-07,CUST00666
ORD007225,2024-02-16,CUST00689
ORD007226,2024-12-31,CUST00966
ORD007227,2024-09-03,CUST01091
ORD007228,2024-12-07,CUST01010
ORD007229,2024-08-21,CUST00883
ORD007230,2025-07-29,CUST00034
ORD007231,2025-12-07,CUST00157
ORD007232,2024-04-15,CUST01158
ORD007233,2024-05-20,CUST00474
ORD007234,2025-02-24,CUST00090
ORD007235,2024-07-28,CUST00957
ORD007236,2025-02-26,CUST01096
ORD007237,2024-03-15,CUST00211
ORD007238,2025-11-28,CUST01124
ORD007239,2025-03-27,CUST00278
ORD007240,2024-08-14,CUST00440
ORD007241,2024-08-11,CUST00760
ORD007242,2024-04-09,CUST00075
ORD007243,2024-09-19,CUST00024
ORD007244,2025-08-24,CUST00838
ORD007245,2024-05-03,CUST00575
ORD007246,2025-10-20,CUST00922
ORD007247,2024-08-02,CUST00192
ORD007248,2024-12-14,CUST00485
ORD007249,2025-09-18,CUST00244
ORD007250,2024-04-05,CUST00513
ORD007251,2025-09-04,CUST01100
ORD007252,2025-10-06,CUST00494
ORD007253,2024-02-15,CUST00975
ORD007254,2025-12-06,CUST00568
ORD007255,2025-07-08,CUST00343
ORD007256,2025-11-04,CUST00014
ORD007257,2025-05-16,CUST00444
ORD007258,2025-02-25,CUST00678
ORD007259,2024-04-12,CUST00182
ORD007260,2025-05-30,CUST01194
ORD007261,2024-08-22,CUST01179
ORD007262,2024-10-11,CUST00001
ORD007263,2025-03-13,CUST00715
ORD007264,2024-12-31,CUST00927
ORD007265,2025-07-23,CUST00337
ORD007266,2024-01-28,CUST00200
ORD007267,2025-10-04,CUST01171
ORD007268,2024-01-22,CUST00564
ORD007269,2024-07-16,CUST00353
ORD007270,2024-06-09,CUST00480
ORD007271,2024-02-16,CUST00368
ORD007272,2024-07-19,CUST00429
ORD007273,2024-07-21,CUST00272
ORD007274,2024-10-29,CUST00944
ORD007275,2024-03-03,CUST00921
ORD007276,2024-08-19,CUST00276
ORD007277,2024-02-02,CUST00242
ORD007278,2024-07-28,CUST00751
ORD007279,2025-10-04,CUST00614
ORD007280,2025-12-04,CUST00885
ORD007281,2024-06-06,CUST00130
ORD007282,2024-06-11,CUST00971
ORD007283,2025-01-22,CUST00016
ORD007284,2024-06-24,CUST00768
ORD007285,2024-02-05,CUST01092
ORD007286,2024-06-28,CUST00861
ORD007287,2024-04-21,CUST00174
ORD007288,2024-06-10,CUST00434
ORD007289,2024-03-15,CUST00315
ORD007290,2025-03-01,CUST00223
ORD007291,2025-03-21,CUST00470
ORD007292,2025-12-17,CUST00341
ORD007293,2024-09-29,CUST01066
ORD007294,2025-12-31,CUST01137
ORD007295,2025-11-24,CUST01088
ORD007296,2025-08-28,CUST01200
ORD007297,2024-12-03,CUST00928
ORD007298,2024-06-10,CUST01092
ORD007299,2025-11-07,CUST01162
ORD007300,2024-08-08,CUST00920
ORD007301,2025-03-11,CUST00353
ORD007302,2025-09-17,CUST00912
ORD007303,2024-10-12,CUST00647
ORD007304,2024-09-23,CUST00439
ORD007305,2024-01-21,CUST00402
ORD007306,2025-02-19,CUST00606
ORD007307,2025-01-19,CUST01097
ORD007308,2025-04-21,CUST00187
ORD007309,2025-08-18,CUST00237
ORD007310,2025-12-12,CUST00260
ORD007311,2024-02-25,CUST00471
ORD007312,2025-12-18,CUST01093
ORD007313,2024-04-25,CUST01148
ORD007314,2025-05-05,CUST00809
ORD007315,2025-10-27,CUST01190
ORD007316,2025-12-30,CUST00277
ORD007317,2024-02-24,CUST01061
ORD007318,2024-07-03,CUST01104
ORD007319,2024-08-25,CUST00259
ORD007320,2024-09-03,CUST00104
ORD007321,2025-06-04,CUST01114
ORD007322,2024-03-16,CUST00495
ORD007323,2025-07-05,CUST01132
ORD007324,2024-03-26,CUST00695
ORD007325,2025-06-21,CUST01101
ORD007326,2024-04-05,CUST00532
ORD007327,2024-09-24,CUST00681
ORD007328,2025-07-16,CUST00279
ORD007329,2024-07-01,CUST00091
ORD007330,2025-03-13,CUST01005
ORD007331,2024-07-29,CUST00287
ORD007332,2024-08-13,CUST00184
ORD007333,2025-06-14,CUST00303
ORD007334,2025-10-01,CUST00906
ORD007335,2024-03-14,CUST00865
ORD007336,2025-10-11,CUST01120
ORD007337,2024-03-23,CUST00660
ORD007338,2025-04-16,CUST00338
ORD007339,2025-11-28,CUST00566
ORD007340,2024-12-11,CUST00062
ORD007341,2024-02-03,CUST00024
ORD007342,2024-01-28,CUST00050
ORD007343,2024-02-01,CUST00172
ORD007344,2024-11-26,CUST00338
ORD007345,2025-10-14,CUST01200
ORD007346,2024-03-24,CUST00170
ORD007347,2025-12-05,CUST00390
ORD007348,2025-05-07,CUST00202
ORD007349,2025-03-25,CUST01104
ORD007350,2025-10-25,CUST00761
ORD007351,2024-02-28,CUST00053
ORD007352,2024-06-02,CUST00724
ORD007353,2024-11-16,CUST00777
ORD007354,2025-11-19,CUST00236
ORD007355,2025-05-31,CUST00594
ORD007356,2024-10-26,CUST00535
ORD007357,2024-06-12,CUST00175
ORD007358,2025-07-12,CUST00303
ORD007359,2025-09-06,CUST01181
ORD007360,2025-07-06,CUST00977
ORD007361,2024-10-21,CUST01006
ORD007362,2025-06-18,CUST00157
ORD007363,2024-06-03,CUST00360
ORD007364,2024-10-22,CUST01027
ORD007365,2025-09-28,CUST00087
ORD007366,2024-11-17,CUST00778
ORD007367,2025-04-25,CUST00083
ORD007368,2025-06-03,CUST00891
ORD007369,2025-04-23,CUST00054
ORD007370,2024-02-15,CUST00101
ORD007371,2024-01-03,CUST00536
ORD007372,2024-09-08,CUST00774
ORD007373,2024-12-19,CUST00700
ORD007374,2024-03-31,CUST00741
ORD007375,2025-06-12,CUST00564
ORD007376,2025-06-26,CUST00308
ORD007377,2025-02-18,CUST00774
ORD007378,2025-07-30,CUST00252
ORD007379,2024-08-29,CUST00846
ORD007380,2024-06-01,CUST00552
ORD007381,2025-06-07,CUST00467
ORD007382,2024-11-25,CUST00757
ORD007383,2025-11-08,CUST00101
ORD007384,2025-01-09,CUST00636
ORD007385,2024-06-23,CUST01182
ORD007386,2025-01-19,CUST00086
ORD007387,2025-07-19,CUST00081
ORD007388,2025-10-02,CUST00963
ORD007389,2024-02-24,CUST00833
ORD007390,2024-07-31,CUST00493
ORD007391,2025-02-24,CUST01144
ORD007392,2025-04-16,CUST00728
ORD007393,2024-01-18,CUST01077
ORD007394,2024-07-08,CUST00258
ORD007395,2024-03-07,CUST00125
ORD007396,2024-10-01,CUST00097
ORD007397,2024-05-05,CUST00803
ORD007398,2024-09-15,CUST01083
ORD007399,2024-05-07,CUST01139
ORD007400,2025-06-25,CUST00011
ORD007401,2024-09-24,CUST00530
ORD007402,2025-10-21,CUST00364
ORD007403,2025-07-14,CUST00971
ORD007404,2025-05-25,CUST00510
ORD007405,2025-06-12,CUST00398
ORD007406,2025-01-22,CUST00385
ORD007407,2025-06-25,CUST00132
ORD007408,2025-02-13,CUST00549
ORD007409,2024-09-05,CUST00318
ORD007410,2025-11-20,CUST00135
ORD007411,2024-05-24,CUST00820
ORD007412,2025-09-25,CUST00605
ORD007413,2024-06-23,CUST01069
ORD007414,2025-08-08,CUST00630
ORD007415,2025-02-21,CUST00610
ORD007416,2024-06-11,CUST00043
ORD007417,2024-09-05,CUST00860
ORD007418,2024-05-13,CUST00755
ORD007419,2025-06-25,CUST00883
ORD007420,2024-08-07,CUST00214
ORD007421,2024-11-13,CUST00516
ORD007422,2024-03-25,CUST00947
ORD007423,2024-02-11,CUST00800
ORD007424,2024-10-25,CUST00799
ORD007425,2024-06-09,CUST00727
ORD007426,2025-01-17,CUST00596
ORD007427,2024-02-13,CUST00383
ORD007428,2025-02-16,CUST00470
ORD007429,2025-11-22,CUST00756
ORD007430,2024-12-14,CUST01114
ORD007431,2025-11-30,CUST00383
ORD007432,2024-10-27,CUST00393
ORD007433,2024-01-24,CUST00174
ORD007434,2025-04-26,CUST00773
ORD007435,2024-11-11,CUST00843
ORD007436,2024-10-13,CUST00596
ORD007437,2025-06-09,CUST01180
ORD007438,2025-06-27,CUST01035
ORD007439,2024-01-24,CUST00463
ORD007440,2024-04-21,CUST00755
ORD007441,2024-09-04,CUST01139
ORD007442,2025-12-15,CUST01026
ORD007443,2025-06-15,CUST00366
ORD007444,2024-10-09,CUST00680
ORD007445,2024-05-17,CUST00954
ORD007446,2025-09-16,CUST00127
ORD007447,2025-11-20,CUST00697
ORD007448,2024-02-08,CUST00594
ORD007449,2025-12-04,CUST00118
ORD007450,2024-10-25,CUST00490
ORD007451,2024-07-28,CUST00443
ORD007452,2024-08-01,CUST00728
ORD007453,2024-07-17,CUST01078
ORD007454,2024-09-20,CUST00646
ORD007455,2025-12-26,CUST00251
ORD007456,2025-02-08,CUST00455
ORD007457,2024-05-24,CUST00210
ORD007458,2024-04-02,CUST00194
ORD007459,2025-12-29,CUST00932
ORD007460,2025-06-22,CUST00956
ORD007461,2024-05-06,CUST01115
ORD007462,2024-02-19,CUST00407
ORD007463,2024-09-03,CUST00188
ORD007464,2025-10-08,CUST00406
ORD007465,2025-05-19,CUST00444
ORD007466,2024-05-17,CUST00830
ORD007467,2025-10-21,CUST00662
ORD007468,2024-08-19,CUST00081
ORD007469,2025-02-20,CUST00072
ORD007470,2024-03-19,CUST00172
ORD007471,2025-09-18,CUST01035
ORD007472,2025-05-23,CUST00671
ORD007473,2025-02-02,CUST00196
ORD007474,2025-04-17,CUST01026
ORD007475,2025-02-20,CUST01132
ORD007476,2025-06-21,CUST00018
ORD007477,2024-01-11,CUST00379
ORD007478,2024-08-01,CUST00055
ORD007479,2024-01-31,CUST00219
ORD007480,2024-12-08,CUST00850
ORD007481,2024-04-24,CUST01126
ORD007482,2024-05-10,CUST01073
ORD007483,2024-01-14,CUST00501
ORD007484,2025-12-05,CUST00773
ORD007485,2024-12-07,CUST00968
ORD007486,2025-10-14,CUST01019
ORD007487,2024-09-27,CUST00581
ORD007488,2025-09-02,CUST00246
ORD007489,2025-03-01,CUST00007
ORD007490,2025-09-27,CUST00438
ORD007491,2025-02-05,CUST00754
ORD007492,2025-09-16,CUST00709
ORD007493,2024-05-17,CUST00119
ORD007494,2024-03-19,CUST00638
ORD007495,2025-09-10,CUST00146
ORD007496,2024-05-06,CUST01078
ORD007497,2025-10-16,CUST01178
ORD007498,2024-10-20,CUST00223
ORD007499,2025-07-06,CUST00599
ORD007500,2024-08-19,CUST00474
ORD007501,2025-02-10,CUST01086
ORD007502,2025-05-03,CUST00703
ORD007503,2024-01-28,CUST00286
ORD007504,2025-02-21,CUST00399
ORD007505,2024-06-23,CUST00323
ORD007506,2024-08-08,CUST01036
ORD007507,2024-05-31,CUST00151
ORD007508,2024-09-02,CUST00925
ORD007509,2024-10-08,CUST00687
ORD007510,2024-12-11,CUST00857
ORD007511,2024-03-19,CUST00189
ORD007512,2024-09-18,CUST00075
ORD007513,2025-12-13,CUST00603
ORD007514,2024-05-13,CUST01065
ORD007515,2025-07-02,CUST00835
ORD007516,2024-02-13,CUST00752
ORD007517,2025-10-07,CUST00044
ORD007518,2024-12-11,CUST00487
ORD007519,2025-05-19,CUST00810
ORD007520,2025-03-14,CUST00892
ORD007521,2024-02-17,CUST01064
ORD007522,2025-12-11,CUST00197
ORD007523,2024-04-29,CUST00264
ORD007524,2025-03-12,CUST00037
ORD007525,2024-02-13,CUST00396
ORD007526,2024-02-26,CUST01066
ORD007527,2024-07-27,CUST00740
ORD007528,2025-02-03,CUST00815
ORD007529,2025-09-14,CUST00182
ORD007530,2024-01-28,CUST00792
ORD007531,2024-06-06,CUST00934
ORD007532,2024-03-15,CUST00657
ORD007533,2024-08-05,CUST00205
ORD007534,2024-06-28,CUST00448
ORD007535,2024-09-17,CUST00698
ORD007536,2024-12-30,CUST00107
ORD007537,2025-03-16,CUST01043
ORD007538,2025-07-17,CUST00376
ORD007539,2025-03-22,CUST01172
ORD007540,2024-04-21,CUST00995
ORD007541,2025-10-03,CUST00994
ORD007542,2025-03-10,CUST01150
ORD007543,2025-10-21,CUST00293
ORD007544,2025-09-28,CUST00432
ORD007545,2025-06-21,CUST00541
ORD007546,2024-10-24,CUST00083
ORD007547,2024-04-28,CUST00496
ORD007548,2024-11-07,CUST01136
ORD007549,2024-01-06,CUST01081
ORD007550,2025-04-03,CUST00398
ORD007551,2024-12-16,CUST00612
ORD007552,2024-08-31,CUST00977
ORD007553,2025-11-14,CUST01127
ORD007554,2025-06-25,CUST00280
ORD007555,2025-02-21,CUST00095
ORD007556,2024-08-05,CUST00479
ORD007557,2025-10-22,CUST00767
ORD007558,2025-09-21,CUST00255
ORD007559,2024-02-24,CUST00210
ORD007560,2025-11-14,CUST00759
ORD007561,2025-04-07,CUST00037
ORD007562,2025-09-12,CUST00098
ORD007563,2025-06-03,CUST00755
ORD007564,2025-08-01,CUST01190
ORD007565,2025-12-25,CUST00133
ORD007566,2024-10-23,CUST00586
ORD007567,2025-08-10,CUST00373
ORD007568,2024-01-17,CUST00928
ORD007569,2024-09-18,CUST01194
ORD007570,2024-06-18,CUST00826
ORD007571,2025-09-04,CUST01174
ORD007572,2025-09-30,CUST00862
ORD007573,2025-10-01,CUST01173
ORD007574,2025-01-19,CUST00608
ORD007575,2025-07-19,CUST00935
ORD007576,2024-04-01,CUST01070
ORD007577,2024-10-29,CUST00298
ORD007578,2025-07-02,CUST00750
ORD007579,2025-08-16,CUST00787
ORD007580,2025-10-14,CUST01165
ORD007581,2024-09-11,CUST00301
ORD007582,2024-12-04,CUST01158
ORD007583,2024-04-15,CUST00603
ORD007584,2024-01-22,CUST01025
ORD007585,2024-11-13,CUST01167
ORD007586,2025-09-25,CUST00399
ORD007587,2024-06-28,CUST00390
ORD007588,2024-04-20,CUST00379
ORD007589,2024-08-16,CUST00603
ORD007590,2024-05-24,CUST00881
ORD007591,2025-02-17,CUST01155
ORD007592,2025-07-27,CUST00113
ORD007593,2025-02-21,CUST00048
ORD007594,2025-07-25,CUST00969
ORD007595,2024-06-07,CUST00816
ORD007596,2025-10-17,CUST00242
ORD007597,2025-04-13,CUST00856
ORD007598,2024-02-01,CUST00906
ORD007599,2024-06-27,CUST00443
ORD007600,2024-11-12,CUST01151
ORD007601,2024-08-21,CUST01065
ORD007602,2025-09-13,CUST00452
ORD007603,2024-11-29,CUST00741
ORD007604,2025-10-27,CUST00500
ORD007605,2025-06-16,CUST00284
ORD007606,2025-11-04,CUST01150
ORD007607,2024-01-18,CUST00584
ORD007608,2024-01-04,CUST00706
ORD007609,2025-02-21,CUST00242
ORD007610,2024-05-25,CUST01160
ORD007611,2025-09-16,CUST00890
ORD007612,2024-12-15,CUST00062
ORD007613,2025-07-16,CUST00302
ORD007614,2025-02-19,CUST00735
ORD007615,2025-07-11,CUST00301
ORD007616,2025-03-20,CUST00545
ORD007617,2024-04-05,CUST01128
ORD007618,2025-01-26,CUST01174
ORD007619,2025-01-22,CUST00706
ORD007620,2025-02-20,CUST00150
ORD007621,2024-08-09,CUST00031
ORD007622,2025-07-29,CUST00987
ORD007623,2025-03-12,CUST00202
ORD007624,2025-11-19,CUST00299
ORD007625,2024-07-13,CUST01083
ORD007626,2024-11-17,CUST01171
ORD007627,2024-12-10,CUST00247
ORD007628,2024-09-14,CUST00394
ORD007629,2024-09-30,CUST00817
ORD007630,2025-07-08,CUST00306
ORD007631,2024-09-03,CUST00637
ORD007632,2025-06-05,CUST00557
ORD007633,2025-10-03,CUST00084
ORD007634,2024-01-31,CUST00337
ORD007635,2025-05-04,CUST00459
ORD007636,2024-01-02,CUST00014
ORD007637,2025-11-14,CUST01053
ORD007638,2025-03-20,CUST00801
ORD007639,2025-02-02,CUST00129
ORD007640,2024-02-26,CUST00240
ORD007641,2025-01-31,CUST01032
ORD007642,2024-07-25,CUST00154
ORD007643,2024-03-24,CUST00396
ORD007644,2025-09-18,CUST00686
ORD007645,2024-01-27,CUST00099
ORD007646,2024-03-08,CUST00769
ORD007647,2025-06-24,CUST00115
ORD007648,2025-09-18,CUST00572
ORD007649,2024-03-23,CUST00601
ORD007650,2025-10-06,CUST00150
ORD007651,2024-11-25,CUST00112
ORD007652,2025-04-09,CUST00836
ORD007653,2024-06-30,CUST01069
ORD007654,2024-07-19,CUST01193
ORD007655,2025-03-29,CUST00843
ORD007656,2025-10-04,CUST00295
ORD007657,2024-02-21,CUST00755
ORD007658,2024-08-13,CUST00574
ORD007659,2024-10-03,CUST00035
ORD007660,2025-05-22,CUST00903
ORD007661,2025-03-29,CUST00577
ORD007662,2025-02-04,CUST00333
ORD007663,2024-02-29,CUST00920
ORD007664,2024-05-23,CUST00826
ORD007665,2025-02-25,CUST00267
ORD007666,2025-09-02,CUST00281
ORD007667,2024-12-18,CUST00040
ORD007668,2025-07-22,CUST00189
ORD007669,2025-05-18,CUST00972
ORD007670,2025-01-28,CUST00098
ORD007671,2024-06-13,CUST01158
ORD007672,2025-12-17,CUST00137
ORD007673,2024-09-26,CUST00047
ORD007674,2025-02-10,CUST01074
ORD007675,2025-11-21,CUST01093
ORD007676,2024-09-26,CUST00138
ORD007677,2024-07-18,CUST00407
ORD007678,2024-07-26,CUST00930
ORD007679,2024-08-25,CUST00183
ORD007680,2024-05-15,CUST00644
ORD007681,2025-01-01,CUST00351
ORD007682,2024-07-26,CUST00707
ORD007683,2025-02-14,CUST00223
ORD007684,2025-04-23,CUST01116
ORD007685,2024-03-22,CUST00951
ORD007686,2024-01-11,CUST00420
ORD007687,2024-06-17,CUST00209
ORD007688,2024-03-21,CUST00335
ORD007689,2024-01-01,CUST00778
ORD007690,2024-04-25,CUST00449
ORD007691,2025-03-08,CUST00488
ORD007692,2025-06-09,CUST00651
ORD007693,2024-05-15,CUST00958
ORD007694,2025-05-22,CUST01119
ORD007695,2025-08-10,CUST00707
ORD007696,2025-01-20,CUST00249
ORD007697,2024-07-13,CUST00447
ORD007698,2025-04-03,CUST00153
ORD007699,2025-11-14,CUST01117
ORD007700,2024-10-30,CUST00629
ORD007701,2024-09-27,CUST00101
ORD007702,2024-06-21,CUST01186
ORD007703,2024-11-26,CUST00098
ORD007704,2024-05-24,CUST00811
ORD007705,2024-10-28,CUST01046
ORD007706,2024-02-14,CUST00194
ORD007707,2025-03-17,CUST00565
ORD007708,2024-10-18,CUST00109
ORD007709,2024-08-30,CUST00926
ORD007710,2024-07-28,CUST00513
ORD007711,2024-04-14,CUST00816
ORD007712,2025-04-26,CUST01095
ORD007713,2024-04-20,CUST00291
ORD007714,2025-04-19,CUST01024
ORD007715,2025-11-14,CUST01052
ORD007716,2024-06-23,CUST00383
ORD007717,2024-03-17,CUST00029
ORD007718,2024-06-14,CUST00189
ORD007719,2025-05-18,CUST01099
ORD007720,2024-07-05,CUST00210
ORD007721,2025-10-05,CUST00397
ORD007722,2024-09-24,CUST01064
ORD007723,2025-03-05,CUST00352
ORD007724,2025-08-09,CUST01119
ORD007725,2024-12-14,CUST01007
ORD007726,2025-12-04,CUST00897
ORD007727,2024-08-27,CUST00873
ORD007728,2024-08-25,CUST01105
ORD007729,2024-09-05,CUST00236
ORD007730,2025-06-11,CUST00363
ORD007731,2025-07-10,CUST00653
ORD007732,2025-02-22,CUST00060
ORD007733,2024-12-12,CUST00469
ORD007734,2025-08-09,CUST00921
ORD007735,2024-01-24,CUST01010
ORD007736,2025-12-20,CUST01116
ORD007737,2025-10-13,CUST00878
ORD007738,2025-02-16,CUST00244
ORD007739,2025-04-09,CUST00980
ORD007740,2025-12-17,CUST00126
ORD007741,2025-02-16,CUST01017
ORD007742,2024-08-29,CUST00830
ORD007743,2025-06-14,CUST00301
ORD007744,2024-01-16,CUST00748
ORD007745,2024-01-03,CUST00771
ORD007746,2025-07-07,CUST00295
ORD007747,2024-03-27,CUST00351
ORD007748,2024-07-03,CUST00459
ORD007749,2025-10-06,CUST00716
ORD007750,2024-12-01,CUST00327
ORD007751,2024-03-29,CUST00806
ORD007752,2025-11-26,CUST00750
ORD007753,2024-01-16,CUST00687
ORD007754,2025-07-06,CUST00917
ORD007755,2024-04-17,CUST00543
ORD007756,2025-02-18,CUST01167
ORD007757,2024-06-02,CUST00150
ORD007758,2025-06-19,CUST00357
ORD007759,2024-03-15,CUST01169
ORD007760,2024-05-22,CUST00671
ORD007761,2025-08-04,CUST00815
ORD007762,2025-04-12,CUST00081
ORD007763,2025-07-24,CUST01095
ORD007764,2025-11-29,CUST00550
ORD007765,2024-08-28,CUST00881
ORD007766,2025-09-30,CUST01110
ORD007767,2024-10-22,CUST01120
ORD007768,2024-01-17,CUST00325
ORD007769,2024-05-09,CUST00078
ORD007770,2024-12-04,CUST00070
ORD007771,2025-09-11,CUST00471
ORD007772,2025-11-09,CUST01111
ORD007773,2025-03-19,CUST00514
ORD007774,2025-06-03,CUST00598
ORD007775,2025-10-25,CUST00267
ORD007776,2024-11-01,CUST00692
ORD007777,2025-09-16,CUST01049
ORD007778,2025-07-20,CUST00136
ORD007779,2025-10-24,CUST00173
ORD007780,2024-10-17,CUST00711
ORD007781,2025-04-07,CUST01118
ORD007782,2025-06-03,CUST00938
ORD007783,2024-02-06,CUST00904
ORD007784,2024-04-03,CUST00732
ORD007785,2024-07-02,CUST00482
ORD007786,2025-07-11,CUST00823
ORD007787,2025-04-03,CUST00800
ORD007788,2025-05-04,CUST00402
ORD007789,2025-07-06,CUST00383
ORD007790,2024-01-27,CUST00926
ORD007791,2024-10-08,CUST00780
ORD007792,2024-03-20,CUST00131
ORD007793,2025-10-04,CUST00945
ORD007794,2025-05-21,CUST01090
ORD007795,2025-05-19,CUST00788
ORD007796,2025-07-08,CUST00308
ORD007797,2025-09-30,CUST01177
ORD007798,2025-03-22,CUST01036
ORD007799,2025-05-24,CUST00316
ORD007800,2024-05-12,CUST00656
ORD007801,2025-06-12,CUST01182
ORD007802,2024-07-19,CUST01012
ORD007803,2024-02-09,CUST01090
ORD007804,2024-11-21,CUST01074
ORD007805,2024-01-01,CUST00817
ORD007806,2025-10-20,CUST00382
ORD007807,2025-11-29,CUST00487
ORD007808,2025-01-12,CUST00107
ORD007809,2025-12-13,CUST00552
ORD007810,2024-01-31,CUST00739
ORD007811,2025-02-03,CUST00781
ORD007812,2025-09-26,CUST00680
ORD007813,2025-12-03,CUST00936
ORD007814,2025-08-05,CUST00079
ORD007815,2024-02-01,CUST00256
ORD007816,2024-06-20,CUST00573
ORD007817,2025-07-08,CUST00361
ORD007818,2024-12-16,CUST00768
ORD007819,2024-10-01,CUST00515
ORD007820,2024-07-05,CUST01073
ORD007821,2025-02-06,CUST00944
ORD007822,2025-08-30,CUST00808
ORD007823,2024-07-19,CUST00288
ORD007824,2024-12-27,CUST00603
ORD007825,2024-07-09,CUST00506
ORD007826,2025-10-11,CUST00273
ORD007827,2025-11-30,CUST01091
ORD007828,2025-08-12,CUST00552
ORD007829,2025-02-04,CUST00456
ORD007830,2024-07-18,CUST01119
ORD007831,2025-08-09,CUST00212
ORD007832,2024-12-14,CUST00830
ORD007833,2024-06-17,CUST00534
ORD007834,2024-03-22,CUST00672
ORD007835,2024-07-10,CUST01092
ORD007836,2024-12-11,CUST00990
ORD007837,2024-07-01,CUST00704
ORD007838,2025-02-02,CUST00344
ORD007839,2025-08-12,CUST00352
ORD007840,2025-02-17,CUST00454
ORD007841,2025-12-12,CUST00456
ORD007842,2024-12-17,CUST01085
ORD007843,2025-09-14,CUST00758
ORD007844,2024-04-14,CUST00458
ORD007845,2025-05-31,CUST00218
ORD007846,2025-07-27,CUST00802
ORD007847,2025-01-13,CUST00750
ORD007848,2024-01-27,CUST01003
ORD007849,2025-06-15,CUST00539
ORD007850,2025-01-30,CUST01145
ORD007851,2024-11-28,CUST00033
ORD007852,2025-09-16,CUST00657
ORD007853,2025-05-14,CUST00589
ORD007854,2024-09-24,CUST00460
ORD007855,2024-01-08,CUST00398
ORD007856,2024-11-09,CUST00246
ORD007857,2025-11-22,CUST01050
ORD007858,2025-08-13,CUST00153
ORD007859,2024-04-25,CUST00986
ORD007860,2025-09-05,CUST00992
ORD007861,2024-06-17,CUST00097
ORD007862,2024-07-22,CUST01069
ORD007863,2025-12-22,CUST00684
ORD007864,2025-08-18,CUST00484
ORD007865,2024-10-02,CUST00078
ORD007866,2024-03-29,CUST00746
ORD007867,2024-08-03,CUST00808
ORD007868,2024-11-10,CUST00181
ORD007869,2024-11-29,CUST00602
ORD007870,2025-04-09,CUST00221
ORD007871,2024-11-30,CUST00672
ORD007872,2024-07-26,CUST00220
ORD007873,2024-08-09,CUST00356
ORD007874,2025-01-09,CUST00440
ORD007875,2025-03-05,CUST00975
ORD007876,2025-06-21,CUST00200
ORD007877,2024-08-31,CUST00873
ORD007878,2025-04-03,CUST00650
ORD007879,2024-02-16,CUST00033
ORD007880,2025-09-27,CUST00545
ORD007881,2024-06-02,CUST00224
ORD007882,2024-10-17,CUST00179
ORD007883,2024-02-06,CUST00725
ORD007884,2024-06-30,CUST00936
ORD007885,2025-01-27,CUST01084
ORD007886,2024-05-04,CUST01073
ORD007887,2025-04-29,CUST01150
ORD007888,2024-03-02,CUST00270
ORD007889,2025-05-04,CUST00014
ORD007890,2024-10-05,CUST00740
ORD007891,2024-05-12,CUST00482
ORD007892,2025-06-10,CUST01079
ORD007893,2025-07-25,CUST00714
ORD007894,2025-02-15,CUST00334
ORD007895,2024-05-20,CUST00678
ORD007896,2025-07-24,CUST00877
ORD007897,2025-03-02,CUST00120
ORD007898,2024-11-28,CUST01196
ORD007899,2025-06-02,CUST00851
ORD007900,2025-04-05,CUST01104
ORD007901,2025-03-28,CUST00573
ORD007902,2024-11-01,CUST00344
ORD007903,2024-05-21,CUST01010
ORD007904,2025-12-24,CUST00692
ORD007905,2025-06-06,CUST00691
ORD007906,2025-11-16,CUST00573
ORD007907,2025-07-08,CUST00696
ORD007908,2025-08-25,CUST00865
ORD007909,2025-01-07,CUST00650
ORD007910,2025-12-30,CUST00590
ORD007911,2024-07-01,CUST01029
ORD007912,2024-05-11,CUST00624
ORD007913,2025-09-21,CUST00244
ORD007914,2024-03-25,CUST00877
ORD007915,2024-12-06,CUST00053
ORD007916,2024-05-19,CUST00013
ORD007917,2024-02-10,CUST00088
ORD007918,2024-06-08,CUST00629
ORD007919,2025-01-16,CUST00471
ORD007920,2025-08-23,CUST00476
ORD007921,2024-03-15,CUST00485
ORD007922,2024-05-14,CUST00238
ORD007923,2024-11-29,CUST00650
ORD007924,2024-03-11,CUST00427
ORD007925,2024-01-06,CUST00664
ORD007926,2024-12-14,CUST00985
ORD007927,2024-02-04,CUST01069
ORD007928,2024-07-27,CUST00872
ORD007929,2025-07-22,CUST00374
ORD007930,2025-11-29,CUST00206
ORD007931,2024-10-17,CUST00622
ORD007932,2024-10-18,CUST01065
ORD007933,2025-06-21,CUST00785
ORD007934,2025-01-30,CUST01005
ORD007935,2024-05-27,CUST01024
ORD007936,2025-12-07,CUST00455
ORD007937,2025-03-09,CUST00920
ORD007938,2025-10-14,CUST00904
ORD007939,2024-10-26,CUST00847
ORD007940,2024-06-02,CUST00014
ORD007941,2024-05-12,CUST00751
ORD007942,2025-06-11,CUST00344
ORD007943,2025-01-12,CUST00590
ORD007944,2024-08-02,CUST00143
ORD007945,2025-06-22,CUST00448
ORD007946,2024-06-26,CUST01113
ORD007947,2024-04-18,CUST00274
ORD007948,2024-07-13,CUST00129
ORD007949,2024-05-09,CUST00410
ORD007950,2025-09-13,CUST00294
ORD007951,2025-10-22,CUST00015
ORD007952,2025-10-03,CUST00625
ORD007953,2025-10-01,CUST00190
ORD007954,2024-03-01,CUST00773
ORD007955,2024-01-09,CUST00185
ORD007956,2025-06-16,CUST00502
ORD007957,2025-03-01,CUST00538
ORD007958,2025-05-16,CUST00328
ORD007959,2024-07-27,CUST01133
ORD007960,2025-04-19,CUST00707
ORD007961,2024-01-25,CUST01091
ORD007962,2024-06-18,CUST00966
ORD007963,2025-02-17,CUST01063
ORD007964,2025-12-24,CUST00179
ORD007965,2025-11-12,CUST00934
ORD007966,2024-06-30,CUST00371
ORD007967,2024-12-24,CUST00984
ORD007968,2025-04-20,CUST00658
ORD007969,2024-09-23,CUST00744
ORD007970,2025-07-29,CUST00545
ORD007971,2025-05-10,CUST00278
ORD007972,2025-01-23,CUST00317
ORD007973,2025-08-07,CUST00067
ORD007974,2024-11-29,CUST00292
ORD007975,2025-09-25,CUST00185
ORD007976,2025-06-07,CUST00929
ORD007977,2025-01-26,CUST01135
ORD007978,2024-09-03,CUST00210
ORD007979,2025-02-05,CUST00109
ORD007980,2025-07-16,CUST00373
ORD007981,2025-03-26,CUST00248
ORD007982,2025-10-22,CUST00961
ORD007983,2024-06-28,CUST00130
ORD007984,2025-04-13,CUST00441
ORD007985,2024-07-22,CUST00908
ORD007986,2024-08-10,CUST01157
ORD007987,2025-11-02,CUST01194
ORD007988,2024-07-09,CUST00060
ORD007989,2024-11-29,CUST00373
ORD007990,2024-06-25,CUST00318
ORD007991,2025-08-13,CUST01161
ORD007992,2025-09-21,CUST00439
ORD007993,2025-02-25,CUST00351
ORD007994,2024-04-13,CUST00875
ORD007995,2024-11-30,CUST01199
ORD007996,2024-03-18,CUST00621
ORD007997,2024-08-29,CUST01133
ORD007998,2025-07-17,CUST00295
ORD007999,2024-08-30,CUST00342
ORD008000,2024-11-28,CUST00745
ORD008001,2025-12-20,CUST00501
ORD008002,2025-08-14,CUST01107
ORD008003,2024-07-27,CUST00656
ORD008004,2025-07-23,CUST00631
ORD008005,2024-09-30,CUST00856
ORD008006,2024-05-05,CUST01002
ORD008007,2025-10-22,CUST00949
ORD008008,2025-05-19,CUST00449
ORD008009,2024-06-14,CUST00806
ORD008010,2024-10-23,CUST00507
ORD008011,2024-01-21,CUST01170
ORD008012,2024-12-06,CUST00535
ORD008013,2024-09-16,CUST01183
ORD008014,2025-05-25,CUST00239
ORD008015,2024-07-03,CUST00916
ORD008016,2025-09-10,CUST01193
ORD008017,2025-03-25,CUST00006
ORD008018,2024-07-10,CUST01170
ORD008019,2024-06-27,CUST00902
ORD008020,2024-03-12,CUST00332
ORD008021,2024-02-26,CUST00679
ORD008022,2024-09-09,CUST00960
ORD008023,2025-06-23,CUST01020
ORD008024,2024-04-25,CUST00439
ORD008025,2025-05-17,CUST00670
ORD008026,2024-05-21,CUST01187
ORD008027,2025-07-25,CUST01063
ORD008028,2024-09-05,CUST00268
ORD008029,2024-06-01,CUST00058
ORD008030,2025-11-22,CUST00202
ORD008031,2024-05-17,CUST00747
ORD008032,2025-02-10,CUST00112
ORD008033,2025-07-15,CUST00386
ORD008034,2024-06-26,CUST00078
ORD008035,2024-02-15,CUST00544
ORD008036,2025-07-21,CUST01002
ORD008037,2025-09-13,CUST00954
ORD008038,2025-06-15,CUST01032
ORD008039,2025-06-02,CUST01166
ORD008040,2025-03-24,CUST00716
ORD008041,2025-12-01,CUST00432
ORD008042,2025-12-10,CUST00763
ORD008043,2025-11-14,CUST01054
ORD008044,2024-12-31,CUST00379
ORD008045,2024-08-30,CUST01096
ORD008046,2025-02-07,CUST00125
ORD008047,2024-02-11,CUST00414
ORD008048,2024-01-18,CUST00570
ORD008049,2024-11-05,CUST00484
ORD008050,2025-02-01,CUST00168
ORD008051,2025-08-09,CUST01176
ORD008052,2024-11-24,CUST00225
ORD008053,2025-04-16,CUST00137
ORD008054,2024-12-21,CUST00334
ORD008055,2024-08-03,CUST01169
ORD008056,2024-04-05,CUST00047
ORD008057,2024-06-01,CUST01183
ORD008058,2024-06-20,CUST00714
ORD008059,2025-11-10,CUST00050
ORD008060,2024-04-04,CUST00621
ORD008061,2024-07-22,CUST00979
ORD008062,2024-10-10,CUST01048
ORD008063,2024-07-16,CUST00117
ORD008064,2025-09-18,CUST00403
ORD008065,2024-01-06,CUST01181
ORD008066,2025-03-01,CUST00963
ORD008067,2024-03-25,CUST00431
ORD008068,2025-12-04,CUST01024
ORD008069,2024-04-05,CUST00236
ORD008070,2024-05-28,CUST00815
ORD008071,2024-02-19,CUST00310
ORD008072,2024-06-04,CUST00237
ORD008073,2024-07-31,CUST00323
ORD008074,2024-04-30,CUST00943
ORD008075,2025-02-23,CUST00956
ORD008076,2025-11-07,CUST00286
ORD008077,2024-02-24,CUST00236
ORD008078,2025-09-12,CUST00183
ORD008079,2024-04-28,CUST00231
ORD008080,2025-01-26,CUST00825
ORD008081,2024-04-17,CUST00266
ORD008082,2024-07-04,CUST00086
ORD008083,2024-05-03,CUST00066
ORD008084,2025-04-02,CUST00279
ORD008085,2024-12-17,CUST01084
ORD008086,2025-03-24,CUST00510
ORD008087,2024-07-21,CUST00439
ORD008088,2024-02-07,CUST00602
ORD008089,2025-08-08,CUST00395
ORD008090,2025-03-17,CUST00779
ORD008091,2024-12-11,CUST00427
ORD008092,2025-07-03,CUST00028
ORD008093,2025-11-07,CUST00367
ORD008094,2025-04-11,CUST00618
ORD008095,2025-06-17,CUST00213
ORD008096,2024-06-02,CUST00578
ORD008097,2024-06-29,CUST00206
ORD008098,2024-04-02,CUST00583
ORD008099,2024-01-24,CUST01144
ORD008100,2025-11-30,CUST00809
ORD008101,2025-10-02,CUST01075
ORD008102,2024-05-23,CUST00691
ORD008103,2024-01-09,CUST01181
ORD008104,2025-11-11,CUST00669
ORD008105,2024-05-17,CUST00308
ORD008106,2025-09-02,CUST00588
ORD008107,2025-01-19,CUST00264
ORD008108,2024-01-18,CUST00397
ORD008109,2025-12-18,CUST00752
ORD008110,2024-12-24,CUST00780
ORD008111,2024-03-08,CUST00003
ORD008112,2024-08-07,CUST01166
ORD008113,2025-09-02,CUST00708
ORD008114,2024-05-11,CUST01195
ORD008115,2025-05-23,CUST00035
ORD008116,2024-04-09,CUST00469
ORD008117,2025-04-09,CUST00243
ORD008118,2024-05-25,CUST00565
ORD008119,2024-07-14,CUST00869
ORD008120,2025-01-02,CUST01126
ORD008121,2024-11-30,CUST01106
ORD008122,2025-01-10,CUST00794
ORD008123,2024-11-10,CUST00267
ORD008124,2024-08-05,CUST00056
ORD008125,2024-09-22,CUST00154
ORD008126,2024-06-08,CUST00053
ORD008127,2024-05-24,CUST00987
ORD008128,2024-02-25,CUST00866
ORD008129,2024-05-06,CUST00742
ORD008130,2025-09-20,CUST00332
ORD008131,2025-05-05,CUST00473
ORD008132,2025-07-24,CUST01014
ORD008133,2024-10-11,CUST00124
ORD008134,2024-06-19,CUST00126
ORD008135,2025-03-29,CUST00175
ORD008136,2025-03-17,CUST00873
ORD008137,2025-08-27,CUST00046
ORD008138,2025-02-26,CUST00468
ORD008139,2024-05-13,CUST00260
ORD008140,2024-10-15,CUST01088
ORD008141,2025-10-27,CUST00220
ORD008142,2024-12-16,CUST00655
ORD008143,2024-09-24,CUST00325
ORD008144,2025-12-01,CUST00016
ORD008145,2024-08-15,CUST00585
ORD008146,2024-02-03,CUST00512
ORD008147,2024-03-01,CUST00256
ORD008148,2024-01-18,CUST00744
ORD008149,2025-02-19,CUST01017
ORD008150,2025-07-31,CUST00925
ORD008151,2025-01-12,CUST00867
ORD008152,2024-11-11,CUST00133
ORD008153,2025-01-14,CUST00907
ORD008154,2025-08-27,CUST00713
ORD008155,2025-01-15,CUST00584
ORD008156,2025-03-11,CUST00354
ORD008157,2024-09-09,CUST00515
ORD008158,2025-05-06,CUST00218
ORD008159,2024-05-20,CUST00515
ORD008160,2025-04-17,CUST00890
ORD008161,2024-01-03,CUST00227
ORD008162,2024-02-15,CUST01137
ORD008163,2024-03-01,CUST00243
ORD008164,2025-06-10,CUST00252
ORD008165,2024-02-09,CUST00425
ORD008166,2024-01-28,CUST00845
ORD008167,2025-07-21,CUST00471
ORD008168,2024-04-12,CUST00921
ORD008169,2025-02-12,CUST00566
ORD008170,2024-04-02,CUST01002
ORD008171,2024-06-14,CUST00868
ORD008172,2025-06-12,CUST00088
ORD008173,2025-07-11,CUST00027
ORD008174,2025-06-13,CUST00200
ORD008175,2025-11-17,CUST00751
ORD008176,2025-04-03,CUST00220
ORD008177,2024-05-31,CUST00063
ORD008178,2024-04-20,CUST00702
ORD008179,2025-12-22,CUST00125
ORD008180,2025-04-19,CUST00173
ORD008181,2024-07-19,CUST01042
ORD008182,2024-02-13,CUST00837
ORD008183,2025-04-08,CUST00209
ORD008184,2024-09-09,CUST00111
ORD008185,2025-04-18,CUST00470
ORD008186,2024-12-06,CUST00164
ORD008187,2024-02-18,CUST00590
ORD008188,2025-01-04,CUST01087
ORD008189,2024-10-09,CUST01008
ORD008190,2024-11-03,CUST00409
ORD008191,2025-02-14,CUST00359
ORD008192,2024-04-26,CUST00403
ORD008193,2024-01-26,CUST00036
ORD008194,2025-08-01,CUST00892
ORD008195,2024-07-05,CUST00715
ORD008196,2025-06-28,CUST01082
ORD008197,2025-11-23,CUST00728
ORD008198,2025-04-02,CUST00873
ORD008199,2025-12-21,CUST00880
ORD008200,2025-09-02,CUST00520
ORD008201,2025-05-23,CUST00061
ORD008202,2024-07-28,CUST00247
ORD008203,2025-07-28,CUST00012
ORD008204,2024-12-07,CUST00408
ORD008205,2025-11-18,CUST00411
ORD008206,2025-09-13,CUST00825
ORD008207,2024-06-09,CUST00901
ORD008208,2024-09-17,CUST00896
ORD008209,2025-02-07,CUST00895
ORD008210,2024-06-01,CUST00162
ORD008211,2024-12-27,CUST01199
ORD008212,2024-03-06,CUST01075
ORD008213,2024-09-03,CUST00284
ORD008214,2025-12-17,CUST00973
ORD008215,2024-01-20,CUST00066
ORD008216,2024-02-28,CUST00545
ORD008217,2025-02-16,CUST00850
ORD008218,2025-03-11,CUST00206
ORD008219,2024-11-14,CUST00677
ORD008220,2025-10-03,CUST00052
ORD008221,2024-03-10,CUST00239
ORD008222,2024-02-21,CUST00916
ORD008223,2025-08-25,CUST00995
ORD008224,2025-11-13,CUST00958
ORD008225,2024-05-07,CUST00517
ORD008226,2024-02-08,CUST00041
ORD008227,2025-11-01,CUST00538
ORD008228,2025-08-22,CUST00484
ORD008229,2025-07-10,CUST01131
ORD008230,2024-03-10,CUST01153
ORD008231,2025-12-17,CUST00553
ORD008232,2025-08-10,CUST00007
ORD008233,2024-11-18,CUST00511
ORD008234,2025-11-14,CUST00135
ORD008235,2024-11-20,CUST00353
ORD008236,2024-02-13,CUST00524
ORD008237,2025-09-17,CUST01028
ORD008238,2024-02-08,CUST00610
ORD008239,2025-10-24,CUST01018
ORD008240,2025-02-08,CUST01084
ORD008241,2025-05-19,CUST00459
ORD008242,2025-10-25,CUST00134
ORD008243,2024-07-22,CUST00949
ORD008244,2025-08-27,CUST00900
ORD008245,2025-12-02,CUST00247
ORD008246,2025-02-28,CUST00783
ORD008247,2025-09-09,CUST01140
ORD008248,2024-10-26,CUST00210
ORD008249,2025-02-24,CUST00783
ORD008250,2024-04-11,CUST00305
ORD008251,2024-08-09,CUST00994
ORD008252,2024-10-20,CUST00101
ORD008253,2025-05-11,CUST00983
ORD008254,2025-08-07,CUST00546
ORD008255,2024-09-11,CUST00478
ORD008256,2024-06-27,CUST00661
ORD008257,2025-03-23,CUST00375
ORD008258,2024-08-03,CUST01056
ORD008259,2025-11-16,CUST00593
ORD008260,2025-08-19,CUST01165
ORD008261,2024-04-26,CUST00914
ORD008262,2024-01-16,CUST00138
ORD008263,2025-12-29,CUST00541
ORD008264,2024-06-18,CUST00883
ORD008265,2025-11-07,CUST00286
ORD008266,2024-01-27,CUST00439
ORD008267,2025-04-23,CUST00105
ORD008268,2025-06-11,CUST00944
ORD008269,2025-07-07,CUST00352
ORD008270,2024-04-18,CUST00183
ORD008271,2025-02-24,CUST00113
ORD008272,2024-06-11,CUST00057
ORD008273,2025-10-07,CUST00532
ORD008274,2024-04-07,CUST01118
ORD008275,2024-03-26,CUST00482
ORD008276,2025-01-13,CUST01171
ORD008277,2025-06-09,CUST01034
ORD008278,2025-08-21,CUST00919
ORD008279,2024-05-30,CUST00230
ORD008280,2024-03-26,CUST00911
ORD008281,2024-01-23,CUST01101
ORD008282,2025-05-30,CUST00594
ORD008283,2025-11-08,CUST01041
ORD008284,2024-02-01,CUST00145
ORD008285,2025-07-13,CUST00818
ORD008286,2024-09-23,CUST00623
ORD008287,2025-07-01,CUST00284
ORD008288,2024-06-13,CUST00247
ORD008289,2025-04-07,CUST00730
ORD008290,2025-06-18,CUST01051
ORD008291,2024-08-26,CUST01170
ORD008292,2025-03-26,CUST01039
ORD008293,2025-01-17,CUST00897
ORD008294,2024-01-12,CUST01105
ORD008295,2024-06-25,CUST00127
ORD008296,2024-01-27,CUST00532
ORD008297,2025-07-07,CUST00096
ORD008298,2025-03-04,CUST00972
ORD008299,2024-11-23,CUST00970
ORD008300,2025-11-13,CUST00192
ORD008301,2024-07-03,CUST00387
ORD008302,2025-01-24,CUST01154
ORD008303,2024-03-28,CUST00614
ORD008304,2025-09-01,CUST00826
ORD008305,2024-04-03,CUST00173
ORD008306,2024-06-10,CUST01047
ORD008307,2025-05-26,CUST00554
ORD008308,2024-06-18,CUST00868
ORD008309,2025-07-27,CUST01034
ORD008310,2024-06-03,CUST00949
ORD008311,2025-02-05,CUST01185
ORD008312,2025-11-17,CUST00978
ORD008313,2025-11-11,CUST00103
ORD008314,2024-09-30,CUST00089
ORD008315,2025-08-25,CUST00727
ORD008316,2024-08-22,CUST00242
ORD008317,2024-09-21,CUST00182
ORD008318,2025-08-17,CUST00868
ORD008319,2024-04-25,CUST00727
ORD008320,2025-03-13,CUST00091
ORD008321,2025-05-21,CUST01131
ORD008322,2025-10-19,CUST00509
ORD008323,2024-06-30,CUST00999
ORD008324,2024-10-17,CUST01133
ORD008325,2025-07-25,CUST00460
ORD008326,2024-12-07,CUST00773
ORD008327,2024-12-28,CUST00220
ORD008328,2025-04-16,CUST01190
ORD008329,2025-11-05,CUST00816
ORD008330,2024-07-05,CUST00600
ORD008331,2025-10-17,CUST00093
ORD008332,2025-09-11,CUST00864
ORD008333,2025-12-19,CUST00580
ORD008334,2025-09-16,CUST00771
ORD008335,2025-01-27,CUST01120
ORD008336,2024-09-11,CUST00543
ORD008337,2025-09-18,CUST00880
ORD008338,2024-01-27,CUST00545
ORD008339,2025-04-08,CUST01048
ORD008340,2024-11-15,CUST00311
ORD008341,2024-03-07,CUST00910
ORD008342,2024-01-12,CUST00314
ORD008343,2025-07-28,CUST00693
ORD008344,2024-04-14,CUST00791
ORD008345,2024-05-25,CUST00328
ORD008346,2024-12-30,CUST01188
ORD008347,2024-09-05,CUST00833
ORD008348,2024-10-08,CUST01112
ORD008349,2025-07-13,CUST00257
ORD008350,2024-01-01,CUST01030
ORD008351,2025-08-10,CUST00455
ORD008352,2024-09-29,CUST01095
ORD008353,2025-02-13,CUST01091
ORD008354,2025-12-14,CUST01028
ORD008355,2024-08-21,CUST00085
ORD008356,2025-03-22,CUST00282
ORD008357,2024-09-21,CUST00810
ORD008358,2025-05-06,CUST00310
ORD008359,2025-06-23,CUST00912
ORD008360,2025-09-08,CUST01180
ORD008361,2024-03-10,CUST00871
ORD008362,2024-01-23,CUST00130
ORD008363,2024-04-01,CUST00615
ORD008364,2024-03-16,CUST00440
ORD008365,2024-04-25,CUST00509
ORD008366,2025-01-01,CUST00335
ORD008367,2024-07-28,CUST00835
ORD008368,2024-04-20,CUST00477
ORD008369,2024-08-06,CUST00974
ORD008370,2025-02-21,CUST00001
ORD008371,2024-12-15,CUST00383
ORD008372,2024-09-11,CUST00090
ORD008373,2024-09-17,CUST00658
ORD008374,2025-07-23,CUST01047
ORD008375,2024-04-06,CUST00821
ORD008376,2024-12-06,CUST00045
ORD008377,2024-06-18,CUST00738
ORD008378,2024-10-12,CUST00619
ORD008379,2025-05-22,CUST00297
ORD008380,2024-09-25,CUST00256
ORD008381,2025-09-23,CUST00200
ORD008382,2025-03-15,CUST00652
ORD008383,2025-10-27,CUST00065
ORD008384,2024-07-16,CUST00593
ORD008385,2024-10-07,CUST00058
ORD008386,2025-08-03,CUST00853
ORD008387,2025-02-15,CUST00130
ORD008388,2025-04-26,CUST00992
ORD008389,2024-03-07,CUST01057
ORD008390,2024-05-09,CUST00530
ORD008391,2025-08-31,CUST01103
ORD008392,2025-08-09,CUST01120
ORD008393,2025-10-07,CUST00086
ORD008394,2025-07-13,CUST01109
ORD008395,2024-01-03,CUST00821
ORD008396,2025-04-17,CUST01129
ORD008397,2024-05-28,CUST00199
ORD008398,2024-10-05,CUST00164
ORD008399,2025-03-29,CUST00555
ORD008400,2025-02-27,CUST01059
ORD008401,2024-04-17,CUST00464
ORD008402,2024-11-30,CUST00379
ORD008403,2025-02-07,CUST00772
ORD008404,2024-09-28,CUST01119
ORD008405,2025-03-08,CUST01103
ORD008406,2025-09-24,CUST00510
ORD008407,2025-12-16,CUST01192
ORD008408,2025-02-09,CUST01126
ORD008409,2025-03-26,CUST00639
ORD008410,2025-06-02,CUST00781
ORD008411,2025-08-03,CUST00640
ORD008412,2025-12-06,CUST00185
ORD008413,2024-12-01,CUST00697
ORD008414,2025-08-25,CUST00535
ORD008415,2024-11-17,CUST00101
ORD008416,2024-04-23,CUST00255
ORD008417,2025-09-20,CUST00277
ORD008418,2025-09-05,CUST00370
ORD008419,2024-02-29,CUST00979
ORD008420,2025-01-04,CUST00505
ORD008421,2025-12-14,CUST00782
ORD008422,2025-12-12,CUST00092
ORD008423,2024-12-25,CUST00233
ORD008424,2024-03-13,CUST00972
ORD008425,2024-03-21,CUST00866
ORD008426,2025-11-30,CUST00127
ORD008427,2024-08-20,CUST01102
ORD008428,2025-07-22,CUST00809
ORD008429,2024-07-31,CUST00863
ORD008430,2024-11-17,CUST00510
ORD008431,2025-02-24,CUST00258
ORD008432,2024-04-12,CUST01055
ORD008433,2025-08-16,CUST00533
ORD008434,2024-12-01,CUST00763
ORD008435,2025-09-05,CUST00115
ORD008436,2025-01-23,CUST00995
ORD008437,2024-01-08,CUST00101
ORD008438,2024-01-26,CUST01173
ORD008439,2024-11-04,CUST00279
ORD008440,2024-11-01,CUST01087
ORD008441,2025-08-17,CUST00513
ORD008442,2024-07-02,CUST00097
ORD008443,2024-10-27,CUST00771
ORD008444,2025-01-19,CUST00562
ORD008445,2025-07-24,CUST00891
ORD008446,2025-03-17,CUST01019
ORD008447,2025-02-24,CUST00103
ORD008448,2024-11-30,CUST00893
ORD008449,2024-09-25,CUST00332
ORD008450,2024-01-15,CUST00637
ORD008451,2024-11-18,CUST00868
ORD008452,2025-01-07,CUST01004
ORD008453,2025-03-29,CUST00697
ORD008454,2025-07-04,CUST00060
ORD008455,2025-08-07,CUST00923
ORD008456,2024-11-11,CUST00654
ORD008457,2024-08-14,CUST00394
ORD008458,2025-06-02,CUST00060
ORD008459,2025-03-11,CUST00268
ORD008460,2024-09-05,CUST00757
ORD008461,2024-09-21,CUST00829
ORD008462,2025-01-25,CUST00268
ORD008463,2025-10-10,CUST00378
ORD008464,2025-03-04,CUST00690
ORD008465,2025-12-18,CUST00593
ORD008466,2024-02-25,CUST00223
ORD008467,2025-02-10,CUST00685
ORD008468,2025-09-10,CUST00711
ORD008469,2024-08-22,CUST00110
ORD008470,2024-01-10,CUST00872
ORD008471,2024-06-13,CUST00383
ORD008472,2024-05-01,CUST00359
ORD008473,2024-06-04,CUST00603
ORD008474,2024-07-04,CUST00926
ORD008475,2025-03-14,CUST00980
ORD008476,2025-12-11,CUST00971
ORD008477,2024-11-14,CUST00822
ORD008478,2024-05-17,CUST00648
ORD008479,2025-09-19,CUST00138
ORD008480,2025-02-03,CUST00057
ORD008481,2024-04-16,CUST00162
ORD008482,2024-06-30,CUST00576
ORD008483,2025-12-27,CUST00205
ORD008484,2024-04-04,CUST00763
ORD008485,2025-05-30,CUST00515
ORD008486,2025-06-30,CUST01059
ORD008487,2025-10-16,CUST00796
ORD008488,2024-03-02,CUST00013
ORD008489,2025-07-03,CUST00031
ORD008490,2024-04-20,CUST00972
ORD008491,2025-08-25,CUST01058
ORD008492,2025-02-09,CUST00986
ORD008493,2025-12-29,CUST01013
ORD008494,2025-07-26,CUST00262
ORD008495,2024-07-19,CUST00163
ORD008496,2024-06-26,CUST01184
ORD008497,2025-09-01,CUST00734
ORD008498,2025-03-30,CUST00028
ORD008499,2024-10-06,CUST00914
ORD008500,2024-05-18,CUST00837
ORD008501,2024-09-26,CUST00337
ORD008502,2025-10-15,CUST00871
ORD008503,2024-03-18,CUST00302
ORD008504,2024-04-23,CUST00338
ORD008505,2024-02-24,CUST00418
ORD008506,2025-06-25,CUST00515
ORD008507,2024-08-22,CUST00981
ORD008508,2024-12-16,CUST00467
ORD008509,2025-03-16,CUST00709
ORD008510,2025-12-14,CUST00791
ORD008511,2025-06-29,CUST00099
ORD008512,2025-04-17,CUST01135
ORD008513,2024-12-24,CUST00346
ORD008514,2025-01-12,CUST00543
ORD008515,2025-06-10,CUST00359
ORD008516,2024-11-13,CUST00262
ORD008517,2024-05-06,CUST01142
ORD008518,2025-12-12,CUST00477
ORD008519,2025-05-30,CUST00665
ORD008520,2024-09-16,CUST00742
ORD008521,2024-10-01,CUST00097
ORD008522,2024-02-02,CUST00880
ORD008523,2024-09-17,CUST00626
ORD008524,2025-10-30,CUST00753
ORD008525,2024-10-19,CUST00957
ORD008526,2024-12-12,CUST00299
ORD008527,2024-07-20,CUST00158
ORD008528,2024-04-24,CUST00287
ORD008529,2024-07-17,CUST00316
ORD008530,2025-12-31,CUST00917
ORD008531,2024-10-19,CUST01101
ORD008532,2025-09-21,CUST01007
ORD008533,2025-11-29,CUST00174
ORD008534,2025-04-06,CUST00898
ORD008535,2025-02-11,CUST00423
ORD008536,2024-09-05,CUST00602
ORD008537,2025-10-22,CUST00341
ORD008538,2025-05-16,CUST00348
ORD008539,2024-02-01,CUST00393
ORD008540,2025-07-22,CUST01104
ORD008541,2025-01-23,CUST00348
ORD008542,2024-03-15,CUST00973
ORD008543,2024-12-28,CUST00026
ORD008544,2025-11-01,CUST01112
ORD008545,2024-03-03,CUST00138
ORD008546,2025-09-13,CUST00793
ORD008547,2024-09-09,CUST00086
ORD008548,2024-09-18,CUST00674
ORD008549,2025-10-12,CUST00399
ORD008550,2024-02-03,CUST00792
ORD008551,2025-09-15,CUST00471
ORD008552,2024-11-28,CUST01117
ORD008553,2025-05-30,CUST00297
ORD008554,2024-09-30,CUST00470
ORD008555,2024-12-04,CUST00471
ORD008556,2024-11-08,CUST00025
ORD008557,2024-02-06,CUST00213
ORD008558,2025-06-11,CUST00142
ORD008559,2025-02-09,CUST00903
ORD008560,2025-04-30,CUST01035
ORD008561,2024-10-20,CUST01054
ORD008562,2024-03-09,CUST00871
ORD008563,2024-12-19,CUST00353
ORD008564,2024-10-12,CUST00521
ORD008565,2024-09-17,CUST00737
ORD008566,2024-09-24,CUST00537
ORD008567,2025-03-13,CUST00110
ORD008568,2025-06-28,CUST00431
ORD008569,2025-07-01,CUST00741
ORD008570,2025-12-05,CUST00136
ORD008571,2025-05-01,CUST00446
ORD008572,2025-04-06,CUST01132
ORD008573,2024-04-19,CUST00032
ORD008574,2025-10-19,CUST00657
ORD008575,2024-09-03,CUST00253
ORD008576,2024-05-30,CUST01100
ORD008577,2025-04-12,CUST01029
ORD008578,2025-06-08,CUST00524
ORD008579,2025-07-05,CUST00791
ORD008580,2025-09-29,CUST01164
ORD008581,2025-08-16,CUST00872
ORD008582,2025-08-23,CUST01081
ORD008583,2025-06-10,CUST00318
ORD008584,2025-12-08,CUST00125
ORD008585,2024-11-09,CUST00645
ORD008586,2025-05-07,CUST01186
ORD008587,2025-12-20,CUST00273
ORD008588,2025-05-05,CUST00215
ORD008589,2024-10-07,CUST00921
ORD008590,2025-11-28,CUST00282
ORD008591,2024-09-16,CUST00772
ORD008592,2024-08-26,CUST00075
ORD008593,2024-04-01,CUST01107
ORD008594,2025-01-25,CUST00518
ORD008595,2024-06-28,CUST00549
ORD008596,2024-05-15,CUST00418
ORD008597,2025-07-24,CUST00464
ORD008598,2025-08-29,CUST00921
ORD008599,2024-06-15,CUST01068
ORD008600,2024-08-29,CUST00488
ORD008601,2025-08-04,CUST00212
ORD008602,2024-06-03,CUST00231
ORD008603,2025-10-23,CUST01126
ORD008604,2025-05-26,CUST00062
ORD008605,2025-02-05,CUST00322
ORD008606,2025-08-03,CUST00431
ORD008607,2024-06-25,CUST01059
ORD008608,2025-06-11,CUST00102
ORD008609,2025-12-29,CUST01184
ORD008610,2025-07-24,CUST00435
ORD008611,2024-06-20,CUST00299
ORD008612,2024-05-04,CUST00092
ORD008613,2024-04-29,CUST00031
ORD008614,2024-07-08,CUST00472
ORD008615,2024-06-28,CUST00005
ORD008616,2024-01-17,CUST00130
ORD008617,2025-12-09,CUST01070
ORD008618,2025-01-30,CUST00945
ORD008619,2025-03-20,CUST00778
ORD008620,2024-04-27,CUST00093
ORD008621,2024-01-31,CUST01041
ORD008622,2025-10-08,CUST01144
ORD008623,2025-11-23,CUST00985
ORD008624,2025-01-30,CUST00250
ORD008625,2024-01-12,CUST01122
ORD008626,2024-03-26,CUST00606
ORD008627,2024-07-12,CUST00764
ORD008628,2025-01-27,CUST00191
ORD008629,2024-10-22,CUST00127
ORD008630,2024-08-28,CUST01133
ORD008631,2024-10-23,CUST00654
ORD008632,2025-10-27,CUST00500
ORD008633,2025-10-18,CUST00175
ORD008634,2025-08-26,CUST01046
ORD008635,2024-02-18,CUST00989
ORD008636,2024-10-09,CUST00863
ORD008637,2025-07-17,CUST00284
ORD008638,2024-07-18,CUST00645
ORD008639,2024-11-12,CUST00837
ORD008640,2025-08-25,CUST00648
ORD008641,2025-11-23,CUST00201
ORD008642,2024-02-05,CUST00008
ORD008643,2024-07-22,CUST00035
ORD008644,2025-04-13,CUST00828
ORD008645,2024-07-05,CUST00008
ORD008646,2025-01-13,CUST00572
ORD008647,2024-12-03,CUST00777
ORD008648,2025-03-24,CUST00153
ORD008649,2024-12-05,CUST00041
ORD008650,2025-12-06,CUST00095
ORD008651,2025-03-22,CUST00887
ORD008652,2025-11-15,CUST00799
ORD008653,2025-03-08,CUST00551
ORD008654,2024-04-04,CUST00152
ORD008655,2024-01-14,CUST00805
ORD008656,2025-01-14,CUST00613
ORD008657,2024-03-29,CUST00185
ORD008658,2025-12-21,CUST00461
ORD008659,2024-10-15,CUST00004
ORD008660,2025-04-02,CUST01110
ORD008661,2024-11-27,CUST00206
ORD008662,2025-02-12,CUST00551
ORD008663,2025-09-25,CUST00962
ORD008664,2024-02-12,CUST01071
ORD008665,2025-09-21,CUST00031
ORD008666,2025-01-11,CUST01151
ORD008667,2024-07-18,CUST00881
ORD008668,2025-03-05,CUST01123
ORD008669,2024-07-26,CUST00603
ORD008670,2025-07-21,CUST00289
ORD008671,2025-01-21,CUST01095
ORD008672,2025-08-04,CUST01157
ORD008673,2025-09-28,CUST00830
ORD008674,2024-06-12,CUST00796
ORD008675,2025-09-13,CUST00941
ORD008676,2024-01-16,CUST01082
ORD008677,2024-08-27,CUST01106
ORD008678,2025-03-19,CUST01143
ORD008679,2025-07-22,CUST01066
ORD008680,2025-10-12,CUST01159
ORD008681,2024-05-01,CUST00968
ORD008682,2025-06-25,CUST00994
ORD008683,2025-09-21,CUST00149
ORD008684,2025-01-07,CUST00063
ORD008685,2025-01-14,CUST00879
ORD008686,2024-07-03,CUST00744
ORD008687,2025-04-09,CUST00159
ORD008688,2025-08-06,CUST00931
ORD008689,2025-01-21,CUST00048
ORD008690,2025-12-10,CUST00485
ORD008691,2024-05-09,CUST00046
ORD008692,2024-03-30,CUST00272
ORD008693,2025-03-17,CUST00735
ORD008694,2025-04-10,CUST01070
ORD008695,2025-08-14,CUST01145
ORD008696,2024-07-10,CUST00779
ORD008697,2024-01-16,CUST00620
ORD008698,2024-03-21,CUST01134
ORD008699,2024-01-06,CUST01171
ORD008700,2025-01-12,CUST00286
ORD008701,2024-03-15,CUST00945
ORD008702,2025-01-04,CUST00688
ORD008703,2025-06-06,CUST00644
ORD008704,2024-04-30,CUST00944
ORD008705,2025-05-13,CUST00936
ORD008706,2024-10-24,CUST00185
ORD008707,2025-11-18,CUST00283
ORD008708,2025-05-14,CUST00608
ORD008709,2025-01-29,CUST00379
ORD008710,2024-03-17,CUST00198
ORD008711,2025-07-08,CUST01130
ORD008712,2024-05-28,CUST00575
ORD008713,2024-04-04,CUST00825
ORD008714,2024-05-21,CUST00893
ORD008715,2024-09-29,CUST00363
ORD008716,2024-06-15,CUST00289
ORD008717,2025-09-09,CUST00978
ORD008718,2024-12-08,CUST01050
ORD008719,2025-08-24,CUST00153
ORD008720,2025-04-05,CUST00110
ORD008721,2025-12-25,CUST00542
ORD008722,2025-01-10,CUST00546
ORD008723,2024-05-15,CUST00216
ORD008724,2025-07-20,CUST00710
ORD008725,2025-11-28,CUST00602
ORD008726,2025-01-16,CUST00996
ORD008727,2024-02-16,CUST00654
ORD008728,2025-03-21,CUST01036
ORD008729,2024-05-09,CUST00006
ORD008730,2025-08-14,CUST00290
ORD008731,2024-05-09,CUST00752
ORD008732,2025-05-23,CUST00001
ORD008733,2025-12-28,CUST01177
ORD008734,2024-01-19,CUST00102
ORD008735,2024-03-05,CUST00818
ORD008736,2024-08-12,CUST00701
ORD008737,2025-02-23,CUST00564
ORD008738,2024-02-24,CUST00941
ORD008739,2024-06-24,CUST00433
ORD008740,2024-05-19,CUST00571
ORD008741,2025-04-26,CUST00364
ORD008742,2025-05-30,CUST00334
ORD008743,2025-07-27,CUST00672
ORD008744,2024-10-13,CUST00011
ORD008745,2024-02-29,CUST00183
ORD008746,2025-05-12,CUST01066
ORD008747,2025-10-29,CUST01059
ORD008748,2024-07-06,CUST00330
ORD008749,2025-12-06,CUST00537
ORD008750,2025-04-08,CUST00493
ORD008751,2024-04-02,CUST00280
ORD008752,2025-03-05,CUST00149
ORD008753,2025-02-02,CUST01111
ORD008754,2025-01-17,CUST00013
ORD008755,2025-05-08,CUST00135
ORD008756,2024-03-01,CUST00720
ORD008757,2025-07-29,CUST00121
ORD008758,2024-04-03,CUST00238
ORD008759,2025-08-11,CUST00762
ORD008760,2024-01-02,CUST00365
ORD008761,2025-04-19,CUST00224
ORD008762,2025-11-03,CUST00177
ORD008763,2024-11-18,CUST00381
ORD008764,2025-03-13,CUST00166
ORD008765,2024-02-14,CUST00743
ORD008766,2024-08-20,CUST00903
ORD008767,2024-02-24,CUST01167
ORD008768,2024-05-19,CUST00409
ORD008769,2024-02-14,CUST00068
ORD008770,2025-04-18,CUST00146
ORD008771,2025-03-16,CUST00643
ORD008772,2025-11-27,CUST00031
ORD008773,2024-01-05,CUST00991
ORD008774,2024-09-19,CUST00178
ORD008775,2025-05-31,CUST01176
ORD008776,2024-11-15,CUST01151
ORD008777,2025-12-29,CUST00671
ORD008778,2025-12-16,CUST00601
ORD008779,2024-08-20,CUST00289
ORD008780,2025-08-04,CUST01069
ORD008781,2025-04-24,CUST00847
ORD008782,2025-08-30,CUST01138
ORD008783,2025-08-09,CUST00437
ORD008784,2025-02-26,CUST00706
ORD008785,2024-05-14,CUST00527
ORD008786,2024-10-12,CUST00968
ORD008787,2024-04-28,CUST00847
ORD008788,2024-03-31,CUST01055
ORD008789,2024-05-24,CUST00972
ORD008790,2024-07-26,CUST00637
ORD008791,2025-07-05,CUST00170
ORD008792,2024-08-06,CUST00145
ORD008793,2024-02-06,CUST00529
ORD008794,2024-12-06,CUST00093
ORD008795,2024-06-06,CUST00721
ORD008796,2025-07-28,CUST00826
ORD008797,2024-08-15,CUST00376
ORD008798,2024-03-11,CUST00960
ORD008799,2024-10-30,CUST00437
ORD008800,2025-01-03,CUST00897
ORD008801,2024-09-19,CUST01074
ORD008802,2024-09-04,CUST00691
ORD008803,2024-06-04,CUST00862
ORD008804,2025-06-26,CUST00124
ORD008805,2025-02-19,CUST00560
ORD008806,2025-07-12,CUST00892
ORD008807,2024-02-09,CUST00880
ORD008808,2025-04-03,CUST00397
ORD008809,2025-08-25,CUST01123
ORD008810,2024-08-12,CUST00515
ORD008811,2024-11-02,CUST01110
ORD008812,2025-05-30,CUST00400
ORD008813,2025-07-14,CUST00622
ORD008814,2024-06-30,CUST00652
ORD008815,2024-08-21,CUST00784
ORD008816,2025-10-07,CUST00611
ORD008817,2025-02-19,CUST00283
ORD008818,2025-07-07,CUST00098
ORD008819,2024-12-04,CUST00685
ORD008820,2024-02-24,CUST00913
ORD008821,2025-03-30,CUST00567
ORD008822,2025-12-22,CUST00103
ORD008823,2025-02-06,CUST00738
ORD008824,2025-04-04,CUST00688
ORD008825,2024-12-26,CUST00164
ORD008826,2025-01-07,CUST00814
ORD008827,2024-06-12,CUST00422
ORD008828,2025-08-01,CUST00375
ORD008829,2024-01-10,CUST00070
ORD008830,2025-07-07,CUST00683
ORD008831,2024-11-28,CUST00220
ORD008832,2024-02-13,CUST01011
ORD008833,2025-10-06,CUST00634
ORD008834,2024-01-29,CUST00209
ORD008835,2024-08-27,CUST00205
ORD008836,2024-03-26,CUST00206
ORD008837,2025-04-18,CUST01040
ORD008838,2025-02-01,CUST00195
ORD008839,2025-09-07,CUST00040
ORD008840,2024-05-25,CUST00673
ORD008841,2024-10-29,CUST00912
ORD008842,2025-11-29,CUST00797
ORD008843,2024-02-25,CUST00363
ORD008844,2024-06-21,CUST00049
ORD008845,2025-02-19,CUST00760
ORD008846,2024-08-27,CUST00646
ORD008847,2024-10-01,CUST00171
ORD008848,2025-11-29,CUST00363
ORD008849,2024-01-01,CUST00170
ORD008850,2025-11-13,CUST00277
ORD008851,2024-07-05,CUST00897
ORD008852,2024-11-17,CUST01159
ORD008853,2024-12-31,CUST00122
ORD008854,2024-01-11,CUST00324
ORD008855,2025-03-03,CUST00104
ORD008856,2024-03-21,CUST00655
ORD008857,2024-04-23,CUST00691
ORD008858,2024-08-07,CUST00375
ORD008859,2024-12-21,CUST00532
ORD008860,2025-03-26,CUST00696
ORD008861,2024-02-02,CUST00898
ORD008862,2024-10-16,CUST00090
ORD008863,2025-05-19,CUST00205
ORD008864,2025-03-29,CUST00392
ORD008865,2024-05-12,CUST00950
ORD008866,2025-09-01,CUST01128
ORD008867,2024-02-20,CUST00725
ORD008868,2025-12-26,CUST00750
ORD008869,2025-10-21,CUST00058
ORD008870,2024-08-24,CUST00135
ORD008871,2024-02-19,CUST00020
ORD008872,2025-02-06,CUST00590
ORD008873,2025-11-24,CUST00443
ORD008874,2024-11-07,CUST00025
ORD008875,2024-07-27,CUST01186
ORD008876,2024-05-01,CUST00007
ORD008877,2024-10-11,CUST00714
ORD008878,2024-05-09,CUST00065
ORD008879,2024-08-07,CUST00878
ORD008880,2024-02-16,CUST01038
ORD008881,2025-09-18,CUST00583
ORD008882,2024-03-06,CUST00148
ORD008883,2025-07-09,CUST00615
ORD008884,2025-10-03,CUST00193
ORD008885,2024-08-14,CUST00690
ORD008886,2025-09-22,CUST00357
ORD008887,2025-07-12,CUST00736
ORD008888,2024-12-20,CUST00499
ORD008889,2025-01-17,CUST01162
ORD008890,2024-12-14,CUST00301
ORD008891,2024-02-16,CUST00741
ORD008892,2025-02-01,CUST00145
ORD008893,2024-02-04,CUST00122
ORD008894,2025-02-21,CUST00998
ORD008895,2025-08-06,CUST01183
ORD008896,2024-01-14,CUST00040
ORD008897,2025-02-11,CUST01170
ORD008898,2025-03-14,CUST01122
ORD008899,2024-03-01,CUST00151
ORD008900,2025-07-13,CUST00793
ORD008901,2025-03-25,CUST00978
ORD008902,2024-09-26,CUST00091
ORD008903,2025-12-13,CUST00495
ORD008904,2025-05-05,CUST01026
ORD008905,2024-09-30,CUST00257
ORD008906,2024-08-11,CUST00397
ORD008907,2025-08-06,CUST00592
ORD008908,2024-11-10,CUST01190
ORD008909,2025-12-16,CUST00768
ORD008910,2024-08-18,CUST00043
ORD008911,2024-01-03,CUST00805
ORD008912,2025-05-17,CUST00939
ORD008913,2025-01-21,CUST00322
ORD008914,2024-12-08,CUST00672
ORD008915,2024-01-09,CUST00447
ORD008916,2024-06-13,CUST00713
ORD008917,2024-01-12,CUST00150
ORD008918,2025-05-20,CUST00436
ORD008919,2025-01-23,CUST00642
ORD008920,2024-09-18,CUST00267
ORD008921,2025-02-04,CUST00377
ORD008922,2024-10-19,CUST00217
ORD008923,2025-04-15,CUST01101
ORD008924,2024-09-17,CUST00377
ORD008925,2025-08-19,CUST00126
ORD008926,2025-10-04,CUST00383
ORD008927,2025-11-08,CUST01173
ORD008928,2025-12-20,CUST00307
ORD008929,2024-08-12,CUST00454
ORD008930,2024-11-11,CUST00678
ORD008931,2024-04-07,CUST00143
ORD008932,2024-01-16,CUST00066
ORD008933,2025-08-08,CUST00082
ORD008934,2025-10-20,CUST00864
ORD008935,2025-11-24,CUST00096
ORD008936,2024-12-30,CUST00501
ORD008937,2024-01-06,CUST01108
ORD008938,2025-07-23,CUST00848
ORD008939,2025-06-06,CUST00519
ORD008940,2024-09-05,CUST00029
ORD008941,2024-06-04,CUST00239
ORD008942,2024-03-31,CUST00787
ORD008943,2025-02-06,CUST00910
ORD008944,2024-08-13,CUST00279
ORD008945,2025-09-23,CUST00014
ORD008946,2024-10-15,CUST00686
ORD008947,2025-04-12,CUST00685
ORD008948,2025-07-30,CUST01140
ORD008949,2025-07-10,CUST00924
ORD008950,2024-11-27,CUST01159
ORD008951,2024-07-09,CUST00180
ORD008952,2024-06-24,CUST00868
ORD008953,2024-11-15,CUST00344
ORD008954,2025-02-08,CUST00096
ORD008955,2024-08-24,CUST00493
ORD008956,2025-03-05,CUST00367
ORD008957,2024-01-09,CUST00290
ORD008958,2025-04-13,CUST00758
ORD008959,2024-12-28,CUST01067
ORD008960,2024-07-10,CUST00160
ORD008961,2024-09-18,CUST00947
ORD008962,2025-04-19,CUST00051
ORD008963,2025-12-12,CUST00259
ORD008964,2024-01-02,CUST00912
ORD008965,2024-04-27,CUST00187
ORD008966,2024-12-18,CUST00332
ORD008967,2024-08-19,CUST01128
ORD008968,2024-01-07,CUST00371
ORD008969,2024-07-12,CUST00884
ORD008970,2025-12-18,CUST00345
ORD008971,2024-04-11,CUST00351
ORD008972,2024-03-10,CUST00723
ORD008973,2025-06-21,CUST00255
ORD008974,2025-06-18,CUST01174
ORD008975,2025-05-15,CUST00009
ORD008976,2025-12-03,CUST00750
ORD008977,2025-08-02,CUST00194
ORD008978,2025-03-20,CUST00218
ORD008979,2024-04-24,CUST01031
ORD008980,2025-03-23,CUST00434
ORD008981,2025-07-02,CUST00761
ORD008982,2024-12-06,CUST01127
ORD008983,2025-07-17,CUST00168
ORD008984,2025-08-25,CUST00641
ORD008985,2025-08-05,CUST00950
ORD008986,2025-12-07,CUST00964
ORD008987,2024-06-20,CUST00193
ORD008988,2025-01-25,CUST01139
ORD008989,2025-06-13,CUST00092
ORD008990,2025-12-26,CUST00104
ORD008991,2024-12-13,CUST00485
ORD008992,2025-05-05,CUST01096
ORD008993,2025-12-17,CUST00443
ORD008994,2024-03-09,CUST01122
ORD008995,2025-01-19,CUST00317
ORD008996,2025-06-04,CUST01192
ORD008997,2025-05-06,CUST00354
ORD008998,2025-06-05,CUST00566
ORD008999,2024-12-05,CUST00637
ORD009000,2024-02-24,CUST00197
ORD009001,2025-06-10,CUST00283
ORD009002,2024-06-21,CUST00977
ORD009003,2024-06-15,CUST00003
ORD009004,2024-02-25,CUST00364
ORD009005,2025-07-18,CUST00438
ORD009006,2025-09-21,CUST00604
ORD009007,2025-07-03,CUST00262
ORD009008,2025-10-02,CUST00469
ORD009009,2024-05-18,CUST00319
ORD009010,2024-03-01,CUST00517
ORD009011,2024-03-31,CUST00569
ORD009012,2024-10-12,CUST00998
ORD009013,2024-10-12,CUST00433
ORD009014,2024-05-14,CUST01075
ORD009015,2024-04-22,CUST00136
ORD009016,2025-03-07,CUST00738
ORD009017,2025-08-14,CUST00402
ORD009018,2025-12-18,CUST00021
ORD009019,2025-11-20,CUST00260
ORD009020,2025-10-04,CUST00027
ORD009021,2024-05-10,CUST00074
ORD009022,2025-10-11,CUST00426
ORD009023,2024-02-21,CUST00568
ORD009024,2025-12-13,CUST00306
ORD009025,2024-08-12,CUST00269
ORD009026,2024-05-13,CUST00899
ORD009027,2025-05-24,CUST00736
ORD009028,2024-05-10,CUST00212
ORD009029,2024-09-06,CUST00764
ORD009030,2024-07-17,CUST00085
ORD009031,2024-05-13,CUST01031
ORD009032,2024-04-05,CUST00856
ORD009033,2024-12-09,CUST00097
ORD009034,2025-02-20,CUST00520
ORD009035,2025-02-09,CUST00404
ORD009036,2024-01-03,CUST00118
ORD009037,2024-12-18,CUST00473
ORD009038,2025-03-26,CUST00936
ORD009039,2025-04-15,CUST00729
ORD009040,2025-02-11,CUST01198
ORD009041,2024-04-08,CUST01101
ORD009042,2024-08-17,CUST00271
ORD009043,2024-03-13,CUST00047
ORD009044,2025-10-29,CUST00332
ORD009045,2025-09-04,CUST00184
ORD009046,2025-03-01,CUST00152
ORD009047,2025-04-25,CUST00612
ORD009048,2025-01-22,CUST00084
ORD009049,2024-06-11,CUST01193
ORD009050,2025-06-27,CUST00447
ORD009051,2024-05-02,CUST00060
ORD009052,2024-09-26,CUST00508
ORD009053,2025-07-08,CUST00566
ORD009054,2024-03-09,CUST00793
ORD009055,2025-02-05,CUST00333
ORD009056,2024-06-03,CUST01163
ORD009057,2024-03-24,CUST00416
ORD009058,2024-05-01,CUST00860
ORD009059,2025-05-13,CUST00029
ORD009060,2025-05-28,CUST00115
ORD009061,2025-01-10,CUST00832
ORD009062,2025-07-24,CUST00755
ORD009063,2025-03-03,CUST00806
ORD009064,2025-04-16,CUST00084
ORD009065,2025-01-27,CUST00479
ORD009066,2025-12-18,CUST00807
ORD009067,2024-06-05,CUST00173
ORD009068,2025-08-07,CUST01049
ORD009069,2025-02-07,CUST00742
ORD009070,2025-01-05,CUST00124
ORD009071,2024-11-06,CUST01191
ORD009072,2024-10-20,CUST00522
ORD009073,2024-11-03,CUST00075
ORD009074,2025-03-27,CUST00884
ORD009075,2025-02-04,CUST00403
ORD009076,2025-12-02,CUST00628
ORD009077,2025-09-11,CUST00387
ORD009078,2024-08-18,CUST01163
ORD009079,2025-03-02,CUST00705
ORD009080,2024-01-09,CUST00620
ORD009081,2025-10-24,CUST00772
ORD009082,2024-06-20,CUST00930
ORD009083,2024-07-13,CUST00266
ORD009084,2024-06-21,CUST00790
ORD009085,2024-05-17,CUST00889
ORD009086,2024-04-30,CUST00182
ORD009087,2024-10-29,CUST00301
ORD009088,2024-09-18,CUST00444
ORD009089,2025-02-24,CUST00282
ORD009090,2024-12-17,CUST01137
ORD009091,2025-12-13,CUST00657
ORD009092,2024-09-29,CUST00310
ORD009093,2024-04-13,CUST01055
ORD009094,2025-06-09,CUST00081
ORD009095,2025-06-30,CUST01010
ORD009096,2025-08-31,CUST00201
ORD009097,2025-09-29,CUST00835
ORD009098,2024-05-31,CUST00492
ORD009099,2024-11-14,CUST00174
ORD009100,2025-11-04,CUST01170
ORD009101,2025-11-30,CUST00779
ORD009102,2024-09-26,CUST00452
ORD009103,2024-07-24,CUST01147
ORD009104,2024-12-12,CUST00491
ORD009105,2024-05-17,CUST00577
ORD009106,2025-04-16,CUST00383
ORD009107,2025-01-09,CUST00118
ORD009108,2025-01-08,CUST01089
ORD009109,2024-08-29,CUST00461
ORD009110,2024-09-08,CUST00534
ORD009111,2024-07-26,CUST00072
ORD009112,2025-12-07,CUST00494
ORD009113,2024-03-20,CUST00162
ORD009114,2025-12-24,CUST00750
ORD009115,2025-11-15,CUST01084
ORD009116,2025-05-26,CUST00831
ORD009117,2024-01-29,CUST00766
ORD009118,2024-09-30,CUST00758
ORD009119,2025-04-23,CUST00800
ORD009120,2025-12-07,CUST01155
ORD009121,2025-11-22,CUST00551
ORD009122,2025-05-26,CUST00678
ORD009123,2025-04-09,CUST00823
ORD009124,2025-08-23,CUST00550
ORD009125,2025-10-12,CUST00688
ORD009126,2024-07-23,CUST00739
ORD009127,2024-09-02,CUST00895
ORD009128,2025-01-14,CUST01156
ORD009129,2025-04-28,CUST00555
ORD009130,2025-02-06,CUST00792
ORD009131,2025-08-31,CUST01030
ORD009132,2025-01-26,CUST00131
ORD009133,2025-03-17,CUST00428
ORD009134,2024-10-14,CUST00260
ORD009135,2024-03-21,CUST00363
ORD009136,2024-12-17,CUST00585
ORD009137,2025-01-13,CUST00046
ORD009138,2025-07-02,CUST00017
ORD009139,2025-08-09,CUST00681
ORD009140,2025-09-25,CUST00628
ORD009141,2025-06-04,CUST00180
ORD009142,2024-12-15,CUST00380
ORD009143,2025-02-12,CUST00293
ORD009144,2024-11-26,CUST00761
ORD009145,2025-08-12,CUST00781
ORD009146,2025-02-10,CUST00619
ORD009147,2025-04-02,CUST00373
ORD009148,2024-04-25,CUST00491
ORD009149,2024-01-14,CUST00929
ORD009150,2024-10-09,CUST00280
ORD009151,2024-09-02,CUST00754
ORD009152,2025-08-25,CUST00244
ORD009153,2024-09-29,CUST00372
ORD009154,2025-01-29,CUST00251
ORD009155,2024-10-19,CUST00108
ORD009156,2025-11-14,CUST00543
ORD009157,2025-10-28,CUST01116
ORD009158,2025-08-20,CUST00401
ORD009159,2024-09-10,CUST00323
ORD009160,2025-03-01,CUST00239
ORD009161,2024-11-04,CUST00649
ORD009162,2024-11-12,CUST00438
ORD009163,2024-02-27,CUST00928
ORD009164,2025-08-03,CUST00846
ORD009165,2024-08-13,CUST00938
ORD009166,2024-08-19,CUST00214
ORD009167,2025-11-28,CUST00038
ORD009168,2024-01-31,CUST01094
ORD009169,2025-10-23,CUST00250
ORD009170,2025-05-22,CUST01088
ORD009171,2024-12-30,CUST00343
ORD009172,2024-05-25,CUST00247
ORD009173,2024-03-22,CUST00755
ORD009174,2025-07-16,CUST00915
ORD009175,2024-04-04,CUST01141
ORD009176,2024-10-14,CUST00652
ORD009177,2024-06-09,CUST00429
ORD009178,2025-01-06,CUST00573
ORD009179,2024-06-29,CUST00887
ORD009180,2025-06-01,CUST00944
ORD009181,2024-09-22,CUST00547
ORD009182,2025-11-27,CUST01021
ORD009183,2024-02-19,CUST00231
ORD009184,2025-05-24,CUST00398
ORD009185,2025-10-20,CUST00336
ORD009186,2025-10-25,CUST00052
ORD009187,2025-12-09,CUST01084
ORD009188,2025-02-24,CUST00700
ORD009189,2024-05-31,CUST00456
ORD009190,2025-03-31,CUST00948
ORD009191,2025-04-08,CUST00271
ORD009192,2025-08-14,CUST00881
ORD009193,2025-02-13,CUST00664
ORD009194,2025-02-20,CUST00386
ORD009195,2024-07-18,CUST00959
ORD009196,2024-01-04,CUST00229
ORD009197,2024-10-12,CUST00127
ORD009198,2025-10-23,CUST00096
ORD009199,2025-10-06,CUST00732
ORD009200,2024-06-05,CUST00900
ORD009201,2025-07-03,CUST00129
ORD009202,2024-01-26,CUST00753
ORD009203,2024-11-29,CUST01064
ORD009204,2025-11-05,CUST00094
ORD009205,2024-02-07,CUST00052
ORD009206,2024-06-04,CUST00991
ORD009207,2025-11-29,CUST00365
ORD009208,2024-05-11,CUST00135
ORD009209,2024-11-12,CUST00382
ORD009210,2024-11-23,CUST00949
ORD009211,2025-11-09,CUST00400
ORD009212,2024-05-02,CUST00872
ORD009213,2024-01-28,CUST00617
ORD009214,2024-08-20,CUST01175
ORD009215,2025-12-09,CUST00253
ORD009216,2024-08-10,CUST00816
ORD009217,2025-06-25,CUST00178
ORD009218,2025-05-21,CUST00337
ORD009219,2024-02-05,CUST00407
ORD009220,2024-05-04,CUST00406
ORD009221,2025-01-22,CUST00709
ORD009222,2024-12-25,CUST00316
ORD009223,2025-06-14,CUST00801
ORD009224,2024-06-29,CUST00055
ORD009225,2025-09-07,CUST00382
ORD009226,2025-08-12,CUST00993
ORD009227,2024-09-09,CUST00705
ORD009228,2024-05-10,CUST00765
ORD009229,2025-09-22,CUST00722
ORD009230,2025-11-06,CUST00437
ORD009231,2024-08-28,CUST00304
ORD009232,2024-06-22,CUST00309
ORD009233,2025-10-17,CUST00907
ORD009234,2024-08-20,CUST00390
ORD009235,2025-06-18,CUST00357
ORD009236,2024-01-02,CUST00589
ORD009237,2025-01-07,CUST00971
ORD009238,2025-12-08,CUST00455
ORD009239,2024-12-28,CUST00462
ORD009240,2024-05-12,CUST00465
ORD009241,2025-03-09,CUST00875
ORD009242,2024-03-30,CUST01039
ORD009243,2024-12-24,CUST00072
ORD009244,2025-04-25,CUST00814
ORD009245,2024-04-03,CUST00101
ORD009246,2025-07-18,CUST00941
ORD009247,2024-02-16,CUST01048
ORD009248,2024-07-10,CUST00797
ORD009249,2025-09-13,CUST01020
ORD009250,2024-05-03,CUST01036
ORD009251,2024-06-11,CUST00410
ORD009252,2025-01-25,CUST00080
ORD009253,2024-04-11,CUST00029
ORD009254,2025-05-18,CUST00256
ORD009255,2024-06-08,CUST00812
ORD009256,2024-04-12,CUST00726
ORD009257,2025-10-22,CUST01134
ORD009258,2024-08-15,CUST01144
ORD009259,2025-11-25,CUST01148
ORD009260,2025-10-09,CUST00375
ORD009261,2025-12-24,CUST00184
ORD009262,2025-05-19,CUST00891
ORD009263,2025-12-25,CUST00537
ORD009264,2025-06-30,CUST00529
ORD009265,2025-02-16,CUST00980
ORD009266,2024-07-24,CUST00665
ORD009267,2025-03-29,CUST00538
ORD009268,2024-05-14,CUST00298
ORD009269,2024-08-02,CUST00444
ORD009270,2025-12-08,CUST00313
ORD009271,2024-05-25,CUST00331
ORD009272,2025-12-30,CUST01042
ORD009273,2024-01-18,CUST00218
ORD009274,2025-09-14,CUST00599
ORD009275,2024-09-16,CUST00316
ORD009276,2024-12-20,CUST01148
ORD009277,2025-11-17,CUST01160
ORD009278,2024-06-06,CUST00378
ORD009279,2024-07-01,CUST00725
ORD009280,2025-02-18,CUST00118
ORD009281,2025-01-21,CUST00375
ORD009282,2025-09-24,CUST00692
ORD009283,2024-08-04,CUST00762
ORD009284,2025-11-02,CUST00101
ORD009285,2025-02-02,CUST00497
ORD009286,2025-10-12,CUST00981
ORD009287,2024-09-07,CUST00137
ORD009288,2025-10-25,CUST00235
ORD009289,2025-06-28,CUST00114
ORD009290,2024-10-05,CUST00813
ORD009291,2025-12-01,CUST01008
ORD009292,2024-10-09,CUST00215
ORD009293,2024-08-29,CUST00013
ORD009294,2025-05-12,CUST00646
ORD009295,2024-08-22,CUST01145
ORD009296,2024-11-08,CUST00250
ORD009297,2025-10-30,CUST01151
ORD009298,2024-11-27,CUST00305
ORD009299,2024-01-14,CUST00147
ORD009300,2024-08-13,CUST00790
ORD009301,2024-06-27,CUST00822
ORD009302,2025-11-07,CUST00118
ORD009303,2025-06-04,CUST00588
ORD009304,2025-11-10,CUST00818
ORD009305,2024-08-22,CUST01170
ORD009306,2025-04-29,CUST00749
ORD009307,2025-01-30,CUST00130
ORD009308,2024-11-17,CUST00567
ORD009309,2025-05-02,CUST00093
ORD009310,2025-01-05,CUST00653
ORD009311,2024-09-14,CUST01165
ORD009312,2024-03-15,CUST00357
ORD009313,2025-10-03,CUST00138
ORD009314,2025-01-12,CUST00178
ORD009315,2025-03-14,CUST00549
ORD009316,2024-03-14,CUST00159
ORD009317,2025-08-02,CUST00701
ORD009318,2024-12-03,CUST00878
ORD009319,2024-10-05,CUST00035
ORD009320,2025-08-06,CUST00188
ORD009321,2025-08-13,CUST00770
ORD009322,2025-08-29,CUST00434
ORD009323,2025-08-28,CUST00658
ORD009324,2025-04-06,CUST01121
ORD009325,2025-05-23,CUST00733
ORD009326,2024-07-08,CUST00124
ORD009327,2025-05-03,CUST00002
ORD009328,2024-05-20,CUST00038
ORD009329,2024-09-16,CUST00346
ORD009330,2025-03-21,CUST00325
ORD009331,2025-11-13,CUST00031
ORD009332,2024-03-13,CUST01017
ORD009333,2024-04-08,CUST00279
ORD009334,2025-11-08,CUST00184
ORD009335,2024-06-02,CUST00630
ORD009336,2024-03-16,CUST00414
ORD009337,2025-08-08,CUST00499
ORD009338,2025-03-16,CUST00827
ORD009339,2025-04-18,CUST01090
ORD009340,2025-08-03,CUST00930
ORD009341,2025-02-19,CUST00075
ORD009342,2025-08-02,CUST01072
ORD009343,2025-04-30,CUST00442
ORD009344,2024-03-16,CUST00338
ORD009345,2025-03-12,CUST01005
ORD009346,2025-05-10,CUST00474
ORD009347,2024-03-22,CUST00380
ORD009348,2024-05-15,CUST00897
ORD009349,2025-10-29,CUST00798
ORD009350,2025-11-22,CUST00058
ORD009351,2025-04-16,CUST00695
ORD009352,2025-12-13,CUST01182
ORD009353,2025-06-27,CUST01096
ORD009354,2025-09-28,CUST00974
ORD009355,2025-10-26,CUST01116
ORD009356,2025-03-06,CUST00722
ORD009357,2024-08-30,CUST00426
ORD009358,2025-10-08,CUST01171
ORD009359,2025-12-16,CUST00633
ORD009360,2024-07-26,CUST00237
ORD009361,2025-09-09,CUST00188
ORD009362,2025-10-07,CUST00783
ORD009363,2024-12-02,CUST00633
ORD009364,2024-07-11,CUST00064
ORD009365,2025-06-08,CUST01185
ORD009366,2025-10-14,CUST00686
ORD009367,2024-07-05,CUST00478
ORD009368,2024-05-07,CUST00297
ORD009369,2024-02-16,CUST00325
ORD009370,2024-05-03,CUST00142
ORD009371,2024-12-26,CUST00049
ORD009372,2024-12-23,CUST00996
ORD009373,2025-01-22,CUST00558
ORD009374,2024-10-16,CUST01154
ORD009375,2025-10-17,CUST00935
ORD009376,2024-10-17,CUST00983
ORD009377,2024-01-08,CUST00103
ORD009378,2024-01-02,CUST00288
ORD009379,2025-03-06,CUST01150
ORD009380,2025-04-20,CUST00811
ORD009381,2024-11-09,CUST00634
ORD009382,2025-07-11,CUST00892
ORD009383,2025-05-23,CUST00822
ORD009384,2024-10-31,CUST01173
ORD009385,2025-04-03,CUST00922
ORD009386,2024-11-12,CUST00183
ORD009387,2025-03-05,CUST00413
ORD009388,2025-01-29,CUST00712
ORD009389,2025-03-12,CUST00070
ORD009390,2024-09-20,CUST00678
ORD009391,2024-02-03,CUST00048
ORD009392,2025-02-20,CUST00501
ORD009393,2024-12-27,CUST00645
ORD009394,2025-12-16,CUST00452
ORD009395,2025-04-26,CUST00408
ORD009396,2024-02-08,CUST00791
ORD009397,2024-10-05,CUST01158
ORD009398,2025-03-12,CUST00382
ORD009399,2025-04-20,CUST00904
ORD009400,2024-03-21,CUST00226
ORD009401,2025-10-12,CUST01159
ORD009402,2025-10-27,CUST00734
ORD009403,2024-05-20,CUST01166
ORD009404,2025-12-13,CUST00779
ORD009405,2024-08-16,CUST00658
ORD009406,2024-07-29,CUST00102
ORD009407,2025-12-12,CUST00760
ORD009408,2025-08-30,CUST00955
ORD009409,2024-01-09,CUST00368
ORD009410,2025-01-11,CUST00717
ORD009411,2024-04-22,CUST00331
ORD009412,2025-06-25,CUST00330
ORD009413,2025-04-18,CUST00847
ORD009414,2025-11-21,CUST00423
ORD009415,2025-03-12,CUST00614
ORD009416,2024-08-28,CUST00161
ORD009417,2024-11-17,CUST00594
ORD009418,2025-06-21,CUST01147
ORD009419,2025-08-06,CUST00687
ORD009420,2025-09-18,CUST00806
ORD009421,2024-12-23,CUST00577
ORD009422,2025-02-27,CUST00891
ORD009423,2024-09-10,CUST00612
ORD009424,2024-12-04,CUST00537
ORD009425,2024-10-26,CUST00454
ORD009426,2024-11-10,CUST00528
ORD009427,2024-03-15,CUST00626
ORD009428,2025-09-18,CUST00249
ORD009429,2025-02-09,CUST01167
ORD009430,2025-09-09,CUST00501
ORD009431,2025-09-14,CUST00497
ORD009432,2025-12-23,CUST00530
ORD009433,2024-10-09,CUST01185
ORD009434,2025-04-06,CUST00584
ORD009435,2024-08-19,CUST01178
ORD009436,2024-10-03,CUST00840
ORD009437,2024-09-27,CUST00036
ORD009438,2025-06-22,CUST01150
ORD009439,2024-06-24,CUST00300
ORD009440,2024-08-17,CUST00098
ORD009441,2025-08-30,CUST00673
ORD009442,2025-05-27,CUST00861
ORD009443,2024-05-11,CUST00977
ORD009444,2024-08-11,CUST01179
ORD009445,2025-11-16,CUST01092
ORD009446,2025-10-19,CUST01070
ORD009447,2025-08-19,CUST00553
ORD009448,2024-04-12,CUST00511
ORD009449,2024-06-10,CUST00213
ORD009450,2024-01-09,CUST01170
ORD009451,2025-04-01,CUST00265
ORD009452,2024-03-03,CUST00355
ORD009453,2024-04-27,CUST00981
ORD009454,2024-02-14,CUST00981
ORD009455,2024-11-30,CUST00618
ORD009456,2025-06-15,CUST00713
ORD009457,2024-07-16,CUST00588
ORD009458,2025-10-07,CUST00846
ORD009459,2025-01-14,CUST00690
ORD009460,2025-04-28,CUST01200
ORD009461,2024-05-15,CUST00258
ORD009462,2024-02-08,CUST00501
ORD009463,2024-01-11,CUST00088
ORD009464,2024-11-05,CUST00570
ORD009465,2025-08-03,CUST00887
ORD009466,2024-11-07,CUST00782
ORD009467,2024-03-06,CUST00304
ORD009468,2025-09-17,CUST00458
ORD009469,2025-08-03,CUST00112
ORD009470,2024-01-29,CUST00290
ORD009471,2024-12-30,CUST00219
ORD009472,2024-05-19,CUST00236
ORD009473,2024-07-27,CUST00946
ORD009474,2024-12-07,CUST00806
ORD009475,2024-12-30,CUST01083
ORD009476,2025-12-24,CUST00803
ORD009477,2024-07-13,CUST00678
ORD009478,2025-08-19,CUST00691
ORD009479,2025-10-05,CUST00966
ORD009480,2024-01-03,CUST01138
ORD009481,2025-03-16,CUST00162
ORD009482,2025-08-10,CUST00448
ORD009483,2024-03-11,CUST00535
ORD009484,2025-12-23,CUST00739
ORD009485,2025-07-19,CUST00612
ORD009486,2024-07-12,CUST00532
ORD009487,2025-12-13,CUST00671
ORD009488,2025-02-10,CUST00795
ORD009489,2024-08-14,CUST00174
ORD009490,2024-03-15,CUST00457
ORD009491,2025-07-09,CUST01128
ORD009492,2025-01-14,CUST00099
ORD009493,2024-07-28,CUST00608
ORD009494,2024-07-06,CUST00391
ORD009495,2025-02-21,CUST00323
ORD009496,2025-11-17,CUST00278
ORD009497,2024-02-04,CUST00510
ORD009498,2024-07-18,CUST00635
ORD009499,2025-04-13,CUST00600
ORD009500,2024-07-06,CUST00543
ORD009501,2025-02-20,CUST00426
ORD009502,2025-11-02,CUST00221
ORD009503,2024-01-20,CUST00617
ORD009504,2024-08-25,CUST00924
ORD009505,2025-08-16,CUST00852
ORD009506,2025-05-31,CUST00812
ORD009507,2025-07-07,CUST00058
ORD009508,2024-02-03,CUST01131
ORD009509,2025-10-28,CUST00643
ORD009510,2025-12-28,CUST00289
ORD009511,2025-08-05,CUST00575
ORD009512,2025-01-25,CUST01194
ORD009513,2024-02-21,CUST00314
ORD009514,2025-10-31,CUST00184
ORD009515,2025-10-24,CUST00998
ORD009516,2025-03-24,CUST00586
ORD009517,2024-03-06,CUST00954
ORD009518,2024-09-26,CUST00386
ORD009519,2024-02-08,CUST00619
ORD009520,2024-07-31,CUST00653
ORD009521,2024-02-29,CUST00318
ORD009522,2024-08-21,CUST01099
ORD009523,2025-01-10,CUST00097
ORD009524,2024-06-16,CUST00332
ORD009525,2025-07-26,CUST00575
ORD009526,2025-03-08,CUST00801
ORD009527,2024-12-12,CUST00372
ORD009528,2025-04-04,CUST00690
ORD009529,2024-06-12,CUST00408
ORD009530,2024-07-24,CUST00274
ORD009531,2025-06-16,CUST00314
ORD009532,2025-09-30,CUST00479
ORD009533,2024-01-10,CUST00280
ORD009534,2024-01-17,CUST00276
ORD009535,2024-12-04,CUST00822
ORD009536,2025-08-10,CUST00221
ORD009537,2024-08-08,CUST00419
ORD009538,2024-01-11,CUST00471
ORD009539,2024-01-23,CUST00450
ORD009540,2024-07-21,CUST00520
ORD009541,2025-02-22,CUST00960
ORD009542,2025-03-27,CUST00139
ORD009543,2025-12-09,CUST00252
ORD009544,2025-11-17,CUST00877
ORD009545,2025-04-12,CUST00748
ORD009546,2024-01-11,CUST00897
ORD009547,2025-03-13,CUST00291
ORD009548,2025-05-04,CUST00712
ORD009549,2024-11-18,CUST00511
ORD009550,2024-02-28,CUST00356
ORD009551,2024-10-11,CUST00759
ORD009552,2024-08-03,CUST00115
ORD009553,2024-03-21,CUST00355
ORD009554,2024-08-24,CUST01192
ORD009555,2025-07-23,CUST00530
ORD009556,2025-05-14,CUST00350
ORD009557,2024-08-28,CUST00060
ORD009558,2024-08-09,CUST00555
ORD009559,2024-05-14,CUST00096
ORD009560,2024-05-10,CUST01107
ORD009561,2024-10-30,CUST00939
ORD009562,2024-03-10,CUST01191
ORD009563,2024-01-17,CUST00187
ORD009564,2025-04-10,CUST00334
ORD009565,2024-06-16,CUST00272
ORD009566,2024-10-26,CUST00107
ORD009567,2025-01-17,CUST00120
ORD009568,2025-03-25,CUST00848
ORD009569,2024-09-22,CUST01120
ORD009570,2025-04-18,CUST00209
ORD009571,2025-05-02,CUST01015
ORD009572,2024-11-24,CUST00534
ORD009573,2025-02-27,CUST00217
ORD009574,2025-09-29,CUST00375
ORD009575,2024-09-27,CUST00103
ORD009576,2025-01-30,CUST00737
ORD009577,2025-10-17,CUST01110
ORD009578,2024-08-20,CUST01100
ORD009579,2025-03-27,CUST00316
ORD009580,2025-11-24,CUST00961
ORD009581,2025-10-06,CUST00304
ORD009582,2024-12-13,CUST01036
ORD009583,2024-03-06,CUST00369
ORD009584,2024-06-08,CUST00649
ORD009585,2025-09-05,CUST00083
ORD009586,2025-08-21,CUST00703
ORD009587,2025-01-29,CUST00808
ORD009588,2025-06-30,CUST00578
ORD009589,2025-12-30,CUST00522
ORD009590,2025-06-03,CUST00302
ORD009591,2024-09-10,CUST00995
ORD009592,2024-09-12,CUST00385
ORD009593,2025-04-07,CUST01175
ORD009594,2024-03-19,CUST00382
ORD009595,2024-04-12,CUST00267
ORD009596,2024-03-27,CUST00177
ORD009597,2024-02-18,CUST00245
ORD009598,2025-06-27,CUST00938
ORD009599,2025-06-09,CUST00086
ORD009600,2024-08-29,CUST00710
ORD009601,2025-12-05,CUST01133
ORD009602,2025-03-01,CUST00103
ORD009603,2025-11-16,CUST00152
ORD009604,2025-04-10,CUST00102
ORD009605,2025-05-11,CUST00597
ORD009606,2025-12-11,CUST00074
ORD009607,2025-10-06,CUST00462
ORD009608,2025-09-04,CUST00310
ORD009609,2024-12-26,CUST00213
ORD009610,2025-08-24,CUST00516
ORD009611,2025-12-12,CUST00727
ORD009612,2024-07-01,CUST00652
ORD009613,2024-04-22,CUST01012
ORD009614,2024-04-14,CUST00354
ORD009615,2024-06-28,CUST00292
ORD009616,2025-05-19,CUST00795
ORD009617,2024-09-17,CUST00512
ORD009618,2024-08-13,CUST01142
ORD009619,2025-04-10,CUST00373
ORD009620,2024-06-16,CUST00044
ORD009621,2025-01-04,CUST00593
ORD009622,2024-06-02,CUST00296
ORD009623,2024-04-25,CUST00770
ORD009624,2024-06-29,CUST00772
ORD009625,2025-11-26,CUST00657
ORD009626,2025-12-02,CUST00534
ORD009627,2025-08-28,CUST00784
ORD009628,2024-07-15,CUST00400
ORD009629,2024-01-02,CUST01106
ORD009630,2024-07-19,CUST00415
ORD009631,2024-10-23,CUST00603
ORD009632,2024-11-05,CUST00907
ORD009633,2024-01-19,CUST00625
ORD009634,2025-05-29,CUST01063
ORD009635,2025-05-26,CUST01042
ORD009636,2025-09-05,CUST01189
ORD009637,2024-12-04,CUST00025
ORD009638,2024-10-04,CUST00952
ORD009639,2024-01-22,CUST00341
ORD009640,2024-01-11,CUST00767
ORD009641,2025-09-20,CUST00774
ORD009642,2025-06-03,CUST00716
ORD009643,2024-03-14,CUST00642
ORD009644,2024-07-13,CUST00918
ORD009645,2025-05-23,CUST00528
ORD009646,2025-09-30,CUST00373
ORD009647,2025-02-10,CUST00875
ORD009648,2025-10-11,CUST00429
ORD009649,2024-06-12,CUST00649
ORD009650,2025-02-28,CUST00478
ORD009651,2024-10-01,CUST00379
ORD009652,2025-04-08,CUST01020
ORD009653,2025-04-30,CUST00654
ORD009654,2024-06-23,CUST00328
ORD009655,2025-01-02,CUST01162
ORD009656,2024-06-06,CUST00036
ORD009657,2025-03-04,CUST00165
ORD009658,2025-02-12,CUST00716
ORD009659,2025-07-09,CUST00172
ORD009660,2024-05-25,CUST00275
ORD009661,2024-01-29,CUST00756
ORD009662,2025-08-09,CUST00323
ORD009663,2024-06-03,CUST00586
ORD009664,2024-04-29,CUST00147
ORD009665,2024-11-26,CUST00841
ORD009666,2024-08-11,CUST00087
ORD009667,2024-06-04,CUST00651
ORD009668,2024-11-19,CUST01192
ORD009669,2025-02-15,CUST00477
ORD009670,2025-03-22,CUST00501
ORD009671,2025-04-19,CUST00316
ORD009672,2025-10-23,CUST00837
ORD009673,2024-06-25,CUST00608
ORD009674,2025-11-11,CUST00369
ORD009675,2024-02-13,CUST00884
ORD009676,2025-01-21,CUST00156
ORD009677,2024-12-09,CUST00531
ORD009678,2025-09-30,CUST01054
ORD009679,2024-01-28,CUST01129
ORD009680,2024-12-13,CUST00199
ORD009681,2024-07-18,CUST00420
ORD009682,2024-04-19,CUST00457
ORD009683,2025-11-01,CUST01103
ORD009684,2024-02-11,CUST00090
ORD009685,2024-10-06,CUST01176
ORD009686,2025-07-01,CUST00460
ORD009687,2025-12-22,CUST00322
ORD009688,2024-03-06,CUST00172
ORD009689,2024-06-30,CUST00311
ORD009690,2024-04-06,CUST00355
ORD009691,2024-03-19,CUST00763
ORD009692,2024-10-30,CUST01048
ORD009693,2025-11-09,CUST00231
ORD009694,2025-12-29,CUST00763
ORD009695,2025-07-05,CUST00315
ORD009696,2025-03-21,CUST01113
ORD009697,2025-03-03,CUST01098
ORD009698,2025-05-26,CUST00823
ORD009699,2024-11-01,CUST00018
ORD009700,2024-04-16,CUST01194
ORD009701,2024-04-22,CUST01088
ORD009702,2024-11-30,CUST00537
ORD009703,2025-07-23,CUST01101
ORD009704,2024-02-29,CUST00798
ORD009705,2024-11-12,CUST00626
ORD009706,2024-05-16,CUST00002
ORD009707,2024-02-13,CUST00796
ORD009708,2024-06-30,CUST01168
ORD009709,2025-05-29,CUST01020
ORD009710,2025-03-28,CUST01075
ORD009711,2025-05-06,CUST00501
ORD009712,2024-11-17,CUST01067
ORD009713,2024-12-01,CUST00795
ORD009714,2025-10-15,CUST00823
ORD009715,2024-10-15,CUST00818
ORD009716,2024-11-14,CUST00244
ORD009717,2025-09-02,CUST00892
ORD009718,2024-05-12,CUST00446
ORD009719,2024-10-30,CUST00370
ORD009720,2024-04-24,CUST00289
ORD009721,2025-03-22,CUST00297
ORD009722,2024-07-02,CUST00154
ORD009723,2024-07-16,CUST00375
ORD009724,2024-01-18,CUST00626
ORD009725,2025-12-07,CUST00131
ORD009726,2024-02-16,CUST00583
ORD009727,2024-06-16,CUST00519
ORD009728,2025-06-28,CUST00445
ORD009729,2024-04-25,CUST00577
ORD009730,2025-05-12,CUST01047
ORD009731,2025-08-04,CUST00230
ORD009732,2024-04-02,CUST00965
ORD009733,2025-09-21,CUST00915
ORD009734,2024-06-06,CUST00833
ORD009735,2025-08-25,CUST00569
ORD009736,2025-08-12,CUST01079
ORD009737,2024-04-08,CUST00330
ORD009738,2025-06-10,CUST00408
ORD009739,2024-04-23,CUST01126
ORD009740,2024-01-21,CUST00117
ORD009741,2024-08-12,CUST00885
ORD009742,2025-03-08,CUST00840
ORD009743,2024-01-22,CUST00345
ORD009744,2025-12-24,CUST00005
ORD009745,2024-03-04,CUST00012
ORD009746,2024-12-22,CUST00403
ORD009747,2024-06-14,CUST01105
ORD009748,2024-12-10,CUST00397
ORD009749,2025-07-11,CUST00812
ORD009750,2024-07-12,CUST00198
ORD009751,2024-01-04,CUST00659
ORD009752,2025-10-08,CUST00096
ORD009753,2024-11-30,CUST00368
ORD009754,2024-10-03,CUST00501
ORD009755,2025-06-26,CUST00482
ORD009756,2025-07-17,CUST00004
ORD009757,2024-12-29,CUST01133
ORD009758,2025-12-06,CUST00332
ORD009759,2025-03-03,CUST00351
ORD009760,2025-11-06,CUST01157
ORD009761,2025-09-18,CUST00128
ORD009762,2024-03-02,CUST00924
ORD009763,2025-02-11,CUST01094
ORD009764,2025-12-15,CUST00886
ORD009765,2024-06-16,CUST00937
ORD009766,2025-03-22,CUST00500
ORD009767,2024-08-20,CUST00364
ORD009768,2025-07-23,CUST00424
ORD009769,2025-05-28,CUST00790
ORD009770,2025-11-20,CUST00418
ORD009771,2024-08-07,CUST00991
ORD009772,2025-02-21,CUST00171
ORD009773,2025-06-01,CUST00689
ORD009774,2025-10-12,CUST00234
ORD009775,2025-10-08,CUST01111
ORD009776,2025-02-16,CUST00363
ORD009777,2025-02-11,CUST00932
ORD009778,2024-04-17,CUST00508
ORD009779,2025-03-20,CUST01131
ORD009780,2024-11-08,CUST00223
ORD009781,2024-01-01,CUST00153
ORD009782,2024-07-13,CUST00318
ORD009783,2025-11-10,CUST01036
ORD009784,2024-06-09,CUST00412
ORD009785,2024-08-19,CUST00313
ORD009786,2024-04-11,CUST01108
ORD009787,2025-06-04,CUST00459
ORD009788,2024-12-23,CUST00383
ORD009789,2025-04-17,CUST00130
ORD009790,2025-06-25,CUST00977
ORD009791,2024-11-29,CUST00041
ORD009792,2025-02-19,CUST00988
ORD009793,2025-05-19,CUST00790
ORD009794,2024-04-07,CUST00089
ORD009795,2025-03-08,CUST00759
ORD009796,2025-08-18,CUST00343
ORD009797,2024-01-07,CUST01103
ORD009798,2025-06-19,CUST00206
ORD009799,2025-10-31,CUST00546
ORD009800,2024-09-10,CUST00154
ORD009801,2025-09-28,CUST00261
ORD009802,2025-04-23,CUST00911
ORD009803,2025-02-23,CUST00240
ORD009804,2025-04-16,CUST01031
ORD009805,2025-12-12,CUST00227
ORD009806,2024-12-26,CUST00859
ORD009807,2025-08-16,CUST01093
ORD009808,2025-10-20,CUST00506
ORD009809,2025-07-08,CUST00613
ORD009810,2024-12-24,CUST01019
ORD009811,2024-07-01,CUST00035
ORD009812,2024-06-03,CUST00801
ORD009813,2025-01-20,CUST00755
ORD009814,2025-12-13,CUST00818
ORD009815,2025-06-30,CUST00788
ORD009816,2024-06-23,CUST00725
ORD009817,2025-08-11,CUST00193
ORD009818,2024-05-21,CUST00663
ORD009819,2025-04-03,CUST00419
ORD009820,2024-11-11,CUST01039
ORD009821,2025-08-30,CUST01159
ORD009822,2024-06-15,CUST00704
ORD009823,2024-11-29,CUST00458
ORD009824,2025-09-08,CUST00559
ORD009825,2025-11-18,CUST00892
ORD009826,2025-10-05,CUST00019
ORD009827,2025-03-31,CUST00611
ORD009828,2024-05-19,CUST01187
ORD009829,2025-09-14,CUST00047
ORD009830,2025-03-31,CUST00550
ORD009831,2025-10-04,CUST00974
ORD009832,2024-05-26,CUST00844
ORD009833,2025-03-09,CUST00624
ORD009834,2024-03-05,CUST00897
ORD009835,2025-08-10,CUST00812
ORD009836,2025-05-11,CUST00045
ORD009837,2025-07-29,CUST00008
ORD009838,2025-07-20,CUST00937
ORD009839,2024-11-10,CUST01020
ORD009840,2024-09-18,CUST01146
ORD009841,2024-12-26,CUST01170
ORD009842,2024-10-18,CUST00831
ORD009843,2024-10-09,CUST00155
ORD009844,2025-06-05,CUST00397
ORD009845,2025-09-14,CUST01033
ORD009846,2024-11-05,CUST00231
ORD009847,2025-02-24,CUST00947
ORD009848,2024-09-05,CUST00592
ORD009849,2025-04-14,CUST01063
ORD009850,2025-10-07,CUST00704
ORD009851,2024-07-30,CUST00817
ORD009852,2025-08-18,CUST01099
ORD009853,2025-06-30,CUST00219
ORD009854,2025-01-24,CUST00600
ORD009855,2025-08-21,CUST01094
ORD009856,2024-01-29,CUST00544
ORD009857,2024-10-23,CUST00648
ORD009858,2024-01-11,CUST00342
ORD009859,2025-11-09,CUST01055
ORD009860,2025-02-07,CUST00021
ORD009861,2024-11-30,CUST00351
ORD009862,2024-05-01,CUST00065
ORD009863,2024-06-16,CUST00817
ORD009864,2024-05-22,CUST00940
ORD009865,2024-02-10,CUST00813
ORD009866,2025-02-13,CUST00594
ORD009867,2025-07-20,CUST00126
ORD009868,2024-01-19,CUST01115
ORD009869,2024-07-02,CUST00555
ORD009870,2025-07-01,CUST00518
ORD009871,2025-01-02,CUST01066
ORD009872,2024-04-16,CUST00454
ORD009873,2024-01-01,CUST01140
ORD009874,2025-07-06,CUST01174
ORD009875,2025-07-22,CUST00390
ORD009876,2025-11-12,CUST00085
ORD009877,2024-12-03,CUST00989
ORD009878,2024-11-08,CUST01108
ORD009879,2025-07-18,CUST00486
ORD009880,2025-09-25,CUST00971
ORD009881,2024-09-25,CUST00218
ORD009882,2025-07-20,CUST00712
ORD009883,2025-03-01,CUST00485
ORD009884,2024-01-15,CUST00306
ORD009885,2025-04-02,CUST00759
ORD009886,2024-01-14,CUST00097
ORD009887,2024-01-01,CUST00436
ORD009888,2024-02-17,CUST00707
ORD009889,2025-02-03,CUST00826
ORD009890,2024-04-14,CUST00729
ORD009891,2025-10-22,CUST00417
ORD009892,2024-01-18,CUST00733
ORD009893,2025-01-31,CUST00600
ORD009894,2024-04-09,CUST01143
ORD009895,2024-09-24,CUST01158
ORD009896,2024-07-15,CUST00898
ORD009897,2025-07-08,CUST00603
ORD009898,2025-03-18,CUST00920
ORD009899,2025-08-06,CUST00107
ORD009900,2025-05-29,CUST00983
ORD009901,2024-01-20,CUST00243
ORD009902,2025-06-27,CUST00967
ORD009903,2024-06-14,CUST00849
ORD009904,2025-10-20,CUST00072
ORD009905,2024-02-01,CUST00232
ORD009906,2025-10-08,CUST00418
ORD009907,2025-03-13,CUST00763
ORD009908,2025-12-05,CUST00252
ORD009909,2024-02-18,CUST00473
ORD009910,2024-10-04,CUST00606
ORD009911,2024-11-06,CUST00517
ORD009912,2024-05-14,CUST00089
ORD009913,2025-02-06,CUST00992
ORD009914,2024-10-07,CUST00703
ORD009915,2025-03-08,CUST01145
ORD009916,2025-02-14,CUST00767
ORD009917,2024-06-17,CUST00617
ORD009918,2024-02-09,CUST00774
ORD009919,2024-05-25,CUST00259
ORD009920,2024-04-29,CUST00663
ORD009921,2024-12-18,CUST00894
ORD009922,2025-05-04,CUST00281
ORD009923,2024-11-18,CUST00872
ORD009924,2024-07-01,CUST00378
ORD009925,2024-07-04,CUST00256
ORD009926,2025-09-15,CUST00017
ORD009927,2024-12-05,CUST00484
ORD009928,2024-08-08,CUST00604
ORD009929,2025-03-26,CUST00061
ORD009930,2024-09-21,CUST01022
ORD009931,2024-11-10,CUST00984
ORD009932,2025-02-02,CUST00622
ORD009933,2025-07-08,CUST00591
ORD009934,2025-12-02,CUST00667
ORD009935,2025-01-16,CUST00457
ORD009936,2025-09-07,CUST00896
ORD009937,2024-11-30,CUST00350
ORD009938,2024-04-08,CUST00475
ORD009939,2025-07-01,CUST00462
ORD009940,2024-11-16,CUST00013
ORD009941,2025-05-15,CUST00168
ORD009942,2024-05-20,CUST00589
ORD009943,2024-12-07,CUST00713
ORD009944,2024-08-11,CUST00209
ORD009945,2024-06-19,CUST00116
ORD009946,2024-01-04,CUST00511
ORD009947,2025-02-07,CUST00262
ORD009948,2025-11-05,CUST00379
ORD009949,2024-04-03,CUST00140
ORD009950,2025-04-28,CUST00486
ORD009951,2025-10-17,CUST00294
ORD009952,2025-10-10,CUST00949
ORD009953,2025-05-21,CUST00322
ORD009954,2025-03-11,CUST00555
ORD009955,2025-07-02,CUST01118
ORD009956,2024-09-09,CUST00710
ORD009957,2025-07-23,CUST00658
ORD009958,2025-12-30,CUST00658
ORD009959,2025-07-21,CUST00666
ORD009960,2024-06-24,CUST00371
ORD009961,2025-08-21,CUST00626
ORD009962,2024-06-23,CUST00710
ORD009963,2024-05-23,CUST00641
ORD009964,2024-04-13,CUST00832
ORD009965,2024-04-28,CUST01029
ORD009966,2024-12-01,CUST01002
ORD009967,2025-01-12,CUST00173
ORD009968,2025-04-04,CUST00137
ORD009969,2024-02-26,CUST00689
ORD009970,2024-02-23,CUST01084
ORD009971,2025-10-14,CUST00097
ORD009972,2025-01-06,CUST00632
ORD009973,2025-09-05,CUST00190
ORD009974,2024-09-21,CUST00918
ORD009975,2025-04-10,CUST00630
ORD009976,2024-10-02,CUST00966
ORD009977,2024-08-23,CUST00750
ORD009978,2025-10-15,CUST00440
ORD009979,2024-12-31,CUST00290
ORD009980,2024-10-31,CUST00898
ORD009981,2025-06-25,CUST00606
ORD009982,2024-04-24,CUST00945
ORD009983,2024-05-01,CUST00730
ORD009984,2025-08-17,CUST00615
ORD009985,2025-12-20,CUST01170
ORD009986,2025-04-15,CUST00409
ORD009987,2024-09-23,CUST00593
ORD009988,2025-09-09,CUST00417
ORD009989,2024-02-07,CUST00683
ORD009990,2024-08-24,CUST01001
ORD009991,2025-06-06,CUST01095
ORD009992,2024-02-01,CUST00456
ORD009993,2024-07-18,CUST00256
ORD009994,2025-06-26,CUST00446
ORD009995,2025-03-07,CUST00171
ORD009996,2024-03-11,CUST00412
ORD009997,2024-09-02,CUST01068
ORD009998,2025-09-07,CUST00374
ORD009999,2025-03-13,CUST00077
ORD010000,2025-06-09,CUST00972
