Order_ID,Product_ID,Quantity,Discount,Sales,Profit
ORD000001,PROD0006,3,0.1,5940.0,2340.0
ORD000002,PROD0026,1,0.1,4950.0,1750.0
ORD000003,PROD0001,1,0.1,76500.0,8500.0
ORD000004,PROD0011,2,0.0,24000.0,9000.0
ORD000005,PROD0015,2,0.05,16150.0,6150.0
ORD000006,PROD0022,1,0.0,900.0,450.0
ORD000007,PROD0016,3,0.1,18900.0,6300.0
ORD000007,PROD0026,1,0.1,4950.0,1750.0
ORD000008,PROD0004,1,0.05,1140.0,490.0
ORD000008,PROD0012,1,0.0,18000.0,7000.0
ORD000009,PROD0016,1,0.15,5950.0,1750.0
ORD000009,PROD0003,1,0.0,105000.0,20000.0
ORD000009,PROD0024,2,0.05,7980.0,3580.0
ORD000010,PROD0003,1,0.2,84000.0,-1000.0
ORD000010,PROD0010,1,0.1,19800.0,3800.0
ORD000011,PROD0009,2,0.05,104500.0,20500.0
ORD000011,PROD0013,1,0.0,16000.0,6000.0
ORD000012,PROD0019,2,0.2,24000.0,3000.0
ORD000013,PROD0002,1,0.1,58500.0,7500.0
ORD000014,PROD0011,1,0.0,12000.0,4500.0
ORD000014,PROD0016,1,0.0,7000.0,2800.0
ORD000015,PROD0022,1,0.0,900.0,450.0
ORD000015,PROD0023,2,0.1,4500.0,1900.0
ORD000016,PROD0022,1,0.0,900.0,450.0
ORD000016,PROD0017,1,0.0,450.0,230.0
ORD000017,PROD0024,4,0.2,13440.0,4640.0
ORD000018,PROD0020,2,0.2,38400.0,4400.0
ORD000019,PROD0024,2,0.05,7980.0,3580.0
ORD000019,PROD0015,1,0.0,8500.0,3500.0
ORD000020,PROD0016,2,0.1,12600.0,4200.0
ORD000020,PROD0011,1,0.1,10800.0,3300.0
ORD000021,PROD0017,2,0.2,720.0,280.0
ORD000022,PROD0006,1,0.15,1870.0,670.0
ORD000022,PROD0005,2,0.15,7650.0,2250.0
ORD000023,PROD0022,3,0.2,2160.0,810.0
ORD000024,PROD0003,1,0.1,94500.0,9500.0
ORD000024,PROD0027,1,0.15,5525.0,1625.0
ORD000025,PROD0028,3,0.05,5130.0,2280.0
ORD000025,PROD0015,1,0.0,8500.0,3500.0
ORD000026,PROD0017,3,0.0,1350.0,690.0
ORD000026,PROD0010,4,0.2,70400.0,6400.0
ORD000027,PROD0009,2,0.0,110000.0,26000.0
ORD000028,PROD0025,3,0.1,9450.0,4050.0
ORD000029,PROD0017,2,0.15,765.0,325.0
ORD000029,PROD0004,1,0.1,1080.0,430.0
ORD000029,PROD0003,1,0.2,84000.0,-1000.0
ORD000029,PROD0006,1,0.1,1980.0,780.0
ORD000030,PROD0003,2,0.1,189000.0,19000.0
ORD000031,PROD0016,1,0.0,7000.0,2800.0
ORD000031,PROD0027,2,0.2,10400.0,2600.0
ORD000031,PROD0018,1,0.2,520.0,190.0
ORD000031,PROD0003,2,0.2,168000.0,-2000.0
ORD000032,PROD0024,3,0.2,10080.0,3480.0
ORD000032,PROD0019,1,0.05,14250.0,3750.0
ORD000032,PROD0021,2,0.0,3600.0,1700.0
ORD000033,PROD0018,3,0.05,1852.5,862.5
ORD000034,PROD0008,2,0.0,30000.0,9000.0
ORD000034,PROD0027,2,0.15,11050.0,3250.0
ORD000035,PROD0017,1,0.0,450.0,230.0
ORD000036,PROD0015,1,0.2,6800.0,1800.0
ORD000036,PROD0024,2,0.0,8400.0,4000.0
ORD000037,PROD0013,1,0.15,13600.0,3600.0
ORD000038,PROD0019,1,0.1,13500.0,3000.0
ORD000039,PROD0008,4,0.1,54000.0,12000.0
ORD000040,PROD0019,5,0.0,75000.0,22500.0
ORD000041,PROD0028,1,0.0,1800.0,850.0
ORD000042,PROD0014,1,0.0,28000.0,9000.0
ORD000043,PROD0011,1,0.0,12000.0,4500.0
ORD000043,PROD0027,3,0.15,16575.0,4875.0
ORD000044,PROD0010,1,0.0,22000.0,6000.0
ORD000045,PROD0023,1,0.05,2375.0,1075.0
ORD000046,PROD0011,4,0.2,38400.0,8400.0
ORD000047,PROD0016,1,0.05,6650.0,2450.0
ORD000047,PROD0007,1,0.05,20900.0,5400.0
ORD000048,PROD0023,1,0.15,2125.0,825.0
ORD000049,PROD0019,1,0.0,15000.0,4500.0
ORD000049,PROD0008,2,0.0,30000.0,9000.0
ORD000050,PROD0021,1,0.2,1440.0,490.0
ORD000050,PROD0011,4,0.2,38400.0,8400.0
ORD000051,PROD0003,1,0.0,105000.0,20000.0
ORD000051,PROD0012,1,0.0,18000.0,7000.0
ORD000051,PROD0021,3,0.2,4320.0,1470.0
ORD000051,PROD0010,1,0.1,19800.0,3800.0
ORD000052,PROD0006,1,0.2,1760.0,560.0
ORD000053,PROD0004,1,0.15,1020.0,370.0
ORD000053,PROD0013,2,0.15,27200.0,7200.0
ORD000053,PROD0010,1,0.1,19800.0,3800.0
ORD000054,PROD0016,1,0.0,7000.0,2800.0
ORD000054,PROD0006,1,0.05,2090.0,890.0
ORD000054,PROD0015,5,0.15,36125.0,11125.0
ORD000055,PROD0001,1,0.0,85000.0,17000.0
ORD000056,PROD0017,1,0.2,360.0,140.0
ORD000057,PROD0003,3,0.15,267750.0,12750.0
ORD000058,PROD0002,3,0.1,175500.0,22500.0
ORD000059,PROD0015,1,0.2,6800.0,1800.0
ORD000059,PROD0011,3,0.0,36000.0,13500.0
ORD000059,PROD0021,1,0.0,1800.0,850.0
ORD000059,PROD0007,1,0.0,22000.0,6500.0
ORD000060,PROD0002,2,0.0,130000.0,28000.0
ORD000060,PROD0007,1,0.0,22000.0,6500.0
ORD000060,PROD0022,1,0.0,900.0,450.0
ORD000061,PROD0007,1,0.2,17600.0,2100.0
ORD000062,PROD0004,1,0.0,1200.0,550.0
ORD000063,PROD0015,1,0.1,7650.0,2650.0
ORD000063,PROD0004,1,0.0,1200.0,550.0
ORD000064,PROD0001,1,0.2,68000.0,0.0
ORD000064,PROD0019,1,0.05,14250.0,3750.0
ORD000065,PROD0023,2,0.15,4250.0,1650.0
ORD000066,PROD0021,2,0.0,3600.0,1700.0
ORD000066,PROD0023,1,0.2,2000.0,700.0
ORD000066,PROD0001,3,0.1,229500.0,25500.0
ORD000067,PROD0025,1,0.0,3500.0,1700.0
ORD000068,PROD0012,3,0.0,54000.0,21000.0
ORD000068,PROD0004,3,0.2,2880.0,930.0
ORD000069,PROD0024,3,0.0,12600.0,6000.0
ORD000070,PROD0004,1,0.0,1200.0,550.0
ORD000070,PROD0015,1,0.05,8075.0,3075.0
ORD000071,PROD0018,2,0.2,1040.0,380.0
ORD000071,PROD0004,1,0.2,960.0,310.0
ORD000072,PROD0025,2,0.0,7000.0,3400.0
ORD000072,PROD0024,1,0.0,4200.0,2000.0
ORD000073,PROD0025,3,0.1,9450.0,4050.0
ORD000073,PROD0017,1,0.1,405.0,185.0
ORD000074,PROD0021,2,0.1,3240.0,1340.0
ORD000075,PROD0008,1,0.0,15000.0,4500.0
ORD000076,PROD0015,3,0.0,25500.0,10500.0
ORD000076,PROD0001,1,0.0,85000.0,17000.0
ORD000077,PROD0020,4,0.0,96000.0,28000.0
ORD000077,PROD0004,1,0.2,960.0,310.0
ORD000078,PROD0014,1,0.0,28000.0,9000.0
ORD000078,PROD0001,1,0.0,85000.0,17000.0
ORD000079,PROD0006,4,0.0,8800.0,4000.0
ORD000080,PROD0028,1,0.2,1440.0,490.0
ORD000081,PROD0003,2,0.15,178500.0,8500.0
ORD000082,PROD0015,1,0.2,6800.0,1800.0
ORD000082,PROD0005,1,0.0,4500.0,1800.0
ORD000083,PROD0023,1,0.1,2250.0,950.0
ORD000084,PROD0009,2,0.0,110000.0,26000.0
ORD000084,PROD0004,1,0.2,960.0,310.0
ORD000085,PROD0018,2,0.0,1300.0,640.0
ORD000086,PROD0023,1,0.15,2125.0,825.0
ORD000086,PROD0020,4,0.0,96000.0,28000.0
ORD000087,PROD0018,1,0.15,552.5,222.5
ORD000087,PROD0015,2,0.05,16150.0,6150.0
ORD000088,PROD0013,5,0.2,64000.0,14000.0
ORD000089,PROD0014,1,0.0,28000.0,9000.0
ORD000089,PROD0007,5,0.2,88000.0,10500.0
ORD000089,PROD0006,1,0.0,2200.0,1000.0
ORD000090,PROD0001,1,0.15,72250.0,4250.0
ORD000091,PROD0007,1,0.0,22000.0,6500.0
ORD000091,PROD0006,1,0.1,1980.0,780.0
ORD000092,PROD0007,1,0.1,19800.0,4300.0
ORD000093,PROD0023,1,0.0,2500.0,1200.0
ORD000094,PROD0005,1,0.05,4275.0,1575.0
ORD000095,PROD0006,4,0.0,8800.0,4000.0
ORD000095,PROD0002,2,0.0,130000.0,28000.0
ORD000096,PROD0025,1,0.2,2800.0,1000.0
ORD000096,PROD0026,1,0.0,5500.0,2300.0
ORD000097,PROD0012,1,0.1,16200.0,5200.0
ORD000098,PROD0001,1,0.1,76500.0,8500.0
ORD000098,PROD0011,1,0.0,12000.0,4500.0
ORD000099,PROD0008,1,0.2,12000.0,1500.0
ORD000100,PROD0001,1,0.1,76500.0,8500.0
ORD000100,PROD0026,1,0.0,5500.0,2300.0
ORD000101,PROD0002,1,0.0,65000.0,14000.0
ORD000101,PROD0021,1,0.0,1800.0,850.0
ORD000102,PROD0013,2,0.15,27200.0,7200.0
ORD000103,PROD0003,2,0.05,199500.0,29500.0
ORD000104,PROD0004,1,0.2,960.0,310.0
ORD000105,PROD0028,4,0.2,5760.0,1960.0
ORD000106,PROD0014,2,0.05,53200.0,15200.0
ORD000107,PROD0006,1,0.0,2200.0,1000.0
ORD000108,PROD0001,1,0.0,85000.0,17000.0
ORD000109,PROD0002,5,0.0,325000.0,70000.0
ORD000110,PROD0025,1,0.2,2800.0,1000.0
ORD000110,PROD0010,4,0.0,88000.0,24000.0
ORD000111,PROD0005,1,0.05,4275.0,1575.0
ORD000112,PROD0011,1,0.1,10800.0,3300.0
ORD000113,PROD0003,1,0.15,89250.0,4250.0
ORD000114,PROD0022,2,0.0,1800.0,900.0
ORD000114,PROD0024,2,0.05,7980.0,3580.0
ORD000114,PROD0001,2,0.05,161500.0,25500.0
ORD000115,PROD0013,1,0.0,16000.0,6000.0
ORD000115,PROD0020,1,0.15,20400.0,3400.0
ORD000115,PROD0001,1,0.0,85000.0,17000.0
ORD000116,PROD0005,1,0.0,4500.0,1800.0
ORD000117,PROD0020,1,0.1,21600.0,4600.0
ORD000117,PROD0027,1,0.15,5525.0,1625.0
ORD000118,PROD0012,3,0.0,54000.0,21000.0
ORD000119,PROD0012,1,0.0,18000.0,7000.0
ORD000119,PROD0004,1,0.1,1080.0,430.0
ORD000120,PROD0011,2,0.2,19200.0,4200.0
ORD000120,PROD0018,1,0.2,520.0,190.0
ORD000121,PROD0013,5,0.15,68000.0,18000.0
ORD000122,PROD0020,3,0.05,68400.0,17400.0
ORD000123,PROD0018,1,0.1,585.0,255.0
ORD000124,PROD0005,1,0.0,4500.0,1800.0
ORD000124,PROD0007,3,0.1,59400.0,12900.0
ORD000125,PROD0010,1,0.0,22000.0,6000.0
ORD000126,PROD0008,1,0.15,12750.0,2250.0
ORD000127,PROD0003,1,0.0,105000.0,20000.0
ORD000127,PROD0019,1,0.1,13500.0,3000.0
ORD000128,PROD0005,1,0.0,4500.0,1800.0
ORD000128,PROD0003,1,0.1,94500.0,9500.0
ORD000129,PROD0025,4,0.2,11200.0,4000.0
ORD000129,PROD0017,3,0.0,1350.0,690.0
ORD000130,PROD0024,2,0.2,6720.0,2320.0
ORD000131,PROD0011,4,0.0,48000.0,18000.0
ORD000132,PROD0017,1,0.05,427.5,207.5
ORD000133,PROD0002,1,0.1,58500.0,7500.0
ORD000133,PROD0017,4,0.05,1710.0,830.0
ORD000133,PROD0006,1,0.05,2090.0,890.0
ORD000134,PROD0023,3,0.0,7500.0,3600.0
ORD000135,PROD0006,1,0.15,1870.0,670.0
ORD000136,PROD0024,1,0.0,4200.0,2000.0
ORD000137,PROD0011,1,0.0,12000.0,4500.0
ORD000138,PROD0001,1,0.1,76500.0,8500.0
ORD000138,PROD0002,1,0.0,65000.0,14000.0
ORD000139,PROD0024,5,0.05,19950.0,8950.0
ORD000139,PROD0023,1,0.0,2500.0,1200.0
ORD000140,PROD0001,1,0.2,68000.0,0.0
ORD000140,PROD0017,2,0.0,900.0,460.0
ORD000141,PROD0004,1,0.0,1200.0,550.0
ORD000142,PROD0028,3,0.05,5130.0,2280.0
ORD000143,PROD0024,1,0.0,4200.0,2000.0
ORD000143,PROD0021,1,0.05,1710.0,760.0
ORD000144,PROD0015,2,0.1,15300.0,5300.0
ORD000145,PROD0025,2,0.15,5950.0,2350.0
ORD000145,PROD0019,2,0.0,30000.0,9000.0
ORD000146,PROD0018,2,0.0,1300.0,640.0
ORD000147,PROD0027,4,0.2,20800.0,5200.0
ORD000148,PROD0018,5,0.05,3087.5,1437.5
ORD000148,PROD0014,1,0.0,28000.0,9000.0
ORD000148,PROD0016,1,0.1,6300.0,2100.0
ORD000149,PROD0019,1,0.0,15000.0,4500.0
ORD000149,PROD0017,1,0.0,450.0,230.0
ORD000150,PROD0024,4,0.0,16800.0,8000.0
ORD000150,PROD0027,4,0.1,23400.0,7800.0
ORD000150,PROD0008,3,0.0,45000.0,13500.0
ORD000151,PROD0020,2,0.0,48000.0,14000.0
ORD000152,PROD0011,1,0.1,10800.0,3300.0
ORD000152,PROD0017,4,0.0,1800.0,920.0
ORD000153,PROD0001,1,0.0,85000.0,17000.0
ORD000154,PROD0022,1,0.0,900.0,450.0
ORD000154,PROD0001,1,0.0,85000.0,17000.0
ORD000155,PROD0014,1,0.0,28000.0,9000.0
ORD000156,PROD0019,2,0.0,30000.0,9000.0
ORD000157,PROD0023,1,0.05,2375.0,1075.0
ORD000158,PROD0005,2,0.0,9000.0,3600.0
ORD000159,PROD0005,1,0.15,3825.0,1125.0
ORD000160,PROD0026,2,0.1,9900.0,3500.0
ORD000160,PROD0005,3,0.15,11475.0,3375.0
ORD000161,PROD0005,2,0.1,8100.0,2700.0
ORD000162,PROD0025,1,0.0,3500.0,1700.0
ORD000163,PROD0013,1,0.1,14400.0,4400.0
ORD000164,PROD0003,1,0.15,89250.0,4250.0
ORD000165,PROD0005,1,0.2,3600.0,900.0
ORD000166,PROD0021,1,0.0,1800.0,850.0
ORD000166,PROD0007,1,0.05,20900.0,5400.0
ORD000166,PROD0014,1,0.0,28000.0,9000.0
ORD000167,PROD0020,1,0.2,19200.0,2200.0
ORD000168,PROD0005,2,0.0,9000.0,3600.0
ORD000168,PROD0018,1,0.15,552.5,222.5
ORD000169,PROD0003,2,0.2,168000.0,-2000.0
ORD000170,PROD0011,2,0.0,24000.0,9000.0
ORD000170,PROD0012,2,0.05,34200.0,12200.0
ORD000171,PROD0002,1,0.1,58500.0,7500.0
ORD000172,PROD0002,1,0.05,61750.0,10750.0
ORD000173,PROD0003,1,0.0,105000.0,20000.0
ORD000174,PROD0015,1,0.0,8500.0,3500.0
ORD000175,PROD0024,1,0.0,4200.0,2000.0
ORD000175,PROD0006,2,0.15,3740.0,1340.0
ORD000176,PROD0012,1,0.0,18000.0,7000.0
ORD000177,PROD0009,2,0.0,110000.0,26000.0
ORD000177,PROD0018,1,0.05,617.5,287.5
ORD000178,PROD0011,1,0.2,9600.0,2100.0
ORD000179,PROD0024,1,0.05,3990.0,1790.0
ORD000179,PROD0025,2,0.0,7000.0,3400.0
ORD000180,PROD0005,1,0.0,4500.0,1800.0
ORD000180,PROD0015,3,0.0,25500.0,10500.0
ORD000181,PROD0001,1,0.0,85000.0,17000.0
ORD000182,PROD0001,1,0.15,72250.0,4250.0
ORD000183,PROD0021,4,0.0,7200.0,3400.0
ORD000183,PROD0007,1,0.0,22000.0,6500.0
ORD000184,PROD0012,2,0.05,34200.0,12200.0
ORD000185,PROD0014,1,0.0,28000.0,9000.0
ORD000186,PROD0025,2,0.2,5600.0,2000.0
ORD000186,PROD0004,1,0.0,1200.0,550.0
ORD000186,PROD0024,1,0.0,4200.0,2000.0
ORD000187,PROD0028,1,0.2,1440.0,490.0
ORD000188,PROD0012,4,0.2,57600.0,13600.0
ORD000189,PROD0005,3,0.0,13500.0,5400.0
ORD000190,PROD0020,1,0.1,21600.0,4600.0
ORD000190,PROD0015,3,0.0,25500.0,10500.0
ORD000190,PROD0014,2,0.0,56000.0,18000.0
ORD000190,PROD0028,1,0.2,1440.0,490.0
ORD000191,PROD0006,2,0.15,3740.0,1340.0
ORD000192,PROD0001,1,0.0,85000.0,17000.0
ORD000193,PROD0010,2,0.0,44000.0,12000.0
ORD000193,PROD0017,4,0.0,1800.0,920.0
ORD000194,PROD0028,1,0.0,1800.0,850.0
ORD000195,PROD0010,2,0.15,37400.0,5400.0
ORD000196,PROD0018,4,0.0,2600.0,1280.0
ORD000196,PROD0005,1,0.2,3600.0,900.0
ORD000197,PROD0027,2,0.2,10400.0,2600.0
ORD000197,PROD0009,1,0.0,55000.0,13000.0
ORD000198,PROD0026,1,0.05,5225.0,2025.0
ORD000199,PROD0009,1,0.2,44000.0,2000.0
ORD000199,PROD0026,1,0.0,5500.0,2300.0
ORD000200,PROD0023,2,0.2,4000.0,1400.0
ORD000201,PROD0018,1,0.0,650.0,320.0
ORD000202,PROD0001,3,0.05,242250.0,38250.0
ORD000203,PROD0008,1,0.1,13500.0,3000.0
ORD000204,PROD0017,3,0.2,1080.0,420.0
ORD000204,PROD0028,1,0.0,1800.0,850.0
ORD000205,PROD0009,2,0.05,104500.0,20500.0
ORD000206,PROD0013,1,0.2,12800.0,2800.0
ORD000207,PROD0012,1,0.0,18000.0,7000.0
ORD000207,PROD0028,5,0.0,9000.0,4250.0
ORD000208,PROD0027,3,0.0,19500.0,7800.0
ORD000209,PROD0024,1,0.2,3360.0,1160.0
ORD000210,PROD0008,1,0.15,12750.0,2250.0
ORD000210,PROD0028,1,0.0,1800.0,850.0
ORD000211,PROD0017,1,0.0,450.0,230.0
ORD000211,PROD0014,1,0.0,28000.0,9000.0
ORD000212,PROD0021,1,0.0,1800.0,850.0
ORD000212,PROD0028,5,0.0,9000.0,4250.0
ORD000213,PROD0023,1,0.1,2250.0,950.0
ORD000214,PROD0027,2,0.1,11700.0,3900.0
ORD000215,PROD0002,1,0.0,65000.0,14000.0
ORD000215,PROD0003,1,0.05,99750.0,14750.0
ORD000215,PROD0026,3,0.0,16500.0,6900.0
ORD000216,PROD0023,1,0.0,2500.0,1200.0
ORD000217,PROD0015,2,0.05,16150.0,6150.0
ORD000217,PROD0025,1,0.15,2975.0,1175.0
ORD000218,PROD0021,2,0.0,3600.0,1700.0
ORD000219,PROD0012,2,0.2,28800.0,6800.0
ORD000219,PROD0022,5,0.15,3825.0,1575.0
ORD000220,PROD0004,2,0.0,2400.0,1100.0
ORD000221,PROD0021,3,0.0,5400.0,2550.0
ORD000221,PROD0015,3,0.0,25500.0,10500.0
ORD000222,PROD0003,4,0.0,420000.0,80000.0
ORD000222,PROD0007,1,0.1,19800.0,4300.0
ORD000223,PROD0004,1,0.0,1200.0,550.0
ORD000224,PROD0022,3,0.1,2430.0,1080.0
ORD000224,PROD0028,2,0.05,3420.0,1520.0
ORD000225,PROD0015,2,0.0,17000.0,7000.0
ORD000226,PROD0015,4,0.0,34000.0,14000.0
ORD000226,PROD0004,1,0.1,1080.0,430.0
ORD000227,PROD0004,2,0.2,1920.0,620.0
ORD000227,PROD0025,1,0.0,3500.0,1700.0
ORD000228,PROD0025,2,0.05,6650.0,3050.0
ORD000228,PROD0019,1,0.05,14250.0,3750.0
ORD000229,PROD0018,1,0.2,520.0,190.0
ORD000229,PROD0007,1,0.05,20900.0,5400.0
ORD000230,PROD0018,3,0.0,1950.0,960.0
ORD000230,PROD0028,1,0.0,1800.0,850.0
ORD000230,PROD0004,1,0.15,1020.0,370.0
ORD000231,PROD0018,2,0.05,1235.0,575.0
ORD000231,PROD0012,3,0.1,48600.0,15600.0
ORD000232,PROD0006,2,0.15,3740.0,1340.0
ORD000233,PROD0007,1,0.05,20900.0,5400.0
ORD000233,PROD0026,4,0.0,22000.0,9200.0
ORD000233,PROD0025,4,0.0,14000.0,6800.0
ORD000234,PROD0002,2,0.05,123500.0,21500.0
ORD000235,PROD0025,2,0.2,5600.0,2000.0
ORD000235,PROD0013,1,0.05,15200.0,5200.0
ORD000236,PROD0001,3,0.15,216750.0,12750.0
ORD000236,PROD0013,2,0.0,32000.0,12000.0
ORD000237,PROD0023,1,0.1,2250.0,950.0
ORD000238,PROD0012,2,0.0,36000.0,14000.0
ORD000238,PROD0023,1,0.0,2500.0,1200.0
ORD000239,PROD0027,3,0.2,15600.0,3900.0
ORD000239,PROD0014,1,0.0,28000.0,9000.0
ORD000240,PROD0001,1,0.0,85000.0,17000.0
ORD000241,PROD0027,2,0.2,10400.0,2600.0
ORD000242,PROD0026,1,0.2,4400.0,1200.0
ORD000243,PROD0024,2,0.1,7560.0,3160.0
ORD000244,PROD0008,2,0.0,30000.0,9000.0
ORD000245,PROD0010,1,0.0,22000.0,6000.0
ORD000246,PROD0010,3,0.15,56100.0,8100.0
ORD000247,PROD0026,3,0.2,13200.0,3600.0
ORD000248,PROD0028,1,0.0,1800.0,850.0
ORD000249,PROD0003,1,0.15,89250.0,4250.0
ORD000250,PROD0026,2,0.05,10450.0,4050.0
ORD000251,PROD0013,2,0.0,32000.0,12000.0
ORD000251,PROD0023,2,0.1,4500.0,1900.0
ORD000252,PROD0008,1,0.0,15000.0,4500.0
ORD000252,PROD0010,1,0.2,17600.0,1600.0
ORD000252,PROD0018,1,0.2,520.0,190.0
ORD000253,PROD0016,1,0.2,5600.0,1400.0
ORD000254,PROD0016,2,0.05,13300.0,4900.0
ORD000254,PROD0017,3,0.0,1350.0,690.0
ORD000254,PROD0027,1,0.0,6500.0,2600.0
ORD000254,PROD0026,2,0.0,11000.0,4600.0
ORD000255,PROD0028,1,0.2,1440.0,490.0
ORD000255,PROD0004,1,0.05,1140.0,490.0
ORD000256,PROD0011,1,0.1,10800.0,3300.0
ORD000256,PROD0026,1,0.1,4950.0,1750.0
ORD000256,PROD0004,1,0.0,1200.0,550.0
ORD000257,PROD0009,1,0.2,44000.0,2000.0
ORD000258,PROD0002,3,0.05,185250.0,32250.0
ORD000258,PROD0025,1,0.15,2975.0,1175.0
ORD000258,PROD0022,1,0.0,900.0,450.0
ORD000259,PROD0010,1,0.15,18700.0,2700.0
ORD000260,PROD0012,1,0.2,14400.0,3400.0
ORD000260,PROD0025,1,0.0,3500.0,1700.0
ORD000261,PROD0003,1,0.0,105000.0,20000.0
ORD000262,PROD0002,3,0.05,185250.0,32250.0
ORD000263,PROD0013,3,0.2,38400.0,8400.0
ORD000264,PROD0018,2,0.05,1235.0,575.0
ORD000264,PROD0021,2,0.0,3600.0,1700.0
ORD000265,PROD0016,1,0.0,7000.0,2800.0
ORD000266,PROD0025,1,0.05,3325.0,1525.0
ORD000267,PROD0003,3,0.1,283500.0,28500.0
ORD000268,PROD0023,2,0.05,4750.0,2150.0
ORD000268,PROD0015,1,0.1,7650.0,2650.0
ORD000269,PROD0009,2,0.05,104500.0,20500.0
ORD000270,PROD0013,3,0.0,48000.0,18000.0
ORD000270,PROD0005,2,0.2,7200.0,1800.0
ORD000271,PROD0002,1,0.05,61750.0,10750.0
ORD000272,PROD0001,1,0.05,80750.0,12750.0
ORD000273,PROD0005,4,0.2,14400.0,3600.0
ORD000273,PROD0016,3,0.0,21000.0,8400.0
ORD000274,PROD0007,4,0.05,83600.0,21600.0
ORD000274,PROD0024,1,0.15,3570.0,1370.0
ORD000274,PROD0018,1,0.1,585.0,255.0
ORD000275,PROD0017,1,0.1,405.0,185.0
ORD000276,PROD0020,1,0.15,20400.0,3400.0
ORD000276,PROD0002,2,0.2,104000.0,2000.0
ORD000277,PROD0017,5,0.1,2025.0,925.0
ORD000278,PROD0006,2,0.2,3520.0,1120.0
ORD000278,PROD0002,1,0.0,65000.0,14000.0
ORD000279,PROD0012,2,0.15,30600.0,8600.0
ORD000280,PROD0027,2,0.0,13000.0,5200.0
ORD000281,PROD0019,1,0.0,15000.0,4500.0
ORD000282,PROD0011,1,0.0,12000.0,4500.0
ORD000282,PROD0020,2,0.0,48000.0,14000.0
ORD000282,PROD0028,1,0.15,1530.0,580.0
ORD000283,PROD0014,1,0.05,26600.0,7600.0
ORD000283,PROD0015,1,0.05,8075.0,3075.0
ORD000284,PROD0011,1,0.0,12000.0,4500.0
ORD000285,PROD0003,2,0.2,168000.0,-2000.0
ORD000286,PROD0027,2,0.0,13000.0,5200.0
ORD000287,PROD0006,1,0.2,1760.0,560.0
ORD000288,PROD0027,1,0.15,5525.0,1625.0
ORD000289,PROD0002,2,0.0,130000.0,28000.0
ORD000290,PROD0005,1,0.0,4500.0,1800.0
ORD000290,PROD0016,3,0.2,16800.0,4200.0
ORD000290,PROD0004,1,0.05,1140.0,490.0
ORD000291,PROD0004,4,0.0,4800.0,2200.0
ORD000292,PROD0002,2,0.0,130000.0,28000.0
ORD000293,PROD0018,1,0.0,650.0,320.0
ORD000293,PROD0012,3,0.05,51300.0,18300.0
ORD000294,PROD0008,1,0.0,15000.0,4500.0
ORD000294,PROD0002,3,0.1,175500.0,22500.0
ORD000295,PROD0019,3,0.0,45000.0,13500.0
ORD000296,PROD0006,2,0.1,3960.0,1560.0
ORD000297,PROD0001,5,0.0,425000.0,85000.0
ORD000297,PROD0004,1,0.05,1140.0,490.0
ORD000298,PROD0027,1,0.05,6175.0,2275.0
ORD000299,PROD0028,1,0.05,1710.0,760.0
ORD000300,PROD0025,3,0.0,10500.0,5100.0
ORD000300,PROD0001,1,0.0,85000.0,17000.0
ORD000300,PROD0007,1,0.2,17600.0,2100.0
ORD000301,PROD0011,2,0.0,24000.0,9000.0
ORD000302,PROD0007,1,0.05,20900.0,5400.0
ORD000303,PROD0006,3,0.05,6270.0,2670.0
ORD000303,PROD0009,2,0.2,88000.0,4000.0
ORD000304,PROD0026,1,0.1,4950.0,1750.0
ORD000305,PROD0015,1,0.0,8500.0,3500.0
ORD000306,PROD0001,4,0.0,340000.0,68000.0
ORD000306,PROD0018,2,0.2,1040.0,380.0
ORD000306,PROD0008,4,0.0,60000.0,18000.0
ORD000307,PROD0012,2,0.1,32400.0,10400.0
ORD000308,PROD0018,1,0.1,585.0,255.0
ORD000308,PROD0011,1,0.1,10800.0,3300.0
ORD000309,PROD0015,2,0.2,13600.0,3600.0
ORD000310,PROD0018,3,0.0,1950.0,960.0
ORD000311,PROD0004,1,0.15,1020.0,370.0
ORD000311,PROD0027,1,0.2,5200.0,1300.0
ORD000311,PROD0013,2,0.05,30400.0,10400.0
ORD000312,PROD0027,1,0.05,6175.0,2275.0
ORD000313,PROD0021,1,0.0,1800.0,850.0
ORD000314,PROD0006,2,0.0,4400.0,2000.0
ORD000315,PROD0007,2,0.0,44000.0,13000.0
ORD000316,PROD0021,1,0.05,1710.0,760.0
ORD000316,PROD0019,2,0.1,27000.0,6000.0
ORD000317,PROD0014,1,0.15,23800.0,4800.0
ORD000317,PROD0010,1,0.0,22000.0,6000.0
ORD000317,PROD0027,2,0.2,10400.0,2600.0
ORD000318,PROD0006,1,0.15,1870.0,670.0
ORD000318,PROD0002,4,0.1,234000.0,30000.0
ORD000318,PROD0018,4,0.2,2080.0,760.0
ORD000319,PROD0002,1,0.2,52000.0,1000.0
ORD000320,PROD0012,2,0.0,36000.0,14000.0
ORD000321,PROD0008,1,0.1,13500.0,3000.0
ORD000321,PROD0020,2,0.0,48000.0,14000.0
ORD000321,PROD0002,2,0.0,130000.0,28000.0
ORD000322,PROD0012,1,0.0,18000.0,7000.0
ORD000322,PROD0007,4,0.0,88000.0,26000.0
ORD000322,PROD0008,1,0.0,15000.0,4500.0
ORD000323,PROD0012,3,0.2,43200.0,10200.0
ORD000324,PROD0028,4,0.0,7200.0,3400.0
ORD000325,PROD0024,5,0.0,21000.0,10000.0
ORD000325,PROD0008,1,0.15,12750.0,2250.0
ORD000326,PROD0002,3,0.1,175500.0,22500.0
ORD000326,PROD0008,1,0.1,13500.0,3000.0
ORD000327,PROD0010,2,0.1,39600.0,7600.0
ORD000327,PROD0023,1,0.2,2000.0,700.0
ORD000328,PROD0006,1,0.0,2200.0,1000.0
ORD000329,PROD0006,2,0.0,4400.0,2000.0
ORD000330,PROD0018,1,0.1,585.0,255.0
ORD000331,PROD0018,1,0.0,650.0,320.0
ORD000331,PROD0021,3,0.2,4320.0,1470.0
ORD000332,PROD0009,1,0.1,49500.0,7500.0
ORD000333,PROD0025,1,0.1,3150.0,1350.0
ORD000334,PROD0028,2,0.1,3240.0,1340.0
ORD000335,PROD0002,1,0.0,65000.0,14000.0
ORD000336,PROD0013,1,0.0,16000.0,6000.0
ORD000336,PROD0007,2,0.0,44000.0,13000.0
ORD000336,PROD0003,1,0.0,105000.0,20000.0
ORD000337,PROD0020,2,0.0,48000.0,14000.0
ORD000338,PROD0019,3,0.0,45000.0,13500.0
ORD000338,PROD0007,2,0.2,35200.0,4200.0
ORD000339,PROD0005,1,0.05,4275.0,1575.0
ORD000340,PROD0008,1,0.0,15000.0,4500.0
ORD000341,PROD0013,1,0.05,15200.0,5200.0
ORD000342,PROD0009,1,0.2,44000.0,2000.0
ORD000342,PROD0016,1,0.05,6650.0,2450.0
ORD000342,PROD0011,1,0.0,12000.0,4500.0
ORD000343,PROD0005,3,0.05,12825.0,4725.0
ORD000343,PROD0023,1,0.2,2000.0,700.0
ORD000343,PROD0001,2,0.0,170000.0,34000.0
ORD000344,PROD0019,1,0.15,12750.0,2250.0
ORD000345,PROD0009,1,0.0,55000.0,13000.0
ORD000345,PROD0011,1,0.15,10200.0,2700.0
ORD000345,PROD0028,1,0.0,1800.0,850.0
ORD000346,PROD0028,1,0.0,1800.0,850.0
ORD000346,PROD0011,1,0.0,12000.0,4500.0
ORD000347,PROD0005,2,0.0,9000.0,3600.0
ORD000347,PROD0004,1,0.15,1020.0,370.0
ORD000348,PROD0017,1,0.1,405.0,185.0
ORD000348,PROD0028,1,0.0,1800.0,850.0
ORD000349,PROD0020,4,0.0,96000.0,28000.0
ORD000350,PROD0009,1,0.0,55000.0,13000.0
ORD000350,PROD0028,1,0.0,1800.0,850.0
ORD000351,PROD0009,2,0.0,110000.0,26000.0
ORD000351,PROD0021,2,0.1,3240.0,1340.0
ORD000352,PROD0019,2,0.0,30000.0,9000.0
ORD000352,PROD0006,1,0.1,1980.0,780.0
ORD000353,PROD0002,1,0.15,55250.0,4250.0
ORD000354,PROD0019,1,0.0,15000.0,4500.0
ORD000355,PROD0025,2,0.1,6300.0,2700.0
ORD000355,PROD0006,1,0.0,2200.0,1000.0
ORD000355,PROD0019,1,0.1,13500.0,3000.0
ORD000356,PROD0006,2,0.15,3740.0,1340.0
ORD000356,PROD0011,1,0.05,11400.0,3900.0
ORD000356,PROD0015,1,0.1,7650.0,2650.0
ORD000357,PROD0017,2,0.0,900.0,460.0
ORD000358,PROD0017,3,0.1,1215.0,555.0
ORD000358,PROD0007,1,0.2,17600.0,2100.0
ORD000359,PROD0014,2,0.05,53200.0,15200.0
ORD000360,PROD0026,1,0.15,4675.0,1475.0
ORD000361,PROD0013,1,0.15,13600.0,3600.0
ORD000362,PROD0006,1,0.0,2200.0,1000.0
ORD000362,PROD0012,3,0.15,45900.0,12900.0
ORD000363,PROD0024,2,0.05,7980.0,3580.0
ORD000363,PROD0012,1,0.0,18000.0,7000.0
ORD000363,PROD0003,1,0.2,84000.0,-1000.0
ORD000364,PROD0025,1,0.0,3500.0,1700.0
ORD000365,PROD0026,2,0.15,9350.0,2950.0
ORD000366,PROD0025,3,0.0,10500.0,5100.0
ORD000367,PROD0018,1,0.1,585.0,255.0
ORD000368,PROD0006,1,0.2,1760.0,560.0
ORD000368,PROD0021,4,0.2,5760.0,1960.0
ORD000369,PROD0009,1,0.1,49500.0,7500.0
ORD000370,PROD0020,2,0.1,43200.0,9200.0
ORD000370,PROD0001,2,0.05,161500.0,25500.0
ORD000371,PROD0027,2,0.0,13000.0,5200.0
ORD000372,PROD0013,1,0.2,12800.0,2800.0
ORD000373,PROD0027,1,0.0,6500.0,2600.0
ORD000373,PROD0002,1,0.05,61750.0,10750.0
ORD000373,PROD0019,3,0.15,38250.0,6750.0
ORD000374,PROD0023,1,0.0,2500.0,1200.0
ORD000375,PROD0025,1,0.0,3500.0,1700.0
ORD000376,PROD0025,1,0.1,3150.0,1350.0
ORD000377,PROD0006,1,0.05,2090.0,890.0
ORD000378,PROD0019,1,0.2,12000.0,1500.0
ORD000379,PROD0002,1,0.0,65000.0,14000.0
ORD000380,PROD0005,2,0.0,9000.0,3600.0
ORD000380,PROD0015,1,0.05,8075.0,3075.0
ORD000380,PROD0016,1,0.15,5950.0,1750.0
ORD000381,PROD0027,1,0.05,6175.0,2275.0
ORD000381,PROD0002,3,0.05,185250.0,32250.0
ORD000382,PROD0023,1,0.0,2500.0,1200.0
ORD000383,PROD0019,1,0.05,14250.0,3750.0
ORD000384,PROD0009,1,0.05,52250.0,10250.0
ORD000385,PROD0022,3,0.15,2295.0,945.0
ORD000385,PROD0005,1,0.2,3600.0,900.0
ORD000386,PROD0026,1,0.2,4400.0,1200.0
ORD000386,PROD0014,2,0.0,56000.0,18000.0
ORD000386,PROD0004,2,0.05,2280.0,980.0
ORD000387,PROD0007,2,0.05,41800.0,10800.0
ORD000388,PROD0027,1,0.15,5525.0,1625.0
ORD000389,PROD0006,1,0.15,1870.0,670.0
ORD000390,PROD0017,4,0.2,1440.0,560.0
ORD000390,PROD0012,1,0.2,14400.0,3400.0
ORD000390,PROD0016,2,0.2,11200.0,2800.0
ORD000391,PROD0010,1,0.0,22000.0,6000.0
ORD000392,PROD0014,1,0.0,28000.0,9000.0
ORD000392,PROD0026,3,0.0,16500.0,6900.0
ORD000393,PROD0015,1,0.0,8500.0,3500.0
ORD000394,PROD0016,2,0.0,14000.0,5600.0
ORD000394,PROD0020,1,0.15,20400.0,3400.0
ORD000395,PROD0006,1,0.0,2200.0,1000.0
ORD000396,PROD0009,2,0.0,110000.0,26000.0
ORD000397,PROD0006,1,0.05,2090.0,890.0
ORD000397,PROD0008,2,0.2,24000.0,3000.0
ORD000398,PROD0027,1,0.0,6500.0,2600.0
ORD000399,PROD0025,5,0.0,17500.0,8500.0
ORD000400,PROD0010,2,0.0,44000.0,12000.0
ORD000401,PROD0013,2,0.05,30400.0,10400.0
ORD000401,PROD0027,2,0.0,13000.0,5200.0
ORD000402,PROD0015,1,0.1,7650.0,2650.0
ORD000403,PROD0023,1,0.15,2125.0,825.0
ORD000404,PROD0001,2,0.0,170000.0,34000.0
ORD000405,PROD0011,2,0.0,24000.0,9000.0
ORD000406,PROD0009,1,0.05,52250.0,10250.0
ORD000407,PROD0008,2,0.1,27000.0,6000.0
ORD000407,PROD0011,1,0.2,9600.0,2100.0
ORD000408,PROD0025,1,0.1,3150.0,1350.0
ORD000409,PROD0022,1,0.0,900.0,450.0
ORD000410,PROD0021,2,0.15,3060.0,1160.0
ORD000411,PROD0008,1,0.1,13500.0,3000.0
ORD000412,PROD0007,1,0.05,20900.0,5400.0
ORD000413,PROD0003,2,0.2,168000.0,-2000.0
ORD000413,PROD0018,2,0.2,1040.0,380.0
ORD000414,PROD0014,1,0.05,26600.0,7600.0
ORD000415,PROD0005,3,0.2,10800.0,2700.0
ORD000415,PROD0022,1,0.1,810.0,360.0
ORD000416,PROD0026,2,0.15,9350.0,2950.0
ORD000416,PROD0003,1,0.0,105000.0,20000.0
ORD000416,PROD0012,3,0.15,45900.0,12900.0
ORD000417,PROD0002,1,0.15,55250.0,4250.0
ORD000417,PROD0005,1,0.2,3600.0,900.0
ORD000418,PROD0025,1,0.0,3500.0,1700.0
ORD000419,PROD0015,2,0.2,13600.0,3600.0
ORD000420,PROD0001,4,0.0,340000.0,68000.0
ORD000420,PROD0010,1,0.05,20900.0,4900.0
ORD000421,PROD0002,1,0.0,65000.0,14000.0
ORD000422,PROD0014,2,0.0,56000.0,18000.0
ORD000423,PROD0013,1,0.05,15200.0,5200.0
ORD000424,PROD0001,1,0.15,72250.0,4250.0
ORD000424,PROD0027,2,0.0,13000.0,5200.0
ORD000425,PROD0005,1,0.0,4500.0,1800.0
ORD000426,PROD0028,1,0.1,1620.0,670.0
ORD000427,PROD0025,2,0.2,5600.0,2000.0
ORD000427,PROD0003,1,0.1,94500.0,9500.0
ORD000428,PROD0014,1,0.2,22400.0,3400.0
ORD000428,PROD0011,1,0.1,10800.0,3300.0
ORD000429,PROD0002,1,0.0,65000.0,14000.0
ORD000429,PROD0013,2,0.0,32000.0,12000.0
ORD000430,PROD0027,1,0.1,5850.0,1950.0
ORD000431,PROD0028,2,0.05,3420.0,1520.0
ORD000431,PROD0017,1,0.2,360.0,140.0
ORD000432,PROD0021,1,0.0,1800.0,850.0
ORD000433,PROD0021,2,0.0,3600.0,1700.0
ORD000433,PROD0010,3,0.15,56100.0,8100.0
ORD000434,PROD0009,2,0.1,99000.0,15000.0
ORD000435,PROD0023,2,0.1,4500.0,1900.0
ORD000436,PROD0022,1,0.05,855.0,405.0
ORD000436,PROD0024,1,0.2,3360.0,1160.0
ORD000436,PROD0015,1,0.0,8500.0,3500.0
ORD000437,PROD0006,2,0.15,3740.0,1340.0
ORD000438,PROD0001,4,0.1,306000.0,34000.0
ORD000438,PROD0016,2,0.2,11200.0,2800.0
ORD000438,PROD0007,3,0.2,52800.0,6300.0
ORD000439,PROD0022,3,0.0,2700.0,1350.0
ORD000439,PROD0019,1,0.1,13500.0,3000.0
ORD000440,PROD0023,1,0.2,2000.0,700.0
ORD000441,PROD0026,1,0.0,5500.0,2300.0
ORD000442,PROD0001,1,0.2,68000.0,0.0
ORD000443,PROD0020,1,0.1,21600.0,4600.0
ORD000443,PROD0009,1,0.0,55000.0,13000.0
ORD000444,PROD0023,2,0.15,4250.0,1650.0
ORD000445,PROD0008,2,0.0,30000.0,9000.0
ORD000445,PROD0003,1,0.15,89250.0,4250.0
ORD000445,PROD0022,2,0.0,1800.0,900.0
ORD000446,PROD0012,2,0.1,32400.0,10400.0
ORD000447,PROD0015,1,0.1,7650.0,2650.0
ORD000447,PROD0001,1,0.1,76500.0,8500.0
ORD000447,PROD0013,1,0.0,16000.0,6000.0
ORD000447,PROD0020,1,0.1,21600.0,4600.0
ORD000448,PROD0009,1,0.1,49500.0,7500.0
ORD000449,PROD0009,2,0.2,88000.0,4000.0
ORD000449,PROD0022,1,0.0,900.0,450.0
ORD000450,PROD0023,3,0.0,7500.0,3600.0
ORD000450,PROD0022,1,0.1,810.0,360.0
ORD000451,PROD0016,1,0.0,7000.0,2800.0
ORD000452,PROD0013,4,0.0,64000.0,24000.0
ORD000453,PROD0022,1,0.15,765.0,315.0
ORD000453,PROD0004,1,0.2,960.0,310.0
ORD000454,PROD0002,1,0.2,52000.0,1000.0
ORD000454,PROD0004,1,0.2,960.0,310.0
ORD000455,PROD0024,1,0.2,3360.0,1160.0
ORD000455,PROD0022,2,0.0,1800.0,900.0
ORD000456,PROD0007,4,0.2,70400.0,8400.0
ORD000457,PROD0016,1,0.1,6300.0,2100.0
ORD000458,PROD0014,1,0.0,28000.0,9000.0
ORD000458,PROD0021,1,0.1,1620.0,670.0
ORD000458,PROD0010,2,0.0,44000.0,12000.0
ORD000458,PROD0002,1,0.2,52000.0,1000.0
ORD000459,PROD0003,1,0.1,94500.0,9500.0
ORD000459,PROD0015,1,0.05,8075.0,3075.0
ORD000459,PROD0006,2,0.15,3740.0,1340.0
ORD000460,PROD0010,1,0.0,22000.0,6000.0
ORD000460,PROD0027,2,0.0,13000.0,5200.0
ORD000460,PROD0017,1,0.1,405.0,185.0
ORD000461,PROD0019,4,0.1,54000.0,12000.0
ORD000462,PROD0021,1,0.0,1800.0,850.0
ORD000463,PROD0014,1,0.05,26600.0,7600.0
ORD000464,PROD0022,2,0.05,1710.0,810.0
ORD000464,PROD0004,3,0.0,3600.0,1650.0
ORD000464,PROD0024,2,0.05,7980.0,3580.0
ORD000465,PROD0001,2,0.1,153000.0,17000.0
ORD000466,PROD0001,1,0.0,85000.0,17000.0
ORD000467,PROD0021,2,0.0,3600.0,1700.0
ORD000468,PROD0014,1,0.0,28000.0,9000.0
ORD000468,PROD0007,1,0.1,19800.0,4300.0
ORD000468,PROD0022,1,0.15,765.0,315.0
ORD000468,PROD0009,1,0.0,55000.0,13000.0
ORD000469,PROD0017,2,0.05,855.0,415.0
ORD000470,PROD0003,2,0.0,210000.0,40000.0
ORD000470,PROD0006,3,0.15,5610.0,2010.0
ORD000470,PROD0001,1,0.0,85000.0,17000.0
ORD000471,PROD0012,1,0.0,18000.0,7000.0
ORD000471,PROD0007,2,0.0,44000.0,13000.0
ORD000472,PROD0015,1,0.1,7650.0,2650.0
ORD000472,PROD0012,3,0.1,48600.0,15600.0
ORD000472,PROD0008,1,0.2,12000.0,1500.0
ORD000473,PROD0023,1,0.05,2375.0,1075.0
ORD000473,PROD0002,2,0.05,123500.0,21500.0
ORD000474,PROD0025,1,0.05,3325.0,1525.0
ORD000475,PROD0028,2,0.15,3060.0,1160.0
ORD000476,PROD0012,1,0.15,15300.0,4300.0
ORD000477,PROD0009,2,0.15,93500.0,9500.0
ORD000477,PROD0017,1,0.05,427.5,207.5
ORD000478,PROD0025,2,0.0,7000.0,3400.0
ORD000478,PROD0009,3,0.2,132000.0,6000.0
ORD000479,PROD0027,1,0.0,6500.0,2600.0
ORD000479,PROD0017,1,0.15,382.5,162.5
ORD000480,PROD0016,1,0.0,7000.0,2800.0
ORD000480,PROD0008,4,0.05,57000.0,15000.0
ORD000481,PROD0007,4,0.0,88000.0,26000.0
ORD000482,PROD0013,1,0.05,15200.0,5200.0
ORD000483,PROD0020,1,0.1,21600.0,4600.0
ORD000483,PROD0017,1,0.0,450.0,230.0
ORD000484,PROD0019,1,0.2,12000.0,1500.0
ORD000484,PROD0027,3,0.0,19500.0,7800.0
ORD000485,PROD0002,4,0.0,260000.0,56000.0
ORD000486,PROD0013,1,0.05,15200.0,5200.0
ORD000486,PROD0006,2,0.0,4400.0,2000.0
ORD000487,PROD0014,1,0.05,26600.0,7600.0
ORD000488,PROD0019,1,0.0,15000.0,4500.0
ORD000488,PROD0014,1,0.1,25200.0,6200.0
ORD000488,PROD0006,3,0.1,5940.0,2340.0
ORD000489,PROD0005,3,0.1,12150.0,4050.0
ORD000489,PROD0019,2,0.15,25500.0,4500.0
ORD000490,PROD0007,1,0.1,19800.0,4300.0
ORD000491,PROD0028,2,0.05,3420.0,1520.0
ORD000491,PROD0013,2,0.05,30400.0,10400.0
ORD000492,PROD0012,1,0.0,18000.0,7000.0
ORD000492,PROD0025,1,0.0,3500.0,1700.0
ORD000493,PROD0002,1,0.2,52000.0,1000.0
ORD000494,PROD0020,1,0.0,24000.0,7000.0
ORD000494,PROD0027,1,0.1,5850.0,1950.0
ORD000495,PROD0025,1,0.0,3500.0,1700.0
ORD000495,PROD0020,1,0.0,24000.0,7000.0
ORD000496,PROD0003,1,0.0,105000.0,20000.0
ORD000497,PROD0022,1,0.05,855.0,405.0
ORD000497,PROD0023,1,0.1,2250.0,950.0
ORD000498,PROD0003,1,0.15,89250.0,4250.0
ORD000498,PROD0026,2,0.2,8800.0,2400.0
ORD000499,PROD0010,2,0.1,39600.0,7600.0
ORD000500,PROD0010,1,0.0,22000.0,6000.0
ORD000501,PROD0019,1,0.0,15000.0,4500.0
ORD000502,PROD0027,1,0.1,5850.0,1950.0
ORD000502,PROD0018,2,0.05,1235.0,575.0
ORD000502,PROD0016,2,0.2,11200.0,2800.0
ORD000503,PROD0010,2,0.15,37400.0,5400.0
ORD000503,PROD0006,4,0.0,8800.0,4000.0
ORD000504,PROD0001,1,0.15,72250.0,4250.0
ORD000505,PROD0002,1,0.0,65000.0,14000.0
ORD000505,PROD0017,3,0.0,1350.0,690.0
ORD000506,PROD0016,1,0.2,5600.0,1400.0
ORD000506,PROD0014,1,0.0,28000.0,9000.0
ORD000507,PROD0020,1,0.1,21600.0,4600.0
ORD000507,PROD0013,4,0.2,51200.0,11200.0
ORD000508,PROD0027,2,0.2,10400.0,2600.0
ORD000508,PROD0002,1,0.1,58500.0,7500.0
ORD000509,PROD0001,1,0.15,72250.0,4250.0
ORD000510,PROD0021,4,0.05,6840.0,3040.0
ORD000511,PROD0014,4,0.05,106400.0,30400.0
ORD000511,PROD0004,2,0.05,2280.0,980.0
ORD000512,PROD0025,2,0.15,5950.0,2350.0
ORD000513,PROD0025,3,0.0,10500.0,5100.0
ORD000513,PROD0010,1,0.2,17600.0,1600.0
ORD000514,PROD0016,2,0.0,14000.0,5600.0
ORD000514,PROD0009,1,0.0,55000.0,13000.0
ORD000514,PROD0004,2,0.05,2280.0,980.0
ORD000515,PROD0011,1,0.0,12000.0,4500.0
ORD000515,PROD0028,1,0.05,1710.0,760.0
ORD000516,PROD0021,1,0.05,1710.0,760.0
ORD000517,PROD0012,1,0.1,16200.0,5200.0
ORD000517,PROD0002,2,0.0,130000.0,28000.0
ORD000517,PROD0008,4,0.0,60000.0,18000.0
ORD000517,PROD0014,2,0.2,44800.0,6800.0
ORD000518,PROD0027,2,0.0,13000.0,5200.0
ORD000518,PROD0019,2,0.1,27000.0,6000.0
ORD000519,PROD0007,1,0.0,22000.0,6500.0
ORD000520,PROD0006,3,0.2,5280.0,1680.0
ORD000521,PROD0009,1,0.0,55000.0,13000.0
ORD000521,PROD0028,2,0.05,3420.0,1520.0
ORD000521,PROD0015,1,0.05,8075.0,3075.0
ORD000521,PROD0010,2,0.1,39600.0,7600.0
ORD000522,PROD0005,2,0.0,9000.0,3600.0
ORD000523,PROD0001,1,0.0,85000.0,17000.0
ORD000523,PROD0023,2,0.1,4500.0,1900.0
ORD000523,PROD0027,1,0.05,6175.0,2275.0
ORD000523,PROD0016,2,0.15,11900.0,3500.0
ORD000524,PROD0025,1,0.15,2975.0,1175.0
ORD000524,PROD0012,1,0.15,15300.0,4300.0
ORD000525,PROD0018,2,0.0,1300.0,640.0
ORD000526,PROD0013,1,0.0,16000.0,6000.0
ORD000527,PROD0027,1,0.2,5200.0,1300.0
ORD000528,PROD0001,1,0.1,76500.0,8500.0
ORD000529,PROD0024,1,0.2,3360.0,1160.0
ORD000529,PROD0026,1,0.0,5500.0,2300.0
ORD000530,PROD0020,2,0.0,48000.0,14000.0
ORD000530,PROD0013,2,0.0,32000.0,12000.0
ORD000531,PROD0002,3,0.0,195000.0,42000.0
ORD000531,PROD0021,1,0.0,1800.0,850.0
ORD000531,PROD0016,2,0.2,11200.0,2800.0
ORD000532,PROD0023,1,0.0,2500.0,1200.0
ORD000532,PROD0010,1,0.0,22000.0,6000.0
ORD000533,PROD0025,2,0.0,7000.0,3400.0
ORD000533,PROD0008,1,0.2,12000.0,1500.0
ORD000533,PROD0020,1,0.15,20400.0,3400.0
ORD000533,PROD0026,1,0.05,5225.0,2025.0
ORD000534,PROD0006,2,0.15,3740.0,1340.0
ORD000535,PROD0008,1,0.2,12000.0,1500.0
ORD000535,PROD0017,1,0.05,427.5,207.5
ORD000536,PROD0009,4,0.15,187000.0,19000.0
ORD000536,PROD0021,1,0.05,1710.0,760.0
ORD000537,PROD0001,1,0.0,85000.0,17000.0
ORD000538,PROD0023,1,0.05,2375.0,1075.0
ORD000539,PROD0014,2,0.0,56000.0,18000.0
ORD000540,PROD0024,2,0.0,8400.0,4000.0
ORD000540,PROD0008,1,0.0,15000.0,4500.0
ORD000540,PROD0011,2,0.05,22800.0,7800.0
ORD000541,PROD0028,1,0.1,1620.0,670.0
ORD000542,PROD0025,1,0.1,3150.0,1350.0
ORD000542,PROD0027,2,0.1,11700.0,3900.0
ORD000542,PROD0014,2,0.0,56000.0,18000.0
ORD000543,PROD0002,2,0.1,117000.0,15000.0
ORD000543,PROD0022,2,0.0,1800.0,900.0
ORD000544,PROD0024,3,0.15,10710.0,4110.0
ORD000545,PROD0010,1,0.0,22000.0,6000.0
ORD000545,PROD0028,2,0.0,3600.0,1700.0
ORD000545,PROD0008,3,0.05,42750.0,11250.0
ORD000546,PROD0011,1,0.1,10800.0,3300.0
ORD000547,PROD0002,1,0.2,52000.0,1000.0
ORD000548,PROD0006,2,0.0,4400.0,2000.0
ORD000549,PROD0013,1,0.05,15200.0,5200.0
ORD000549,PROD0002,2,0.15,110500.0,8500.0
ORD000550,PROD0005,2,0.05,8550.0,3150.0
ORD000550,PROD0001,2,0.05,161500.0,25500.0
ORD000550,PROD0011,1,0.0,12000.0,4500.0
ORD000550,PROD0008,1,0.0,15000.0,4500.0
ORD000551,PROD0024,2,0.2,6720.0,2320.0
ORD000552,PROD0018,2,0.15,1105.0,445.0
ORD000553,PROD0021,1,0.2,1440.0,490.0
ORD000553,PROD0007,1,0.05,20900.0,5400.0
ORD000554,PROD0027,2,0.15,11050.0,3250.0
ORD000554,PROD0020,1,0.0,24000.0,7000.0
ORD000555,PROD0026,1,0.05,5225.0,2025.0
ORD000556,PROD0005,1,0.15,3825.0,1125.0
ORD000556,PROD0028,2,0.05,3420.0,1520.0
ORD000556,PROD0014,4,0.0,112000.0,36000.0
ORD000556,PROD0006,1,0.0,2200.0,1000.0
ORD000557,PROD0013,1,0.1,14400.0,4400.0
ORD000558,PROD0005,1,0.2,3600.0,900.0
ORD000559,PROD0015,1,0.05,8075.0,3075.0
ORD000559,PROD0001,1,0.0,85000.0,17000.0
ORD000560,PROD0027,1,0.0,6500.0,2600.0
ORD000561,PROD0013,1,0.2,12800.0,2800.0
ORD000562,PROD0002,1,0.1,58500.0,7500.0
ORD000563,PROD0003,1,0.0,105000.0,20000.0
ORD000563,PROD0021,2,0.1,3240.0,1340.0
ORD000563,PROD0014,1,0.2,22400.0,3400.0
ORD000564,PROD0002,2,0.0,130000.0,28000.0
ORD000565,PROD0024,1,0.0,4200.0,2000.0
ORD000566,PROD0005,1,0.0,4500.0,1800.0
ORD000567,PROD0023,1,0.05,2375.0,1075.0
ORD000568,PROD0019,2,0.0,30000.0,9000.0
ORD000568,PROD0015,1,0.0,8500.0,3500.0
ORD000569,PROD0027,4,0.0,26000.0,10400.0
ORD000569,PROD0006,1,0.15,1870.0,670.0
ORD000570,PROD0002,1,0.05,61750.0,10750.0
ORD000571,PROD0027,4,0.0,26000.0,10400.0
ORD000572,PROD0009,1,0.15,46750.0,4750.0
ORD000572,PROD0026,2,0.0,11000.0,4600.0
ORD000573,PROD0010,2,0.1,39600.0,7600.0
ORD000574,PROD0010,4,0.0,88000.0,24000.0
ORD000575,PROD0004,2,0.15,2040.0,740.0
ORD000576,PROD0023,2,0.0,5000.0,2400.0
ORD000576,PROD0018,2,0.1,1170.0,510.0
ORD000577,PROD0027,3,0.2,15600.0,3900.0
ORD000578,PROD0013,1,0.0,16000.0,6000.0
ORD000579,PROD0022,1,0.05,855.0,405.0
ORD000579,PROD0012,2,0.0,36000.0,14000.0
ORD000580,PROD0014,1,0.0,28000.0,9000.0
ORD000581,PROD0014,1,0.0,28000.0,9000.0
ORD000581,PROD0004,1,0.05,1140.0,490.0
ORD000581,PROD0026,1,0.0,5500.0,2300.0
ORD000582,PROD0028,2,0.2,2880.0,980.0
ORD000583,PROD0013,1,0.0,16000.0,6000.0
ORD000584,PROD0003,1,0.0,105000.0,20000.0
ORD000585,PROD0012,4,0.15,61200.0,17200.0
ORD000586,PROD0015,1,0.15,7225.0,2225.0
ORD000587,PROD0003,1,0.0,105000.0,20000.0
ORD000587,PROD0014,1,0.0,28000.0,9000.0
ORD000588,PROD0015,2,0.0,17000.0,7000.0
ORD000589,PROD0009,1,0.0,55000.0,13000.0
ORD000590,PROD0011,1,0.1,10800.0,3300.0
ORD000591,PROD0023,1,0.0,2500.0,1200.0
ORD000592,PROD0012,1,0.2,14400.0,3400.0
ORD000592,PROD0007,1,0.05,20900.0,5400.0
ORD000593,PROD0011,1,0.1,10800.0,3300.0
ORD000593,PROD0024,4,0.0,16800.0,8000.0
ORD000594,PROD0017,2,0.05,855.0,415.0
ORD000594,PROD0021,1,0.15,1530.0,580.0
ORD000595,PROD0028,2,0.05,3420.0,1520.0
ORD000595,PROD0023,1,0.0,2500.0,1200.0
ORD000595,PROD0013,2,0.0,32000.0,12000.0
ORD000596,PROD0023,1,0.15,2125.0,825.0
ORD000596,PROD0020,2,0.05,45600.0,11600.0
ORD000596,PROD0016,1,0.0,7000.0,2800.0
ORD000597,PROD0015,1,0.0,8500.0,3500.0
ORD000598,PROD0024,1,0.15,3570.0,1370.0
ORD000598,PROD0023,1,0.0,2500.0,1200.0
ORD000598,PROD0016,1,0.0,7000.0,2800.0
ORD000598,PROD0028,3,0.0,5400.0,2550.0
ORD000599,PROD0006,2,0.05,4180.0,1780.0
ORD000599,PROD0001,1,0.0,85000.0,17000.0
ORD000600,PROD0027,1,0.15,5525.0,1625.0
ORD000601,PROD0016,2,0.0,14000.0,5600.0
ORD000601,PROD0007,1,0.2,17600.0,2100.0
ORD000602,PROD0009,1,0.2,44000.0,2000.0
ORD000603,PROD0005,1,0.0,4500.0,1800.0
ORD000603,PROD0011,3,0.2,28800.0,6300.0
ORD000604,PROD0015,3,0.15,21675.0,6675.0
ORD000604,PROD0013,1,0.0,16000.0,6000.0
ORD000604,PROD0020,1,0.0,24000.0,7000.0
ORD000605,PROD0023,1,0.1,2250.0,950.0
ORD000605,PROD0006,3,0.15,5610.0,2010.0
ORD000606,PROD0005,1,0.0,4500.0,1800.0
ORD000607,PROD0004,1,0.0,1200.0,550.0
ORD000608,PROD0020,1,0.2,19200.0,2200.0
ORD000609,PROD0017,1,0.0,450.0,230.0
ORD000609,PROD0009,4,0.05,209000.0,41000.0
ORD000610,PROD0020,1,0.1,21600.0,4600.0
ORD000610,PROD0019,1,0.15,12750.0,2250.0
ORD000611,PROD0027,1,0.0,6500.0,2600.0
ORD000612,PROD0009,2,0.0,110000.0,26000.0
ORD000613,PROD0002,1,0.15,55250.0,4250.0
ORD000613,PROD0015,2,0.0,17000.0,7000.0
ORD000613,PROD0011,1,0.0,12000.0,4500.0
ORD000614,PROD0001,2,0.05,161500.0,25500.0
ORD000615,PROD0008,2,0.0,30000.0,9000.0
ORD000615,PROD0007,2,0.05,41800.0,10800.0
ORD000616,PROD0024,1,0.05,3990.0,1790.0
ORD000616,PROD0025,1,0.0,3500.0,1700.0
ORD000616,PROD0005,1,0.15,3825.0,1125.0
ORD000616,PROD0016,1,0.0,7000.0,2800.0
ORD000617,PROD0013,1,0.2,12800.0,2800.0
ORD000617,PROD0010,1,0.0,22000.0,6000.0
ORD000617,PROD0024,2,0.0,8400.0,4000.0
ORD000618,PROD0026,1,0.1,4950.0,1750.0
ORD000619,PROD0020,1,0.0,24000.0,7000.0
ORD000620,PROD0010,1,0.2,17600.0,1600.0
ORD000621,PROD0016,2,0.0,14000.0,5600.0
ORD000622,PROD0005,1,0.15,3825.0,1125.0
ORD000622,PROD0016,2,0.05,13300.0,4900.0
ORD000623,PROD0025,1,0.0,3500.0,1700.0
ORD000624,PROD0014,1,0.1,25200.0,6200.0
ORD000625,PROD0027,1,0.0,6500.0,2600.0
ORD000625,PROD0014,1,0.05,26600.0,7600.0
ORD000625,PROD0006,1,0.1,1980.0,780.0
ORD000626,PROD0012,3,0.2,43200.0,10200.0
ORD000626,PROD0021,4,0.2,5760.0,1960.0
ORD000627,PROD0014,2,0.0,56000.0,18000.0
ORD000628,PROD0009,2,0.15,93500.0,9500.0
ORD000628,PROD0011,2,0.0,24000.0,9000.0
ORD000629,PROD0007,5,0.15,93500.0,16000.0
ORD000630,PROD0022,2,0.2,1440.0,540.0
ORD000630,PROD0016,1,0.0,7000.0,2800.0
ORD000631,PROD0020,1,0.1,21600.0,4600.0
ORD000631,PROD0026,3,0.1,14850.0,5250.0
ORD000632,PROD0019,2,0.0,30000.0,9000.0
ORD000633,PROD0001,1,0.15,72250.0,4250.0
ORD000633,PROD0028,3,0.0,5400.0,2550.0
ORD000634,PROD0014,2,0.05,53200.0,15200.0
ORD000635,PROD0005,1,0.0,4500.0,1800.0
ORD000636,PROD0009,1,0.15,46750.0,4750.0
ORD000636,PROD0013,1,0.15,13600.0,3600.0
ORD000636,PROD0004,4,0.1,4320.0,1720.0
ORD000636,PROD0005,3,0.0,13500.0,5400.0
ORD000637,PROD0004,2,0.1,2160.0,860.0
ORD000637,PROD0011,4,0.0,48000.0,18000.0
ORD000638,PROD0001,2,0.0,170000.0,34000.0
ORD000639,PROD0014,2,0.0,56000.0,18000.0
ORD000639,PROD0024,1,0.0,4200.0,2000.0
ORD000640,PROD0017,3,0.05,1282.5,622.5
ORD000640,PROD0023,1,0.2,2000.0,700.0
ORD000641,PROD0021,1,0.05,1710.0,760.0
ORD000641,PROD0006,2,0.15,3740.0,1340.0
ORD000641,PROD0011,1,0.2,9600.0,2100.0
ORD000642,PROD0017,1,0.0,450.0,230.0
ORD000643,PROD0017,2,0.15,765.0,325.0
ORD000644,PROD0011,2,0.2,19200.0,4200.0
ORD000645,PROD0013,1,0.05,15200.0,5200.0
ORD000646,PROD0024,2,0.0,8400.0,4000.0
ORD000646,PROD0007,2,0.0,44000.0,13000.0
ORD000647,PROD0015,2,0.1,15300.0,5300.0
ORD000648,PROD0028,1,0.2,1440.0,490.0
ORD000648,PROD0009,2,0.1,99000.0,15000.0
ORD000649,PROD0015,2,0.1,15300.0,5300.0
ORD000650,PROD0013,3,0.1,43200.0,13200.0
ORD000650,PROD0007,1,0.0,22000.0,6500.0
ORD000651,PROD0028,1,0.2,1440.0,490.0
ORD000651,PROD0015,1,0.2,6800.0,1800.0
ORD000651,PROD0005,1,0.1,4050.0,1350.0
ORD000652,PROD0014,1,0.0,28000.0,9000.0
ORD000652,PROD0003,1,0.0,105000.0,20000.0
ORD000652,PROD0013,1,0.0,16000.0,6000.0
ORD000653,PROD0022,1,0.0,900.0,450.0
ORD000653,PROD0017,1,0.15,382.5,162.5
ORD000654,PROD0013,2,0.05,30400.0,10400.0
ORD000654,PROD0011,1,0.0,12000.0,4500.0
ORD000654,PROD0025,1,0.05,3325.0,1525.0
ORD000655,PROD0001,1,0.1,76500.0,8500.0
ORD000656,PROD0017,2,0.05,855.0,415.0
ORD000657,PROD0028,1,0.0,1800.0,850.0
ORD000657,PROD0005,1,0.05,4275.0,1575.0
ORD000658,PROD0009,1,0.0,55000.0,13000.0
ORD000659,PROD0009,3,0.0,165000.0,39000.0
ORD000660,PROD0017,2,0.05,855.0,415.0
ORD000661,PROD0001,3,0.0,255000.0,51000.0
ORD000661,PROD0005,1,0.05,4275.0,1575.0
ORD000661,PROD0026,3,0.05,15675.0,6075.0
ORD000662,PROD0025,1,0.0,3500.0,1700.0
ORD000663,PROD0028,2,0.05,3420.0,1520.0
ORD000663,PROD0002,1,0.0,65000.0,14000.0
ORD000664,PROD0002,3,0.0,195000.0,42000.0
ORD000665,PROD0009,3,0.1,148500.0,22500.0
ORD000665,PROD0005,2,0.0,9000.0,3600.0
ORD000666,PROD0026,2,0.15,9350.0,2950.0
ORD000667,PROD0020,2,0.0,48000.0,14000.0
ORD000668,PROD0020,2,0.0,48000.0,14000.0
ORD000669,PROD0007,2,0.0,44000.0,13000.0
ORD000669,PROD0009,2,0.05,104500.0,20500.0
ORD000670,PROD0027,1,0.05,6175.0,2275.0
ORD000670,PROD0020,3,0.2,57600.0,6600.0
ORD000671,PROD0016,1,0.0,7000.0,2800.0
ORD000671,PROD0005,2,0.0,9000.0,3600.0
ORD000671,PROD0027,1,0.05,6175.0,2275.0
ORD000672,PROD0017,1,0.0,450.0,230.0
ORD000672,PROD0001,1,0.0,85000.0,17000.0
ORD000673,PROD0013,2,0.0,32000.0,12000.0
ORD000673,PROD0025,5,0.0,17500.0,8500.0
ORD000674,PROD0016,2,0.0,14000.0,5600.0
ORD000674,PROD0021,2,0.15,3060.0,1160.0
ORD000675,PROD0011,2,0.15,20400.0,5400.0
ORD000676,PROD0002,2,0.05,123500.0,21500.0
ORD000676,PROD0005,1,0.15,3825.0,1125.0
ORD000677,PROD0009,2,0.2,88000.0,4000.0
ORD000677,PROD0005,3,0.2,10800.0,2700.0
ORD000678,PROD0003,1,0.1,94500.0,9500.0
ORD000679,PROD0025,1,0.0,3500.0,1700.0
ORD000679,PROD0005,2,0.2,7200.0,1800.0
ORD000680,PROD0007,3,0.0,66000.0,19500.0
ORD000681,PROD0004,2,0.05,2280.0,980.0
ORD000682,PROD0016,1,0.05,6650.0,2450.0
ORD000682,PROD0010,1,0.0,22000.0,6000.0
ORD000683,PROD0004,1,0.05,1140.0,490.0
ORD000683,PROD0022,2,0.15,1530.0,630.0
ORD000683,PROD0010,1,0.0,22000.0,6000.0
ORD000684,PROD0017,1,0.15,382.5,162.5
ORD000685,PROD0020,1,0.15,20400.0,3400.0
ORD000686,PROD0013,2,0.2,25600.0,5600.0
ORD000687,PROD0004,1,0.15,1020.0,370.0
ORD000687,PROD0019,2,0.0,30000.0,9000.0
ORD000687,PROD0014,4,0.05,106400.0,30400.0
ORD000688,PROD0021,1,0.1,1620.0,670.0
ORD000689,PROD0020,2,0.0,48000.0,14000.0
ORD000690,PROD0027,1,0.1,5850.0,1950.0
ORD000691,PROD0028,5,0.0,9000.0,4250.0
ORD000692,PROD0013,3,0.0,48000.0,18000.0
ORD000692,PROD0006,2,0.15,3740.0,1340.0
ORD000693,PROD0003,1,0.2,84000.0,-1000.0
ORD000693,PROD0012,2,0.05,34200.0,12200.0
ORD000693,PROD0026,1,0.0,5500.0,2300.0
ORD000694,PROD0005,3,0.2,10800.0,2700.0
ORD000695,PROD0011,2,0.05,22800.0,7800.0
ORD000696,PROD0019,1,0.05,14250.0,3750.0
ORD000696,PROD0027,4,0.0,26000.0,10400.0
ORD000697,PROD0024,1,0.15,3570.0,1370.0
ORD000698,PROD0015,2,0.1,15300.0,5300.0
ORD000699,PROD0005,3,0.0,13500.0,5400.0
ORD000700,PROD0027,2,0.0,13000.0,5200.0
ORD000701,PROD0026,4,0.0,22000.0,9200.0
ORD000701,PROD0025,3,0.2,8400.0,3000.0
ORD000702,PROD0018,2,0.0,1300.0,640.0
ORD000702,PROD0021,2,0.1,3240.0,1340.0
ORD000703,PROD0015,5,0.1,38250.0,13250.0
ORD000704,PROD0009,1,0.2,44000.0,2000.0
ORD000705,PROD0016,1,0.0,7000.0,2800.0
ORD000706,PROD0003,3,0.1,283500.0,28500.0
ORD000706,PROD0027,1,0.15,5525.0,1625.0
ORD000707,PROD0015,2,0.05,16150.0,6150.0
ORD000708,PROD0012,2,0.0,36000.0,14000.0
ORD000709,PROD0002,2,0.0,130000.0,28000.0
ORD000710,PROD0020,2,0.15,40800.0,6800.0
ORD000711,PROD0013,3,0.0,48000.0,18000.0
ORD000712,PROD0018,1,0.05,617.5,287.5
ORD000713,PROD0001,3,0.0,255000.0,51000.0
ORD000714,PROD0013,1,0.1,14400.0,4400.0
ORD000714,PROD0003,1,0.0,105000.0,20000.0
ORD000715,PROD0021,2,0.1,3240.0,1340.0
ORD000716,PROD0028,1,0.0,1800.0,850.0
ORD000717,PROD0026,1,0.0,5500.0,2300.0
ORD000718,PROD0021,1,0.05,1710.0,760.0
ORD000718,PROD0026,3,0.2,13200.0,3600.0
ORD000718,PROD0018,2,0.1,1170.0,510.0
ORD000719,PROD0027,1,0.2,5200.0,1300.0
ORD000719,PROD0026,1,0.05,5225.0,2025.0
ORD000720,PROD0025,3,0.1,9450.0,4050.0
ORD000721,PROD0004,1,0.1,1080.0,430.0
ORD000722,PROD0016,2,0.1,12600.0,4200.0
ORD000723,PROD0013,2,0.0,32000.0,12000.0
ORD000723,PROD0018,1,0.15,552.5,222.5
ORD000724,PROD0028,1,0.0,1800.0,850.0
ORD000725,PROD0015,1,0.0,8500.0,3500.0
ORD000725,PROD0002,1,0.05,61750.0,10750.0
ORD000726,PROD0017,2,0.2,720.0,280.0
ORD000727,PROD0024,3,0.0,12600.0,6000.0
ORD000728,PROD0023,1,0.2,2000.0,700.0
ORD000729,PROD0008,2,0.2,24000.0,3000.0
ORD000730,PROD0026,2,0.0,11000.0,4600.0
ORD000731,PROD0011,1,0.0,12000.0,4500.0
ORD000732,PROD0025,1,0.0,3500.0,1700.0
ORD000732,PROD0011,1,0.15,10200.0,2700.0
ORD000733,PROD0016,2,0.15,11900.0,3500.0
ORD000734,PROD0008,2,0.0,30000.0,9000.0
ORD000734,PROD0017,1,0.0,450.0,230.0
ORD000734,PROD0009,1,0.1,49500.0,7500.0
ORD000735,PROD0004,4,0.0,4800.0,2200.0
ORD000736,PROD0016,4,0.15,23800.0,7000.0
ORD000737,PROD0004,4,0.15,4080.0,1480.0
ORD000737,PROD0025,2,0.2,5600.0,2000.0
ORD000737,PROD0005,1,0.05,4275.0,1575.0
ORD000738,PROD0015,1,0.15,7225.0,2225.0
ORD000739,PROD0027,1,0.0,6500.0,2600.0
ORD000739,PROD0025,2,0.1,6300.0,2700.0
ORD000740,PROD0028,2,0.1,3240.0,1340.0
ORD000740,PROD0015,1,0.0,8500.0,3500.0
ORD000741,PROD0010,3,0.15,56100.0,8100.0
ORD000742,PROD0014,1,0.0,28000.0,9000.0
ORD000743,PROD0016,2,0.0,14000.0,5600.0
ORD000744,PROD0025,5,0.2,14000.0,5000.0
ORD000745,PROD0024,1,0.0,4200.0,2000.0
ORD000745,PROD0028,3,0.0,5400.0,2550.0
ORD000746,PROD0005,2,0.05,8550.0,3150.0
ORD000747,PROD0016,1,0.0,7000.0,2800.0
ORD000748,PROD0012,1,0.15,15300.0,4300.0
ORD000748,PROD0019,3,0.1,40500.0,9000.0
ORD000748,PROD0016,3,0.15,17850.0,5250.0
ORD000749,PROD0015,1,0.1,7650.0,2650.0
ORD000750,PROD0018,2,0.0,1300.0,640.0
ORD000751,PROD0005,3,0.0,13500.0,5400.0
ORD000751,PROD0019,2,0.15,25500.0,4500.0
ORD000752,PROD0021,5,0.0,9000.0,4250.0
ORD000752,PROD0006,1,0.0,2200.0,1000.0
ORD000753,PROD0028,5,0.0,9000.0,4250.0
ORD000754,PROD0012,2,0.0,36000.0,14000.0
ORD000755,PROD0019,1,0.05,14250.0,3750.0
ORD000756,PROD0015,3,0.0,25500.0,10500.0
ORD000757,PROD0013,3,0.15,40800.0,10800.0
ORD000758,PROD0006,2,0.0,4400.0,2000.0
ORD000759,PROD0019,1,0.15,12750.0,2250.0
ORD000759,PROD0012,1,0.15,15300.0,4300.0
ORD000760,PROD0024,4,0.1,15120.0,6320.0
ORD000761,PROD0003,1,0.0,105000.0,20000.0
ORD000762,PROD0006,3,0.0,6600.0,3000.0
ORD000763,PROD0004,1,0.1,1080.0,430.0
ORD000764,PROD0027,4,0.0,26000.0,10400.0
ORD000765,PROD0025,1,0.0,3500.0,1700.0
ORD000766,PROD0013,3,0.15,40800.0,10800.0
ORD000766,PROD0023,2,0.2,4000.0,1400.0
ORD000767,PROD0023,3,0.0,7500.0,3600.0
ORD000767,PROD0016,1,0.0,7000.0,2800.0
ORD000768,PROD0024,1,0.05,3990.0,1790.0
ORD000768,PROD0028,1,0.15,1530.0,580.0
ORD000769,PROD0007,1,0.2,17600.0,2100.0
ORD000769,PROD0025,2,0.15,5950.0,2350.0
ORD000769,PROD0001,1,0.15,72250.0,4250.0
ORD000769,PROD0026,2,0.05,10450.0,4050.0
ORD000770,PROD0006,2,0.0,4400.0,2000.0
ORD000770,PROD0004,1,0.05,1140.0,490.0
ORD000771,PROD0020,2,0.05,45600.0,11600.0
ORD000772,PROD0003,1,0.0,105000.0,20000.0
ORD000773,PROD0008,1,0.0,15000.0,4500.0
ORD000773,PROD0009,1,0.2,44000.0,2000.0
ORD000774,PROD0005,2,0.0,9000.0,3600.0
ORD000774,PROD0022,1,0.1,810.0,360.0
ORD000775,PROD0003,3,0.0,315000.0,60000.0
ORD000776,PROD0014,1,0.05,26600.0,7600.0
ORD000776,PROD0018,1,0.1,585.0,255.0
ORD000777,PROD0004,3,0.1,3240.0,1290.0
ORD000777,PROD0016,1,0.0,7000.0,2800.0
ORD000778,PROD0009,1,0.0,55000.0,13000.0
ORD000778,PROD0027,1,0.1,5850.0,1950.0
ORD000779,PROD0008,2,0.0,30000.0,9000.0
ORD000780,PROD0010,3,0.0,66000.0,18000.0
ORD000781,PROD0010,1,0.2,17600.0,1600.0
ORD000782,PROD0002,1,0.05,61750.0,10750.0
ORD000783,PROD0025,1,0.0,3500.0,1700.0
ORD000784,PROD0019,2,0.0,30000.0,9000.0
ORD000785,PROD0021,3,0.15,4590.0,1740.0
ORD000785,PROD0013,1,0.1,14400.0,4400.0
ORD000786,PROD0021,1,0.05,1710.0,760.0
ORD000786,PROD0006,1,0.0,2200.0,1000.0
ORD000787,PROD0010,1,0.0,22000.0,6000.0
ORD000787,PROD0020,4,0.2,76800.0,8800.0
ORD000788,PROD0018,4,0.15,2210.0,890.0
ORD000788,PROD0011,3,0.0,36000.0,13500.0
ORD000788,PROD0001,1,0.15,72250.0,4250.0
ORD000789,PROD0027,1,0.15,5525.0,1625.0
ORD000789,PROD0026,1,0.1,4950.0,1750.0
ORD000789,PROD0009,1,0.0,55000.0,13000.0
ORD000789,PROD0025,1,0.1,3150.0,1350.0
ORD000790,PROD0001,1,0.2,68000.0,0.0
ORD000791,PROD0008,1,0.0,15000.0,4500.0
ORD000792,PROD0024,2,0.0,8400.0,4000.0
ORD000793,PROD0016,1,0.2,5600.0,1400.0
ORD000794,PROD0012,1,0.0,18000.0,7000.0
ORD000795,PROD0019,1,0.05,14250.0,3750.0
ORD000795,PROD0015,2,0.0,17000.0,7000.0
ORD000796,PROD0005,3,0.0,13500.0,5400.0
ORD000797,PROD0019,1,0.0,15000.0,4500.0
ORD000798,PROD0021,1,0.0,1800.0,850.0
ORD000799,PROD0002,2,0.2,104000.0,2000.0
ORD000800,PROD0002,1,0.15,55250.0,4250.0
ORD000801,PROD0016,1,0.0,7000.0,2800.0
ORD000801,PROD0008,2,0.0,30000.0,9000.0
ORD000802,PROD0003,1,0.05,99750.0,14750.0
ORD000803,PROD0014,1,0.0,28000.0,9000.0
ORD000804,PROD0001,1,0.1,76500.0,8500.0
ORD000804,PROD0016,1,0.0,7000.0,2800.0
ORD000804,PROD0026,2,0.05,10450.0,4050.0
ORD000805,PROD0011,1,0.0,12000.0,4500.0
ORD000805,PROD0014,2,0.2,44800.0,6800.0
ORD000806,PROD0021,1,0.2,1440.0,490.0
ORD000807,PROD0028,1,0.1,1620.0,670.0
ORD000808,PROD0008,2,0.0,30000.0,9000.0
ORD000808,PROD0026,4,0.0,22000.0,9200.0
ORD000809,PROD0007,1,0.0,22000.0,6500.0
ORD000809,PROD0001,1,0.0,85000.0,17000.0
ORD000810,PROD0017,1,0.0,450.0,230.0
ORD000811,PROD0023,1,0.2,2000.0,700.0
ORD000811,PROD0011,1,0.0,12000.0,4500.0
ORD000811,PROD0001,2,0.0,170000.0,34000.0
ORD000811,PROD0022,1,0.0,900.0,450.0
ORD000812,PROD0014,1,0.0,28000.0,9000.0
ORD000813,PROD0009,1,0.1,49500.0,7500.0
ORD000814,PROD0001,5,0.05,403750.0,63750.0
ORD000814,PROD0004,1,0.0,1200.0,550.0
ORD000815,PROD0024,1,0.0,4200.0,2000.0
ORD000816,PROD0005,1,0.0,4500.0,1800.0
ORD000817,PROD0008,1,0.0,15000.0,4500.0
ORD000817,PROD0028,1,0.05,1710.0,760.0
ORD000817,PROD0019,1,0.0,15000.0,4500.0
ORD000817,PROD0005,1,0.15,3825.0,1125.0
ORD000818,PROD0025,3,0.0,10500.0,5100.0
ORD000818,PROD0002,2,0.0,130000.0,28000.0
ORD000819,PROD0007,1,0.0,22000.0,6500.0
ORD000820,PROD0021,1,0.0,1800.0,850.0
ORD000821,PROD0004,2,0.0,2400.0,1100.0
ORD000822,PROD0020,1,0.2,19200.0,2200.0
ORD000823,PROD0022,1,0.0,900.0,450.0
ORD000823,PROD0010,1,0.05,20900.0,4900.0
ORD000823,PROD0011,1,0.2,9600.0,2100.0
ORD000824,PROD0015,1,0.0,8500.0,3500.0
ORD000825,PROD0019,1,0.05,14250.0,3750.0
ORD000826,PROD0006,2,0.15,3740.0,1340.0
ORD000827,PROD0012,1,0.05,17100.0,6100.0
ORD000827,PROD0008,2,0.05,28500.0,7500.0
ORD000828,PROD0028,1,0.15,1530.0,580.0
ORD000828,PROD0027,2,0.15,11050.0,3250.0
ORD000829,PROD0006,1,0.0,2200.0,1000.0
ORD000829,PROD0020,1,0.2,19200.0,2200.0
ORD000830,PROD0011,1,0.05,11400.0,3900.0
ORD000830,PROD0023,5,0.05,11875.0,5375.0
ORD000831,PROD0011,2,0.0,24000.0,9000.0
ORD000832,PROD0025,3,0.0,10500.0,5100.0
ORD000833,PROD0008,3,0.1,40500.0,9000.0
ORD000834,PROD0014,1,0.0,28000.0,9000.0
ORD000835,PROD0026,5,0.0,27500.0,11500.0
ORD000836,PROD0028,2,0.0,3600.0,1700.0
ORD000837,PROD0015,2,0.0,17000.0,7000.0
ORD000838,PROD0013,1,0.0,16000.0,6000.0
ORD000838,PROD0014,1,0.1,25200.0,6200.0
ORD000838,PROD0024,2,0.15,7140.0,2740.0
ORD000839,PROD0014,2,0.2,44800.0,6800.0
ORD000839,PROD0005,2,0.0,9000.0,3600.0
ORD000840,PROD0005,1,0.15,3825.0,1125.0
ORD000840,PROD0010,2,0.05,41800.0,9800.0
ORD000841,PROD0019,1,0.0,15000.0,4500.0
ORD000842,PROD0003,1,0.05,99750.0,14750.0
ORD000843,PROD0023,2,0.1,4500.0,1900.0
ORD000843,PROD0014,4,0.0,112000.0,36000.0
ORD000843,PROD0007,1,0.15,18700.0,3200.0
ORD000844,PROD0018,1,0.15,552.5,222.5
ORD000845,PROD0022,2,0.05,1710.0,810.0
ORD000846,PROD0013,1,0.0,16000.0,6000.0
ORD000846,PROD0024,2,0.1,7560.0,3160.0
ORD000847,PROD0020,3,0.1,64800.0,13800.0
ORD000847,PROD0025,2,0.0,7000.0,3400.0
ORD000848,PROD0012,3,0.15,45900.0,12900.0
ORD000849,PROD0003,3,0.1,283500.0,28500.0
ORD000849,PROD0004,2,0.15,2040.0,740.0
ORD000849,PROD0013,1,0.0,16000.0,6000.0
ORD000850,PROD0016,3,0.05,19950.0,7350.0
ORD000851,PROD0002,1,0.0,65000.0,14000.0
ORD000852,PROD0025,4,0.0,14000.0,6800.0
ORD000852,PROD0001,1,0.05,80750.0,12750.0
ORD000853,PROD0018,1,0.0,650.0,320.0
ORD000853,PROD0023,1,0.0,2500.0,1200.0
ORD000854,PROD0004,4,0.0,4800.0,2200.0
ORD000854,PROD0005,1,0.0,4500.0,1800.0
ORD000855,PROD0010,2,0.05,41800.0,9800.0
ORD000855,PROD0026,1,0.15,4675.0,1475.0
ORD000856,PROD0005,2,0.2,7200.0,1800.0
ORD000857,PROD0013,2,0.0,32000.0,12000.0
ORD000857,PROD0027,2,0.0,13000.0,5200.0
ORD000858,PROD0007,1,0.15,18700.0,3200.0
ORD000858,PROD0020,4,0.2,76800.0,8800.0
ORD000858,PROD0004,3,0.15,3060.0,1110.0
ORD000859,PROD0001,3,0.0,255000.0,51000.0
ORD000859,PROD0007,1,0.15,18700.0,3200.0
ORD000859,PROD0013,1,0.15,13600.0,3600.0
ORD000860,PROD0021,1,0.05,1710.0,760.0
ORD000861,PROD0019,1,0.05,14250.0,3750.0
ORD000861,PROD0015,1,0.15,7225.0,2225.0
ORD000862,PROD0022,3,0.0,2700.0,1350.0
ORD000863,PROD0008,2,0.0,30000.0,9000.0
ORD000864,PROD0013,1,0.0,16000.0,6000.0
ORD000865,PROD0019,1,0.2,12000.0,1500.0
ORD000865,PROD0001,2,0.1,153000.0,17000.0
ORD000866,PROD0024,1,0.2,3360.0,1160.0
ORD000866,PROD0019,1,0.0,15000.0,4500.0
ORD000867,PROD0009,1,0.15,46750.0,4750.0
ORD000868,PROD0016,2,0.0,14000.0,5600.0
ORD000869,PROD0009,1,0.0,55000.0,13000.0
ORD000869,PROD0018,3,0.1,1755.0,765.0
ORD000869,PROD0026,2,0.0,11000.0,4600.0
ORD000870,PROD0002,4,0.2,208000.0,4000.0
ORD000871,PROD0020,1,0.0,24000.0,7000.0
ORD000872,PROD0018,1,0.0,650.0,320.0
ORD000872,PROD0003,2,0.15,178500.0,8500.0
ORD000872,PROD0004,2,0.15,2040.0,740.0
ORD000872,PROD0013,1,0.0,16000.0,6000.0
ORD000873,PROD0010,2,0.0,44000.0,12000.0
ORD000874,PROD0002,2,0.05,123500.0,21500.0
ORD000874,PROD0005,3,0.0,13500.0,5400.0
ORD000874,PROD0017,1,0.1,405.0,185.0
ORD000875,PROD0024,1,0.0,4200.0,2000.0
ORD000875,PROD0003,1,0.2,84000.0,-1000.0
ORD000875,PROD0020,2,0.0,48000.0,14000.0
ORD000875,PROD0002,1,0.15,55250.0,4250.0
ORD000876,PROD0010,3,0.0,66000.0,18000.0
ORD000876,PROD0018,1,0.0,650.0,320.0
ORD000876,PROD0009,1,0.0,55000.0,13000.0
ORD000877,PROD0019,1,0.2,12000.0,1500.0
ORD000877,PROD0022,4,0.1,3240.0,1440.0
ORD000878,PROD0018,1,0.0,650.0,320.0
ORD000879,PROD0016,1,0.15,5950.0,1750.0
ORD000880,PROD0026,1,0.0,5500.0,2300.0
ORD000880,PROD0016,2,0.0,14000.0,5600.0
ORD000880,PROD0004,2,0.0,2400.0,1100.0
ORD000881,PROD0027,1,0.05,6175.0,2275.0
ORD000881,PROD0001,2,0.0,170000.0,34000.0
ORD000881,PROD0005,1,0.1,4050.0,1350.0
ORD000882,PROD0021,1,0.0,1800.0,850.0
ORD000882,PROD0003,1,0.1,94500.0,9500.0
ORD000883,PROD0021,1,0.0,1800.0,850.0
ORD000884,PROD0023,4,0.0,10000.0,4800.0
ORD000884,PROD0003,4,0.05,399000.0,59000.0
ORD000884,PROD0025,3,0.0,10500.0,5100.0
ORD000885,PROD0010,3,0.0,66000.0,18000.0
ORD000886,PROD0008,2,0.0,30000.0,9000.0
ORD000886,PROD0018,1,0.15,552.5,222.5
ORD000887,PROD0020,4,0.15,81600.0,13600.0
ORD000888,PROD0004,1,0.15,1020.0,370.0
ORD000888,PROD0026,1,0.0,5500.0,2300.0
ORD000888,PROD0019,1,0.0,15000.0,4500.0
ORD000888,PROD0010,1,0.0,22000.0,6000.0
ORD000889,PROD0011,1,0.0,12000.0,4500.0
ORD000890,PROD0022,1,0.15,765.0,315.0
ORD000891,PROD0003,1,0.0,105000.0,20000.0
ORD000892,PROD0011,5,0.0,60000.0,22500.0
ORD000892,PROD0006,2,0.05,4180.0,1780.0
ORD000893,PROD0003,1,0.0,105000.0,20000.0
ORD000893,PROD0001,1,0.15,72250.0,4250.0
ORD000894,PROD0023,2,0.1,4500.0,1900.0
ORD000894,PROD0015,2,0.0,17000.0,7000.0
ORD000895,PROD0012,1,0.1,16200.0,5200.0
ORD000896,PROD0019,5,0.1,67500.0,15000.0
ORD000897,PROD0002,1,0.0,65000.0,14000.0
ORD000898,PROD0021,2,0.05,3420.0,1520.0
ORD000898,PROD0023,1,0.15,2125.0,825.0
ORD000899,PROD0007,1,0.0,22000.0,6500.0
ORD000899,PROD0012,3,0.0,54000.0,21000.0
ORD000899,PROD0025,1,0.15,2975.0,1175.0
ORD000900,PROD0005,1,0.0,4500.0,1800.0
ORD000901,PROD0012,1,0.0,18000.0,7000.0
ORD000901,PROD0013,1,0.0,16000.0,6000.0
ORD000902,PROD0022,1,0.0,900.0,450.0
ORD000903,PROD0021,3,0.0,5400.0,2550.0
ORD000903,PROD0009,5,0.05,261250.0,51250.0
ORD000903,PROD0004,1,0.05,1140.0,490.0
ORD000904,PROD0009,2,0.05,104500.0,20500.0
ORD000904,PROD0002,2,0.0,130000.0,28000.0
ORD000904,PROD0026,3,0.0,16500.0,6900.0
ORD000905,PROD0027,2,0.15,11050.0,3250.0
ORD000905,PROD0014,1,0.2,22400.0,3400.0
ORD000905,PROD0018,2,0.05,1235.0,575.0
ORD000906,PROD0005,1,0.05,4275.0,1575.0
ORD000907,PROD0017,2,0.0,900.0,460.0
ORD000908,PROD0026,2,0.0,11000.0,4600.0
ORD000909,PROD0018,1,0.0,650.0,320.0
ORD000910,PROD0010,1,0.05,20900.0,4900.0
ORD000910,PROD0001,1,0.0,85000.0,17000.0
ORD000911,PROD0012,5,0.1,81000.0,26000.0
ORD000912,PROD0002,1,0.0,65000.0,14000.0
ORD000912,PROD0001,2,0.1,153000.0,17000.0
ORD000913,PROD0020,3,0.0,72000.0,21000.0
ORD000914,PROD0026,1,0.0,5500.0,2300.0
ORD000915,PROD0012,3,0.2,43200.0,10200.0
ORD000915,PROD0022,1,0.0,900.0,450.0
ORD000915,PROD0001,4,0.05,323000.0,51000.0
ORD000916,PROD0006,1,0.0,2200.0,1000.0
ORD000916,PROD0025,4,0.0,14000.0,6800.0
ORD000916,PROD0021,2,0.05,3420.0,1520.0
ORD000917,PROD0021,2,0.15,3060.0,1160.0
ORD000918,PROD0016,2,0.0,14000.0,5600.0
ORD000919,PROD0015,1,0.0,8500.0,3500.0
ORD000919,PROD0017,4,0.0,1800.0,920.0
ORD000920,PROD0001,2,0.2,136000.0,0.0
ORD000920,PROD0010,2,0.0,44000.0,12000.0
ORD000920,PROD0004,1,0.0,1200.0,550.0
ORD000921,PROD0028,1,0.2,1440.0,490.0
ORD000921,PROD0025,1,0.0,3500.0,1700.0
ORD000922,PROD0009,2,0.2,88000.0,4000.0
ORD000922,PROD0010,1,0.15,18700.0,2700.0
ORD000922,PROD0016,3,0.0,21000.0,8400.0
ORD000923,PROD0006,2,0.15,3740.0,1340.0
ORD000923,PROD0003,2,0.1,189000.0,19000.0
ORD000924,PROD0013,1,0.0,16000.0,6000.0
ORD000925,PROD0018,2,0.0,1300.0,640.0
ORD000926,PROD0008,2,0.2,24000.0,3000.0
ORD000926,PROD0015,1,0.0,8500.0,3500.0
ORD000927,PROD0027,2,0.15,11050.0,3250.0
ORD000928,PROD0015,3,0.05,24225.0,9225.0
ORD000928,PROD0009,2,0.0,110000.0,26000.0
ORD000928,PROD0008,1,0.0,15000.0,4500.0
ORD000929,PROD0012,2,0.1,32400.0,10400.0
ORD000929,PROD0016,2,0.15,11900.0,3500.0
ORD000930,PROD0018,1,0.1,585.0,255.0
ORD000930,PROD0025,3,0.0,10500.0,5100.0
ORD000931,PROD0020,2,0.0,48000.0,14000.0
ORD000931,PROD0014,2,0.0,56000.0,18000.0
ORD000932,PROD0017,1,0.0,450.0,230.0
ORD000932,PROD0020,1,0.15,20400.0,3400.0
ORD000932,PROD0026,1,0.0,5500.0,2300.0
ORD000933,PROD0008,1,0.2,12000.0,1500.0
ORD000934,PROD0015,3,0.0,25500.0,10500.0
ORD000935,PROD0005,1,0.0,4500.0,1800.0
ORD000936,PROD0014,1,0.1,25200.0,6200.0
ORD000936,PROD0022,3,0.0,2700.0,1350.0
ORD000936,PROD0018,1,0.0,650.0,320.0
ORD000937,PROD0017,1,0.15,382.5,162.5
ORD000937,PROD0009,1,0.1,49500.0,7500.0
ORD000938,PROD0020,3,0.0,72000.0,21000.0
ORD000939,PROD0015,2,0.05,16150.0,6150.0
ORD000940,PROD0006,3,0.0,6600.0,3000.0
ORD000940,PROD0011,1,0.15,10200.0,2700.0
ORD000940,PROD0026,1,0.15,4675.0,1475.0
ORD000941,PROD0009,1,0.0,55000.0,13000.0
ORD000942,PROD0025,1,0.0,3500.0,1700.0
ORD000943,PROD0005,1,0.15,3825.0,1125.0
ORD000944,PROD0008,4,0.05,57000.0,15000.0
ORD000945,PROD0011,1,0.05,11400.0,3900.0
ORD000945,PROD0018,1,0.1,585.0,255.0
ORD000946,PROD0013,1,0.2,12800.0,2800.0
ORD000946,PROD0006,1,0.0,2200.0,1000.0
ORD000946,PROD0027,1,0.0,6500.0,2600.0
ORD000947,PROD0008,5,0.0,75000.0,22500.0
ORD000948,PROD0005,2,0.0,9000.0,3600.0
ORD000949,PROD0010,1,0.0,22000.0,6000.0
ORD000949,PROD0012,3,0.0,54000.0,21000.0
ORD000950,PROD0026,1,0.0,5500.0,2300.0
ORD000950,PROD0005,1,0.0,4500.0,1800.0
ORD000951,PROD0005,1,0.15,3825.0,1125.0
ORD000951,PROD0020,2,0.0,48000.0,14000.0
ORD000951,PROD0014,1,0.0,28000.0,9000.0
ORD000952,PROD0006,2,0.2,3520.0,1120.0
ORD000953,PROD0010,1,0.05,20900.0,4900.0
ORD000954,PROD0025,1,0.0,3500.0,1700.0
ORD000955,PROD0008,2,0.05,28500.0,7500.0
ORD000956,PROD0007,1,0.2,17600.0,2100.0
ORD000957,PROD0008,5,0.2,60000.0,7500.0
ORD000958,PROD0002,4,0.0,260000.0,56000.0
ORD000959,PROD0019,1,0.0,15000.0,4500.0
ORD000959,PROD0006,1,0.2,1760.0,560.0
ORD000960,PROD0006,1,0.05,2090.0,890.0
ORD000961,PROD0019,1,0.1,13500.0,3000.0
ORD000962,PROD0008,1,0.1,13500.0,3000.0
ORD000963,PROD0020,1,0.1,21600.0,4600.0
ORD000964,PROD0002,2,0.0,130000.0,28000.0
ORD000965,PROD0021,1,0.05,1710.0,760.0
ORD000965,PROD0011,1,0.2,9600.0,2100.0
ORD000966,PROD0023,2,0.0,5000.0,2400.0
ORD000967,PROD0003,2,0.0,210000.0,40000.0
ORD000967,PROD0017,4,0.0,1800.0,920.0
ORD000968,PROD0015,2,0.1,15300.0,5300.0
ORD000969,PROD0005,1,0.2,3600.0,900.0
ORD000969,PROD0008,2,0.15,25500.0,4500.0
ORD000970,PROD0007,2,0.0,44000.0,13000.0
ORD000970,PROD0005,4,0.15,15300.0,4500.0
ORD000971,PROD0015,1,0.0,8500.0,3500.0
ORD000971,PROD0026,1,0.05,5225.0,2025.0
ORD000972,PROD0024,1,0.0,4200.0,2000.0
ORD000973,PROD0026,2,0.1,9900.0,3500.0
ORD000974,PROD0025,1,0.15,2975.0,1175.0
ORD000975,PROD0004,2,0.05,2280.0,980.0
ORD000975,PROD0003,1,0.05,99750.0,14750.0
ORD000976,PROD0011,1,0.15,10200.0,2700.0
ORD000976,PROD0002,1,0.2,52000.0,1000.0
ORD000977,PROD0005,1,0.1,4050.0,1350.0
ORD000978,PROD0003,3,0.15,267750.0,12750.0
ORD000979,PROD0018,1,0.15,552.5,222.5
ORD000980,PROD0024,2,0.0,8400.0,4000.0
ORD000981,PROD0003,2,0.05,199500.0,29500.0
ORD000982,PROD0018,2,0.05,1235.0,575.0
ORD000983,PROD0021,3,0.15,4590.0,1740.0
ORD000984,PROD0011,1,0.0,12000.0,4500.0
ORD000985,PROD0016,1,0.0,7000.0,2800.0
ORD000986,PROD0003,1,0.2,84000.0,-1000.0
ORD000986,PROD0028,2,0.15,3060.0,1160.0
ORD000987,PROD0017,1,0.0,450.0,230.0
ORD000988,PROD0003,1,0.0,105000.0,20000.0
ORD000988,PROD0010,1,0.0,22000.0,6000.0
ORD000988,PROD0028,1,0.15,1530.0,580.0
ORD000989,PROD0027,1,0.0,6500.0,2600.0
ORD000990,PROD0018,3,0.0,1950.0,960.0
ORD000990,PROD0019,3,0.15,38250.0,6750.0
ORD000991,PROD0007,1,0.0,22000.0,6500.0
ORD000991,PROD0005,2,0.15,7650.0,2250.0
ORD000992,PROD0013,1,0.0,16000.0,6000.0
ORD000993,PROD0016,2,0.1,12600.0,4200.0
ORD000994,PROD0004,2,0.0,2400.0,1100.0
ORD000994,PROD0016,3,0.05,19950.0,7350.0
ORD000995,PROD0019,1,0.0,15000.0,4500.0
ORD000996,PROD0017,1,0.2,360.0,140.0
ORD000996,PROD0005,1,0.2,3600.0,900.0
ORD000996,PROD0002,1,0.05,61750.0,10750.0
ORD000997,PROD0006,1,0.0,2200.0,1000.0
ORD000997,PROD0023,1,0.05,2375.0,1075.0
ORD000998,PROD0008,1,0.0,15000.0,4500.0
ORD000998,PROD0028,1,0.0,1800.0,850.0
ORD000998,PROD0012,1,0.0,18000.0,7000.0
ORD000999,PROD0026,3,0.05,15675.0,6075.0
ORD001000,PROD0012,1,0.2,14400.0,3400.0
ORD001000,PROD0022,1,0.05,855.0,405.0
ORD001000,PROD0013,4,0.0,64000.0,24000.0
ORD001001,PROD0017,1,0.05,427.5,207.5
ORD001002,PROD0009,3,0.1,148500.0,22500.0
ORD001003,PROD0012,3,0.0,54000.0,21000.0
ORD001004,PROD0021,1,0.0,1800.0,850.0
ORD001005,PROD0019,1,0.1,13500.0,3000.0
ORD001005,PROD0005,4,0.2,14400.0,3600.0
ORD001005,PROD0014,1,0.2,22400.0,3400.0
ORD001006,PROD0028,2,0.2,2880.0,980.0
ORD001006,PROD0014,1,0.05,26600.0,7600.0
ORD001007,PROD0006,4,0.15,7480.0,2680.0
ORD001007,PROD0020,1,0.0,24000.0,7000.0
ORD001008,PROD0019,1,0.15,12750.0,2250.0
ORD001008,PROD0025,3,0.2,8400.0,3000.0
ORD001009,PROD0005,2,0.0,9000.0,3600.0
ORD001010,PROD0026,2,0.0,11000.0,4600.0
ORD001011,PROD0026,1,0.05,5225.0,2025.0
ORD001012,PROD0028,2,0.2,2880.0,980.0
ORD001013,PROD0024,1,0.0,4200.0,2000.0
ORD001013,PROD0023,4,0.15,8500.0,3300.0
ORD001014,PROD0028,1,0.2,1440.0,490.0
ORD001014,PROD0005,1,0.15,3825.0,1125.0
ORD001015,PROD0015,1,0.15,7225.0,2225.0
ORD001015,PROD0001,2,0.0,170000.0,34000.0
ORD001016,PROD0015,2,0.2,13600.0,3600.0
ORD001017,PROD0005,1,0.15,3825.0,1125.0
ORD001017,PROD0025,2,0.0,7000.0,3400.0
ORD001017,PROD0008,2,0.1,27000.0,6000.0
ORD001018,PROD0009,1,0.05,52250.0,10250.0
ORD001018,PROD0011,1,0.2,9600.0,2100.0
ORD001019,PROD0001,1,0.15,72250.0,4250.0
ORD001019,PROD0013,1,0.0,16000.0,6000.0
ORD001020,PROD0026,1,0.0,5500.0,2300.0
ORD001020,PROD0017,1,0.0,450.0,230.0
ORD001021,PROD0027,3,0.2,15600.0,3900.0
ORD001021,PROD0005,1,0.15,3825.0,1125.0
ORD001021,PROD0001,2,0.0,170000.0,34000.0
ORD001022,PROD0009,1,0.2,44000.0,2000.0
ORD001023,PROD0028,1,0.0,1800.0,850.0
ORD001024,PROD0007,2,0.05,41800.0,10800.0
ORD001024,PROD0014,1,0.2,22400.0,3400.0
ORD001024,PROD0028,1,0.15,1530.0,580.0
ORD001024,PROD0015,1,0.05,8075.0,3075.0
ORD001025,PROD0024,2,0.15,7140.0,2740.0
ORD001026,PROD0001,3,0.15,216750.0,12750.0
ORD001027,PROD0020,3,0.1,64800.0,13800.0
ORD001027,PROD0010,1,0.1,19800.0,3800.0
ORD001028,PROD0014,3,0.0,84000.0,27000.0
ORD001028,PROD0009,3,0.0,165000.0,39000.0
ORD001028,PROD0019,1,0.0,15000.0,4500.0
ORD001028,PROD0023,2,0.0,5000.0,2400.0
ORD001029,PROD0007,3,0.2,52800.0,6300.0
ORD001029,PROD0012,1,0.0,18000.0,7000.0
ORD001029,PROD0002,3,0.0,195000.0,42000.0
ORD001030,PROD0016,1,0.1,6300.0,2100.0
ORD001031,PROD0023,1,0.0,2500.0,1200.0
ORD001031,PROD0021,1,0.1,1620.0,670.0
ORD001032,PROD0019,2,0.15,25500.0,4500.0
ORD001032,PROD0021,1,0.0,1800.0,850.0
ORD001033,PROD0002,1,0.0,65000.0,14000.0
ORD001033,PROD0010,1,0.05,20900.0,4900.0
ORD001034,PROD0017,1,0.15,382.5,162.5
ORD001035,PROD0011,1,0.15,10200.0,2700.0
ORD001036,PROD0009,2,0.05,104500.0,20500.0
ORD001036,PROD0017,1,0.0,450.0,230.0
ORD001037,PROD0002,1,0.1,58500.0,7500.0
ORD001038,PROD0004,1,0.0,1200.0,550.0
ORD001038,PROD0013,1,0.05,15200.0,5200.0
ORD001039,PROD0027,3,0.1,17550.0,5850.0
ORD001040,PROD0003,4,0.1,378000.0,38000.0
ORD001041,PROD0015,2,0.15,14450.0,4450.0
ORD001042,PROD0020,1,0.1,21600.0,4600.0
ORD001043,PROD0007,2,0.05,41800.0,10800.0
ORD001043,PROD0016,1,0.0,7000.0,2800.0
ORD001044,PROD0013,1,0.2,12800.0,2800.0
ORD001045,PROD0014,1,0.1,25200.0,6200.0
ORD001046,PROD0027,1,0.1,5850.0,1950.0
ORD001046,PROD0013,2,0.1,28800.0,8800.0
ORD001047,PROD0007,1,0.0,22000.0,6500.0
ORD001048,PROD0002,2,0.2,104000.0,2000.0
ORD001049,PROD0018,1,0.0,650.0,320.0
ORD001050,PROD0021,1,0.1,1620.0,670.0
ORD001051,PROD0011,1,0.0,12000.0,4500.0
ORD001052,PROD0008,1,0.0,15000.0,4500.0
ORD001053,PROD0019,1,0.0,15000.0,4500.0
ORD001053,PROD0021,1,0.15,1530.0,580.0
ORD001053,PROD0025,1,0.05,3325.0,1525.0
ORD001053,PROD0017,3,0.15,1147.5,487.5
ORD001054,PROD0018,1,0.15,552.5,222.5
ORD001055,PROD0027,1,0.05,6175.0,2275.0
ORD001056,PROD0016,2,0.0,14000.0,5600.0
ORD001057,PROD0028,2,0.0,3600.0,1700.0
ORD001058,PROD0017,1,0.0,450.0,230.0
ORD001059,PROD0015,2,0.05,16150.0,6150.0
ORD001059,PROD0006,2,0.2,3520.0,1120.0
ORD001059,PROD0016,2,0.0,14000.0,5600.0
ORD001060,PROD0021,1,0.15,1530.0,580.0
ORD001061,PROD0006,1,0.1,1980.0,780.0
ORD001061,PROD0011,1,0.0,12000.0,4500.0
ORD001062,PROD0008,1,0.1,13500.0,3000.0
ORD001063,PROD0007,4,0.0,88000.0,26000.0
ORD001064,PROD0019,4,0.0,60000.0,18000.0
ORD001065,PROD0027,1,0.2,5200.0,1300.0
ORD001065,PROD0001,1,0.2,68000.0,0.0
ORD001065,PROD0021,2,0.0,3600.0,1700.0
ORD001066,PROD0026,3,0.2,13200.0,3600.0
ORD001066,PROD0016,1,0.2,5600.0,1400.0
ORD001066,PROD0015,1,0.0,8500.0,3500.0
ORD001067,PROD0023,2,0.15,4250.0,1650.0
ORD001068,PROD0013,1,0.2,12800.0,2800.0
ORD001069,PROD0001,3,0.0,255000.0,51000.0
ORD001069,PROD0015,1,0.2,6800.0,1800.0
ORD001070,PROD0028,1,0.0,1800.0,850.0
ORD001071,PROD0010,1,0.15,18700.0,2700.0
ORD001072,PROD0012,1,0.2,14400.0,3400.0
ORD001072,PROD0024,2,0.05,7980.0,3580.0
ORD001072,PROD0022,5,0.0,4500.0,2250.0
ORD001073,PROD0027,2,0.05,12350.0,4550.0
ORD001073,PROD0026,4,0.15,18700.0,5900.0
ORD001074,PROD0021,1,0.0,1800.0,850.0
ORD001074,PROD0016,2,0.05,13300.0,4900.0
ORD001075,PROD0013,1,0.05,15200.0,5200.0
ORD001076,PROD0002,2,0.15,110500.0,8500.0
ORD001077,PROD0017,1,0.0,450.0,230.0
ORD001077,PROD0028,2,0.0,3600.0,1700.0
ORD001078,PROD0023,1,0.0,2500.0,1200.0
ORD001079,PROD0027,5,0.05,30875.0,11375.0
ORD001079,PROD0010,2,0.0,44000.0,12000.0
ORD001079,PROD0005,1,0.05,4275.0,1575.0
ORD001080,PROD0023,1,0.0,2500.0,1200.0
ORD001080,PROD0006,2,0.2,3520.0,1120.0
ORD001081,PROD0020,2,0.05,45600.0,11600.0
ORD001082,PROD0023,1,0.15,2125.0,825.0
ORD001083,PROD0002,2,0.0,130000.0,28000.0
ORD001084,PROD0021,2,0.0,3600.0,1700.0
ORD001085,PROD0011,2,0.0,24000.0,9000.0
ORD001085,PROD0002,1,0.15,55250.0,4250.0
ORD001085,PROD0024,3,0.0,12600.0,6000.0
ORD001086,PROD0001,1,0.0,85000.0,17000.0
ORD001087,PROD0018,2,0.0,1300.0,640.0
ORD001088,PROD0028,3,0.1,4860.0,2010.0
ORD001088,PROD0015,1,0.1,7650.0,2650.0
ORD001089,PROD0007,1,0.1,19800.0,4300.0
ORD001089,PROD0008,2,0.0,30000.0,9000.0
ORD001089,PROD0011,1,0.0,12000.0,4500.0
ORD001090,PROD0004,2,0.05,2280.0,980.0
ORD001090,PROD0010,2,0.2,35200.0,3200.0
ORD001091,PROD0008,4,0.15,51000.0,9000.0
ORD001092,PROD0014,5,0.05,133000.0,38000.0
ORD001093,PROD0022,3,0.0,2700.0,1350.0
ORD001093,PROD0027,3,0.0,19500.0,7800.0
ORD001093,PROD0008,4,0.05,57000.0,15000.0
ORD001094,PROD0027,1,0.0,6500.0,2600.0
ORD001094,PROD0022,1,0.1,810.0,360.0
ORD001095,PROD0013,1,0.0,16000.0,6000.0
ORD001096,PROD0019,1,0.0,15000.0,4500.0
ORD001096,PROD0006,1,0.0,2200.0,1000.0
ORD001096,PROD0024,3,0.15,10710.0,4110.0
ORD001097,PROD0022,1,0.15,765.0,315.0
ORD001097,PROD0005,1,0.0,4500.0,1800.0
ORD001097,PROD0001,2,0.05,161500.0,25500.0
ORD001098,PROD0011,2,0.1,21600.0,6600.0
ORD001098,PROD0003,2,0.0,210000.0,40000.0
ORD001099,PROD0005,1,0.0,4500.0,1800.0
ORD001100,PROD0021,1,0.0,1800.0,850.0
ORD001101,PROD0023,5,0.0,12500.0,6000.0
ORD001101,PROD0024,3,0.2,10080.0,3480.0
ORD001101,PROD0007,2,0.0,44000.0,13000.0
ORD001102,PROD0023,2,0.0,5000.0,2400.0
ORD001103,PROD0003,1,0.0,105000.0,20000.0
ORD001103,PROD0002,2,0.1,117000.0,15000.0
ORD001104,PROD0019,1,0.05,14250.0,3750.0
ORD001104,PROD0008,1,0.15,12750.0,2250.0
ORD001105,PROD0010,3,0.1,59400.0,11400.0
ORD001106,PROD0006,5,0.0,11000.0,5000.0
ORD001106,PROD0017,1,0.0,450.0,230.0
ORD001106,PROD0021,1,0.1,1620.0,670.0
ORD001107,PROD0020,2,0.0,48000.0,14000.0
ORD001107,PROD0025,2,0.0,7000.0,3400.0
ORD001107,PROD0006,1,0.0,2200.0,1000.0
ORD001108,PROD0021,1,0.0,1800.0,850.0
ORD001108,PROD0015,1,0.05,8075.0,3075.0
ORD001109,PROD0018,3,0.0,1950.0,960.0
ORD001110,PROD0026,1,0.0,5500.0,2300.0
ORD001111,PROD0014,1,0.2,22400.0,3400.0
ORD001111,PROD0017,5,0.2,1800.0,700.0
ORD001112,PROD0025,3,0.0,10500.0,5100.0
ORD001112,PROD0015,2,0.2,13600.0,3600.0
ORD001113,PROD0012,3,0.0,54000.0,21000.0
ORD001114,PROD0027,3,0.0,19500.0,7800.0
ORD001115,PROD0012,2,0.0,36000.0,14000.0
ORD001116,PROD0024,1,0.1,3780.0,1580.0
ORD001116,PROD0008,1,0.0,15000.0,4500.0
ORD001117,PROD0020,1,0.0,24000.0,7000.0
ORD001117,PROD0017,1,0.1,405.0,185.0
ORD001118,PROD0024,1,0.0,4200.0,2000.0
ORD001118,PROD0010,1,0.05,20900.0,4900.0
ORD001118,PROD0005,2,0.0,9000.0,3600.0
ORD001118,PROD0022,2,0.2,1440.0,540.0
ORD001119,PROD0013,1,0.05,15200.0,5200.0
ORD001119,PROD0026,2,0.0,11000.0,4600.0
ORD001120,PROD0016,1,0.0,7000.0,2800.0
ORD001121,PROD0018,4,0.05,2470.0,1150.0
ORD001121,PROD0026,4,0.05,20900.0,8100.0
ORD001122,PROD0022,2,0.0,1800.0,900.0
ORD001123,PROD0021,1,0.2,1440.0,490.0
ORD001124,PROD0006,4,0.0,8800.0,4000.0
ORD001124,PROD0015,2,0.0,17000.0,7000.0
ORD001125,PROD0014,1,0.2,22400.0,3400.0
ORD001126,PROD0001,2,0.0,170000.0,34000.0
ORD001126,PROD0019,1,0.05,14250.0,3750.0
ORD001127,PROD0013,5,0.0,80000.0,30000.0
ORD001128,PROD0018,3,0.1,1755.0,765.0
ORD001129,PROD0023,4,0.0,10000.0,4800.0
ORD001129,PROD0018,1,0.1,585.0,255.0
ORD001130,PROD0026,2,0.0,11000.0,4600.0
ORD001130,PROD0011,1,0.0,12000.0,4500.0
ORD001131,PROD0016,1,0.0,7000.0,2800.0
ORD001131,PROD0015,4,0.2,27200.0,7200.0
ORD001132,PROD0010,1,0.2,17600.0,1600.0
ORD001133,PROD0018,1,0.15,552.5,222.5
ORD001134,PROD0011,1,0.0,12000.0,4500.0
ORD001135,PROD0010,1,0.2,17600.0,1600.0
ORD001135,PROD0004,1,0.05,1140.0,490.0
ORD001135,PROD0025,2,0.0,7000.0,3400.0
ORD001136,PROD0027,2,0.2,10400.0,2600.0
ORD001136,PROD0005,1,0.05,4275.0,1575.0
ORD001137,PROD0003,1,0.05,99750.0,14750.0
ORD001138,PROD0004,3,0.0,3600.0,1650.0
ORD001139,PROD0002,1,0.15,55250.0,4250.0
ORD001140,PROD0002,1,0.1,58500.0,7500.0
ORD001141,PROD0009,2,0.15,93500.0,9500.0
ORD001142,PROD0015,2,0.05,16150.0,6150.0
ORD001143,PROD0015,5,0.15,36125.0,11125.0
ORD001144,PROD0001,2,0.1,153000.0,17000.0
ORD001145,PROD0004,1,0.0,1200.0,550.0
ORD001146,PROD0001,1,0.1,76500.0,8500.0
ORD001147,PROD0021,1,0.0,1800.0,850.0
ORD001148,PROD0025,4,0.05,13300.0,6100.0
ORD001149,PROD0020,1,0.0,24000.0,7000.0
ORD001149,PROD0012,1,0.2,14400.0,3400.0
ORD001150,PROD0020,1,0.0,24000.0,7000.0
ORD001151,PROD0001,1,0.0,85000.0,17000.0
ORD001151,PROD0013,1,0.05,15200.0,5200.0
ORD001152,PROD0001,3,0.2,204000.0,0.0
ORD001152,PROD0005,1,0.05,4275.0,1575.0
ORD001153,PROD0014,1,0.2,22400.0,3400.0
ORD001153,PROD0005,2,0.0,9000.0,3600.0
ORD001154,PROD0026,2,0.0,11000.0,4600.0
ORD001155,PROD0023,3,0.15,6375.0,2475.0
ORD001155,PROD0026,1,0.15,4675.0,1475.0
ORD001155,PROD0011,2,0.0,24000.0,9000.0
ORD001155,PROD0016,1,0.15,5950.0,1750.0
ORD001156,PROD0012,2,0.05,34200.0,12200.0
ORD001156,PROD0014,1,0.15,23800.0,4800.0
ORD001156,PROD0022,1,0.05,855.0,405.0
ORD001157,PROD0012,1,0.0,18000.0,7000.0
ORD001157,PROD0021,1,0.0,1800.0,850.0
ORD001158,PROD0009,2,0.1,99000.0,15000.0
ORD001158,PROD0013,4,0.15,54400.0,14400.0
ORD001159,PROD0012,1,0.15,15300.0,4300.0
ORD001159,PROD0028,2,0.0,3600.0,1700.0
ORD001160,PROD0026,1,0.15,4675.0,1475.0
ORD001161,PROD0022,1,0.05,855.0,405.0
ORD001161,PROD0012,2,0.2,28800.0,6800.0
ORD001161,PROD0021,1,0.05,1710.0,760.0
ORD001162,PROD0013,3,0.1,43200.0,13200.0
ORD001163,PROD0005,1,0.15,3825.0,1125.0
ORD001164,PROD0016,1,0.0,7000.0,2800.0
ORD001164,PROD0012,4,0.1,64800.0,20800.0
ORD001165,PROD0006,2,0.15,3740.0,1340.0
ORD001166,PROD0026,2,0.0,11000.0,4600.0
ORD001167,PROD0021,1,0.2,1440.0,490.0
ORD001167,PROD0009,4,0.05,209000.0,41000.0
ORD001168,PROD0023,1,0.0,2500.0,1200.0
ORD001168,PROD0011,2,0.2,19200.0,4200.0
ORD001168,PROD0028,1,0.2,1440.0,490.0
ORD001168,PROD0018,1,0.15,552.5,222.5
ORD001169,PROD0006,1,0.05,2090.0,890.0
ORD001170,PROD0024,3,0.0,12600.0,6000.0
ORD001171,PROD0009,1,0.2,44000.0,2000.0
ORD001172,PROD0007,1,0.05,20900.0,5400.0
ORD001172,PROD0019,1,0.15,12750.0,2250.0
ORD001173,PROD0005,3,0.1,12150.0,4050.0
ORD001174,PROD0021,2,0.0,3600.0,1700.0
ORD001175,PROD0022,1,0.0,900.0,450.0
ORD001175,PROD0001,1,0.0,85000.0,17000.0
ORD001176,PROD0012,1,0.0,18000.0,7000.0
ORD001177,PROD0023,1,0.0,2500.0,1200.0
ORD001177,PROD0021,1,0.0,1800.0,850.0
ORD001178,PROD0004,1,0.0,1200.0,550.0
ORD001178,PROD0010,1,0.05,20900.0,4900.0
ORD001178,PROD0007,2,0.2,35200.0,4200.0
ORD001179,PROD0022,3,0.2,2160.0,810.0
ORD001179,PROD0008,1,0.2,12000.0,1500.0
ORD001180,PROD0011,1,0.15,10200.0,2700.0
ORD001180,PROD0007,2,0.0,44000.0,13000.0
ORD001181,PROD0008,2,0.1,27000.0,6000.0
ORD001182,PROD0028,1,0.0,1800.0,850.0
ORD001183,PROD0015,3,0.0,25500.0,10500.0
ORD001184,PROD0027,1,0.0,6500.0,2600.0
ORD001184,PROD0022,3,0.0,2700.0,1350.0
ORD001185,PROD0002,1,0.05,61750.0,10750.0
ORD001186,PROD0007,2,0.15,37400.0,6400.0
ORD001187,PROD0010,1,0.0,22000.0,6000.0
ORD001188,PROD0025,1,0.0,3500.0,1700.0
ORD001189,PROD0027,1,0.0,6500.0,2600.0
ORD001189,PROD0021,1,0.0,1800.0,850.0
ORD001190,PROD0010,1,0.0,22000.0,6000.0
ORD001191,PROD0022,1,0.05,855.0,405.0
ORD001192,PROD0025,1,0.0,3500.0,1700.0
ORD001192,PROD0014,1,0.0,28000.0,9000.0
ORD001193,PROD0007,1,0.0,22000.0,6500.0
ORD001194,PROD0027,1,0.0,6500.0,2600.0
ORD001195,PROD0027,1,0.05,6175.0,2275.0
ORD001195,PROD0016,2,0.2,11200.0,2800.0
ORD001196,PROD0006,1,0.0,2200.0,1000.0
ORD001196,PROD0025,1,0.05,3325.0,1525.0
ORD001196,PROD0014,1,0.0,28000.0,9000.0
ORD001197,PROD0017,4,0.15,1530.0,650.0
ORD001198,PROD0006,1,0.1,1980.0,780.0
ORD001199,PROD0014,1,0.2,22400.0,3400.0
ORD001199,PROD0019,1,0.0,15000.0,4500.0
ORD001199,PROD0008,2,0.0,30000.0,9000.0
ORD001200,PROD0020,1,0.05,22800.0,5800.0
ORD001200,PROD0011,4,0.0,48000.0,18000.0
ORD001200,PROD0003,1,0.15,89250.0,4250.0
ORD001201,PROD0020,3,0.1,64800.0,13800.0
ORD001202,PROD0027,1,0.15,5525.0,1625.0
ORD001203,PROD0014,1,0.2,22400.0,3400.0
ORD001203,PROD0015,1,0.0,8500.0,3500.0
ORD001204,PROD0007,1,0.2,17600.0,2100.0
ORD001204,PROD0009,1,0.1,49500.0,7500.0
ORD001204,PROD0026,1,0.0,5500.0,2300.0
ORD001205,PROD0012,3,0.0,54000.0,21000.0
ORD001206,PROD0021,1,0.0,1800.0,850.0
ORD001206,PROD0005,2,0.0,9000.0,3600.0
ORD001207,PROD0012,1,0.15,15300.0,4300.0
ORD001208,PROD0006,2,0.0,4400.0,2000.0
ORD001209,PROD0009,1,0.0,55000.0,13000.0
ORD001210,PROD0015,1,0.1,7650.0,2650.0
ORD001210,PROD0013,2,0.0,32000.0,12000.0
ORD001211,PROD0010,1,0.0,22000.0,6000.0
ORD001211,PROD0019,2,0.0,30000.0,9000.0
ORD001212,PROD0017,1,0.0,450.0,230.0
ORD001212,PROD0028,1,0.1,1620.0,670.0
ORD001212,PROD0023,1,0.2,2000.0,700.0
ORD001213,PROD0002,2,0.2,104000.0,2000.0
ORD001214,PROD0019,1,0.0,15000.0,4500.0
ORD001215,PROD0004,1,0.0,1200.0,550.0
ORD001215,PROD0011,2,0.0,24000.0,9000.0
ORD001216,PROD0015,1,0.2,6800.0,1800.0
ORD001216,PROD0020,4,0.2,76800.0,8800.0
ORD001216,PROD0005,1,0.05,4275.0,1575.0
ORD001217,PROD0006,1,0.2,1760.0,560.0
ORD001218,PROD0022,2,0.15,1530.0,630.0
ORD001219,PROD0017,1,0.2,360.0,140.0
ORD001220,PROD0006,2,0.0,4400.0,2000.0
ORD001220,PROD0004,1,0.0,1200.0,550.0
ORD001221,PROD0015,2,0.05,16150.0,6150.0
ORD001221,PROD0007,2,0.0,44000.0,13000.0
ORD001222,PROD0012,2,0.15,30600.0,8600.0
ORD001222,PROD0005,1,0.0,4500.0,1800.0
ORD001223,PROD0010,1,0.1,19800.0,3800.0
ORD001224,PROD0027,1,0.2,5200.0,1300.0
ORD001224,PROD0024,1,0.0,4200.0,2000.0
ORD001225,PROD0002,1,0.0,65000.0,14000.0
ORD001226,PROD0025,2,0.15,5950.0,2350.0
ORD001227,PROD0008,1,0.1,13500.0,3000.0
ORD001227,PROD0018,1,0.0,650.0,320.0
ORD001228,PROD0010,1,0.0,22000.0,6000.0
ORD001228,PROD0021,1,0.0,1800.0,850.0
ORD001229,PROD0015,2,0.0,17000.0,7000.0
ORD001230,PROD0025,1,0.0,3500.0,1700.0
ORD001231,PROD0024,1,0.05,3990.0,1790.0
ORD001231,PROD0026,2,0.05,10450.0,4050.0
ORD001232,PROD0010,1,0.15,18700.0,2700.0
ORD001232,PROD0021,2,0.0,3600.0,1700.0
ORD001233,PROD0018,1,0.0,650.0,320.0
ORD001233,PROD0017,3,0.2,1080.0,420.0
ORD001234,PROD0005,1,0.0,4500.0,1800.0
ORD001235,PROD0025,1,0.0,3500.0,1700.0
ORD001236,PROD0013,1,0.1,14400.0,4400.0
ORD001237,PROD0005,1,0.0,4500.0,1800.0
ORD001238,PROD0018,1,0.2,520.0,190.0
ORD001239,PROD0002,2,0.15,110500.0,8500.0
ORD001240,PROD0024,1,0.2,3360.0,1160.0
ORD001241,PROD0017,2,0.15,765.0,325.0
ORD001241,PROD0004,1,0.05,1140.0,490.0
ORD001242,PROD0008,2,0.15,25500.0,4500.0
ORD001242,PROD0018,2,0.15,1105.0,445.0
ORD001243,PROD0016,1,0.0,7000.0,2800.0
ORD001243,PROD0008,1,0.1,13500.0,3000.0
ORD001243,PROD0024,2,0.0,8400.0,4000.0
ORD001244,PROD0014,1,0.0,28000.0,9000.0
ORD001244,PROD0016,1,0.0,7000.0,2800.0
ORD001245,PROD0023,2,0.2,4000.0,1400.0
ORD001246,PROD0016,3,0.05,19950.0,7350.0
ORD001247,PROD0008,1,0.0,15000.0,4500.0
ORD001248,PROD0001,2,0.2,136000.0,0.0
ORD001248,PROD0026,2,0.0,11000.0,4600.0
ORD001248,PROD0021,1,0.05,1710.0,760.0
ORD001249,PROD0012,1,0.0,18000.0,7000.0
ORD001250,PROD0019,2,0.2,24000.0,3000.0
ORD001250,PROD0025,2,0.0,7000.0,3400.0
ORD001250,PROD0003,1,0.0,105000.0,20000.0
ORD001251,PROD0016,1,0.05,6650.0,2450.0
ORD001252,PROD0013,3,0.1,43200.0,13200.0
ORD001253,PROD0014,1,0.0,28000.0,9000.0
ORD001254,PROD0024,2,0.0,8400.0,4000.0
ORD001255,PROD0022,1,0.2,720.0,270.0
ORD001255,PROD0017,1,0.05,427.5,207.5
ORD001256,PROD0012,1,0.0,18000.0,7000.0
ORD001257,PROD0025,1,0.2,2800.0,1000.0
ORD001257,PROD0027,1,0.0,6500.0,2600.0
ORD001258,PROD0012,1,0.0,18000.0,7000.0
ORD001258,PROD0016,1,0.2,5600.0,1400.0
ORD001258,PROD0007,1,0.15,18700.0,3200.0
ORD001259,PROD0002,1,0.0,65000.0,14000.0
ORD001260,PROD0021,4,0.2,5760.0,1960.0
ORD001261,PROD0022,1,0.2,720.0,270.0
ORD001261,PROD0013,1,0.05,15200.0,5200.0
ORD001261,PROD0003,1,0.05,99750.0,14750.0
ORD001262,PROD0007,1,0.15,18700.0,3200.0
ORD001263,PROD0026,1,0.2,4400.0,1200.0
ORD001264,PROD0010,1,0.15,18700.0,2700.0
ORD001265,PROD0006,1,0.0,2200.0,1000.0
ORD001266,PROD0013,5,0.15,68000.0,18000.0
ORD001267,PROD0014,1,0.0,28000.0,9000.0
ORD001268,PROD0013,1,0.1,14400.0,4400.0
ORD001268,PROD0011,1,0.1,10800.0,3300.0
ORD001269,PROD0001,2,0.2,136000.0,0.0
ORD001269,PROD0007,4,0.0,88000.0,26000.0
ORD001269,PROD0013,1,0.1,14400.0,4400.0
ORD001270,PROD0022,2,0.15,1530.0,630.0
ORD001271,PROD0024,1,0.2,3360.0,1160.0
ORD001272,PROD0012,2,0.0,36000.0,14000.0
ORD001273,PROD0005,4,0.1,16200.0,5400.0
ORD001273,PROD0025,1,0.15,2975.0,1175.0
ORD001274,PROD0002,1,0.1,58500.0,7500.0
ORD001275,PROD0003,1,0.0,105000.0,20000.0
ORD001276,PROD0024,4,0.0,16800.0,8000.0
ORD001277,PROD0003,1,0.0,105000.0,20000.0
ORD001277,PROD0018,1,0.0,650.0,320.0
ORD001278,PROD0017,1,0.0,450.0,230.0
ORD001279,PROD0015,2,0.2,13600.0,3600.0
ORD001280,PROD0013,3,0.0,48000.0,18000.0
ORD001280,PROD0021,2,0.1,3240.0,1340.0
ORD001280,PROD0002,2,0.2,104000.0,2000.0
ORD001280,PROD0028,3,0.1,4860.0,2010.0
ORD001281,PROD0027,1,0.0,6500.0,2600.0
ORD001281,PROD0019,2,0.05,28500.0,7500.0
ORD001282,PROD0002,1,0.2,52000.0,1000.0
ORD001282,PROD0011,1,0.05,11400.0,3900.0
ORD001283,PROD0009,1,0.05,52250.0,10250.0
ORD001284,PROD0014,1,0.0,28000.0,9000.0
ORD001284,PROD0012,2,0.1,32400.0,10400.0
ORD001285,PROD0001,1,0.0,85000.0,17000.0
ORD001285,PROD0014,2,0.15,47600.0,9600.0
ORD001286,PROD0028,1,0.0,1800.0,850.0
ORD001286,PROD0023,1,0.05,2375.0,1075.0
ORD001286,PROD0011,1,0.0,12000.0,4500.0
ORD001287,PROD0015,5,0.0,42500.0,17500.0
ORD001288,PROD0015,1,0.2,6800.0,1800.0
ORD001288,PROD0027,2,0.0,13000.0,5200.0
ORD001289,PROD0010,2,0.0,44000.0,12000.0
ORD001290,PROD0018,1,0.0,650.0,320.0
ORD001291,PROD0007,3,0.15,56100.0,9600.0
ORD001291,PROD0017,2,0.1,810.0,370.0
ORD001292,PROD0002,4,0.0,260000.0,56000.0
ORD001292,PROD0013,2,0.0,32000.0,12000.0
ORD001292,PROD0017,2,0.15,765.0,325.0
ORD001293,PROD0016,1,0.05,6650.0,2450.0
ORD001293,PROD0003,1,0.2,84000.0,-1000.0
ORD001294,PROD0006,1,0.2,1760.0,560.0
ORD001294,PROD0004,5,0.0,6000.0,2750.0
ORD001295,PROD0004,3,0.0,3600.0,1650.0
ORD001296,PROD0020,3,0.0,72000.0,21000.0
ORD001297,PROD0002,2,0.0,130000.0,28000.0
ORD001298,PROD0020,3,0.0,72000.0,21000.0
ORD001299,PROD0006,2,0.15,3740.0,1340.0
ORD001300,PROD0017,2,0.1,810.0,370.0
ORD001301,PROD0023,1,0.2,2000.0,700.0
ORD001302,PROD0022,1,0.2,720.0,270.0
ORD001302,PROD0020,1,0.05,22800.0,5800.0
ORD001302,PROD0019,3,0.15,38250.0,6750.0
ORD001303,PROD0021,1,0.0,1800.0,850.0
ORD001304,PROD0011,1,0.0,12000.0,4500.0
ORD001304,PROD0004,1,0.1,1080.0,430.0
ORD001305,PROD0006,2,0.0,4400.0,2000.0
ORD001305,PROD0011,2,0.2,19200.0,4200.0
ORD001306,PROD0027,1,0.0,6500.0,2600.0
ORD001306,PROD0009,3,0.0,165000.0,39000.0
ORD001306,PROD0016,3,0.0,21000.0,8400.0
ORD001306,PROD0028,2,0.05,3420.0,1520.0
ORD001307,PROD0004,1,0.0,1200.0,550.0
ORD001307,PROD0023,2,0.0,5000.0,2400.0
ORD001308,PROD0004,3,0.15,3060.0,1110.0
ORD001309,PROD0009,1,0.0,55000.0,13000.0
ORD001309,PROD0011,1,0.2,9600.0,2100.0
ORD001310,PROD0008,1,0.2,12000.0,1500.0
ORD001311,PROD0020,1,0.15,20400.0,3400.0
ORD001311,PROD0013,1,0.1,14400.0,4400.0
ORD001312,PROD0019,1,0.15,12750.0,2250.0
ORD001313,PROD0026,2,0.05,10450.0,4050.0
ORD001314,PROD0009,3,0.0,165000.0,39000.0
ORD001315,PROD0024,2,0.0,8400.0,4000.0
ORD001315,PROD0020,2,0.05,45600.0,11600.0
ORD001316,PROD0025,3,0.0,10500.0,5100.0
ORD001317,PROD0025,1,0.1,3150.0,1350.0
ORD001317,PROD0003,1,0.0,105000.0,20000.0
ORD001318,PROD0020,1,0.05,22800.0,5800.0
ORD001319,PROD0016,2,0.0,14000.0,5600.0
ORD001320,PROD0008,2,0.0,30000.0,9000.0
ORD001321,PROD0006,1,0.0,2200.0,1000.0
ORD001321,PROD0010,2,0.15,37400.0,5400.0
ORD001322,PROD0009,2,0.2,88000.0,4000.0
ORD001322,PROD0004,3,0.0,3600.0,1650.0
ORD001322,PROD0023,3,0.0,7500.0,3600.0
ORD001323,PROD0008,1,0.0,15000.0,4500.0
ORD001324,PROD0010,3,0.0,66000.0,18000.0
ORD001325,PROD0004,1,0.0,1200.0,550.0
ORD001325,PROD0021,1,0.2,1440.0,490.0
ORD001325,PROD0026,4,0.2,17600.0,4800.0
ORD001326,PROD0005,1,0.0,4500.0,1800.0
ORD001326,PROD0022,1,0.2,720.0,270.0
ORD001326,PROD0001,2,0.0,170000.0,34000.0
ORD001327,PROD0010,1,0.15,18700.0,2700.0
ORD001327,PROD0015,3,0.0,25500.0,10500.0
ORD001328,PROD0024,1,0.15,3570.0,1370.0
ORD001329,PROD0011,1,0.0,12000.0,4500.0
ORD001330,PROD0026,2,0.0,11000.0,4600.0
ORD001331,PROD0012,1,0.1,16200.0,5200.0
ORD001332,PROD0003,1,0.0,105000.0,20000.0
ORD001332,PROD0007,1,0.15,18700.0,3200.0
ORD001333,PROD0027,1,0.0,6500.0,2600.0
ORD001334,PROD0020,1,0.2,19200.0,2200.0
ORD001334,PROD0002,1,0.2,52000.0,1000.0
ORD001335,PROD0027,2,0.0,13000.0,5200.0
ORD001336,PROD0011,1,0.0,12000.0,4500.0
ORD001336,PROD0013,1,0.1,14400.0,4400.0
ORD001337,PROD0006,2,0.0,4400.0,2000.0
ORD001337,PROD0002,1,0.05,61750.0,10750.0
ORD001338,PROD0014,2,0.05,53200.0,15200.0
ORD001338,PROD0019,2,0.2,24000.0,3000.0
ORD001339,PROD0012,1,0.1,16200.0,5200.0
ORD001340,PROD0019,1,0.2,12000.0,1500.0
ORD001341,PROD0027,1,0.2,5200.0,1300.0
ORD001342,PROD0022,1,0.1,810.0,360.0
ORD001343,PROD0026,1,0.15,4675.0,1475.0
ORD001343,PROD0010,2,0.0,44000.0,12000.0
ORD001344,PROD0013,1,0.0,16000.0,6000.0
ORD001345,PROD0007,1,0.0,22000.0,6500.0
ORD001346,PROD0010,2,0.1,39600.0,7600.0
ORD001347,PROD0008,1,0.0,15000.0,4500.0
ORD001347,PROD0009,1,0.15,46750.0,4750.0
ORD001348,PROD0014,3,0.0,84000.0,27000.0
ORD001349,PROD0017,2,0.0,900.0,460.0
ORD001349,PROD0014,3,0.0,84000.0,27000.0
ORD001350,PROD0024,2,0.05,7980.0,3580.0
ORD001351,PROD0005,1,0.05,4275.0,1575.0
ORD001351,PROD0018,1,0.0,650.0,320.0
ORD001351,PROD0011,3,0.0,36000.0,13500.0
ORD001352,PROD0012,4,0.2,57600.0,13600.0
ORD001352,PROD0006,2,0.1,3960.0,1560.0
ORD001353,PROD0012,1,0.05,17100.0,6100.0
ORD001353,PROD0020,3,0.2,57600.0,6600.0
ORD001354,PROD0019,1,0.1,13500.0,3000.0
ORD001355,PROD0014,1,0.1,25200.0,6200.0
ORD001355,PROD0010,1,0.2,17600.0,1600.0
ORD001355,PROD0011,1,0.0,12000.0,4500.0
ORD001356,PROD0015,1,0.1,7650.0,2650.0
ORD001357,PROD0001,1,0.1,76500.0,8500.0
ORD001358,PROD0011,1,0.1,10800.0,3300.0
ORD001358,PROD0009,4,0.0,220000.0,52000.0
ORD001359,PROD0010,2,0.15,37400.0,5400.0
ORD001359,PROD0024,1,0.05,3990.0,1790.0
ORD001359,PROD0020,1,0.1,21600.0,4600.0
ORD001360,PROD0019,1,0.0,15000.0,4500.0
ORD001361,PROD0004,1,0.2,960.0,310.0
ORD001362,PROD0001,2,0.0,170000.0,34000.0
ORD001362,PROD0028,3,0.1,4860.0,2010.0
ORD001362,PROD0014,1,0.0,28000.0,9000.0
ORD001363,PROD0025,1,0.1,3150.0,1350.0
ORD001364,PROD0023,4,0.05,9500.0,4300.0
ORD001365,PROD0013,1,0.0,16000.0,6000.0
ORD001366,PROD0024,1,0.15,3570.0,1370.0
ORD001367,PROD0018,2,0.05,1235.0,575.0
ORD001368,PROD0022,1,0.0,900.0,450.0
ORD001368,PROD0004,1,0.15,1020.0,370.0
ORD001368,PROD0013,2,0.0,32000.0,12000.0
ORD001369,PROD0007,4,0.0,88000.0,26000.0
ORD001370,PROD0021,2,0.0,3600.0,1700.0
ORD001370,PROD0014,1,0.0,28000.0,9000.0
ORD001371,PROD0001,2,0.2,136000.0,0.0
ORD001372,PROD0028,2,0.2,2880.0,980.0
ORD001373,PROD0016,1,0.2,5600.0,1400.0
ORD001373,PROD0011,2,0.0,24000.0,9000.0
ORD001373,PROD0010,3,0.2,52800.0,4800.0
ORD001374,PROD0003,3,0.1,283500.0,28500.0
ORD001374,PROD0016,2,0.0,14000.0,5600.0
ORD001375,PROD0004,4,0.2,3840.0,1240.0
ORD001375,PROD0010,1,0.0,22000.0,6000.0
ORD001376,PROD0022,1,0.15,765.0,315.0
ORD001376,PROD0028,5,0.05,8550.0,3800.0
ORD001376,PROD0008,2,0.2,24000.0,3000.0
ORD001376,PROD0018,1,0.2,520.0,190.0
ORD001377,PROD0026,1,0.05,5225.0,2025.0
ORD001378,PROD0008,2,0.1,27000.0,6000.0
ORD001378,PROD0017,1,0.15,382.5,162.5
ORD001379,PROD0018,3,0.15,1657.5,667.5
ORD001380,PROD0011,1,0.0,12000.0,4500.0
ORD001381,PROD0027,1,0.2,5200.0,1300.0
ORD001382,PROD0025,1,0.1,3150.0,1350.0
ORD001383,PROD0020,1,0.2,19200.0,2200.0
ORD001383,PROD0011,2,0.0,24000.0,9000.0
ORD001384,PROD0010,2,0.1,39600.0,7600.0
ORD001385,PROD0005,1,0.0,4500.0,1800.0
ORD001385,PROD0028,1,0.2,1440.0,490.0
ORD001385,PROD0023,1,0.0,2500.0,1200.0
ORD001386,PROD0014,1,0.0,28000.0,9000.0
ORD001387,PROD0007,1,0.0,22000.0,6500.0
ORD001387,PROD0009,1,0.1,49500.0,7500.0
ORD001388,PROD0017,2,0.05,855.0,415.0
ORD001389,PROD0023,1,0.1,2250.0,950.0
ORD001389,PROD0008,1,0.0,15000.0,4500.0
ORD001390,PROD0012,1,0.05,17100.0,6100.0
ORD001391,PROD0023,3,0.0,7500.0,3600.0
ORD001392,PROD0008,3,0.05,42750.0,11250.0
ORD001393,PROD0028,1,0.05,1710.0,760.0
ORD001394,PROD0006,3,0.05,6270.0,2670.0
ORD001394,PROD0022,1,0.05,855.0,405.0
ORD001394,PROD0014,1,0.0,28000.0,9000.0
ORD001395,PROD0017,3,0.1,1215.0,555.0
ORD001395,PROD0020,3,0.1,64800.0,13800.0
ORD001396,PROD0016,1,0.05,6650.0,2450.0
ORD001397,PROD0028,1,0.0,1800.0,850.0
ORD001397,PROD0012,2,0.0,36000.0,14000.0
ORD001397,PROD0020,3,0.15,61200.0,10200.0
ORD001398,PROD0019,1,0.0,15000.0,4500.0
ORD001399,PROD0015,2,0.2,13600.0,3600.0
ORD001400,PROD0025,1,0.05,3325.0,1525.0
ORD001400,PROD0026,1,0.05,5225.0,2025.0
ORD001400,PROD0008,1,0.0,15000.0,4500.0
ORD001401,PROD0001,1,0.0,85000.0,17000.0
ORD001401,PROD0028,1,0.1,1620.0,670.0
ORD001401,PROD0016,1,0.0,7000.0,2800.0
ORD001402,PROD0003,1,0.05,99750.0,14750.0
ORD001403,PROD0021,1,0.1,1620.0,670.0
ORD001403,PROD0025,2,0.2,5600.0,2000.0
ORD001404,PROD0023,1,0.2,2000.0,700.0
ORD001405,PROD0002,2,0.0,130000.0,28000.0
ORD001406,PROD0024,1,0.0,4200.0,2000.0
ORD001407,PROD0024,1,0.1,3780.0,1580.0
ORD001407,PROD0009,5,0.2,220000.0,10000.0
ORD001408,PROD0022,1,0.0,900.0,450.0
ORD001409,PROD0006,3,0.2,5280.0,1680.0
ORD001410,PROD0014,2,0.15,47600.0,9600.0
ORD001410,PROD0002,2,0.2,104000.0,2000.0
ORD001411,PROD0009,3,0.1,148500.0,22500.0
ORD001411,PROD0015,2,0.0,17000.0,7000.0
ORD001411,PROD0001,1,0.0,85000.0,17000.0
ORD001412,PROD0019,2,0.2,24000.0,3000.0
ORD001412,PROD0025,1,0.0,3500.0,1700.0
ORD001413,PROD0025,1,0.1,3150.0,1350.0
ORD001413,PROD0020,2,0.2,38400.0,4400.0
ORD001414,PROD0003,1,0.0,105000.0,20000.0
ORD001415,PROD0011,1,0.05,11400.0,3900.0
ORD001415,PROD0017,2,0.0,900.0,460.0
ORD001416,PROD0003,1,0.0,105000.0,20000.0
ORD001417,PROD0014,4,0.1,100800.0,24800.0
ORD001418,PROD0021,1,0.15,1530.0,580.0
ORD001418,PROD0014,1,0.15,23800.0,4800.0
ORD001419,PROD0019,1,0.15,12750.0,2250.0
ORD001420,PROD0026,1,0.0,5500.0,2300.0
ORD001420,PROD0027,2,0.0,13000.0,5200.0
ORD001421,PROD0023,1,0.0,2500.0,1200.0
ORD001421,PROD0005,4,0.1,16200.0,5400.0
ORD001422,PROD0017,2,0.0,900.0,460.0
ORD001423,PROD0006,2,0.15,3740.0,1340.0
ORD001424,PROD0024,1,0.15,3570.0,1370.0
ORD001425,PROD0014,3,0.2,67200.0,10200.0
ORD001426,PROD0009,3,0.15,140250.0,14250.0
ORD001427,PROD0018,1,0.0,650.0,320.0
ORD001428,PROD0002,1,0.0,65000.0,14000.0
ORD001429,PROD0018,1,0.0,650.0,320.0
ORD001429,PROD0013,1,0.0,16000.0,6000.0
ORD001429,PROD0002,1,0.1,58500.0,7500.0
ORD001430,PROD0009,2,0.1,99000.0,15000.0
ORD001430,PROD0015,1,0.0,8500.0,3500.0
ORD001431,PROD0028,1,0.0,1800.0,850.0
ORD001432,PROD0011,2,0.0,24000.0,9000.0
ORD001433,PROD0024,3,0.0,12600.0,6000.0
ORD001434,PROD0008,1,0.0,15000.0,4500.0
ORD001434,PROD0026,3,0.0,16500.0,6900.0
ORD001434,PROD0017,1,0.15,382.5,162.5
ORD001435,PROD0025,1,0.0,3500.0,1700.0
ORD001435,PROD0028,4,0.2,5760.0,1960.0
ORD001436,PROD0010,1,0.0,22000.0,6000.0
ORD001437,PROD0012,2,0.0,36000.0,14000.0
ORD001437,PROD0003,1,0.1,94500.0,9500.0
ORD001437,PROD0017,1,0.0,450.0,230.0
ORD001438,PROD0014,1,0.0,28000.0,9000.0
ORD001438,PROD0025,1,0.1,3150.0,1350.0
ORD001438,PROD0011,4,0.2,38400.0,8400.0
ORD001439,PROD0021,1,0.0,1800.0,850.0
ORD001440,PROD0020,1,0.1,21600.0,4600.0
ORD001441,PROD0002,2,0.0,130000.0,28000.0
ORD001441,PROD0026,2,0.15,9350.0,2950.0
ORD001442,PROD0003,4,0.1,378000.0,38000.0
ORD001442,PROD0006,4,0.0,8800.0,4000.0
ORD001443,PROD0017,3,0.2,1080.0,420.0
ORD001444,PROD0015,1,0.1,7650.0,2650.0
ORD001445,PROD0018,1,0.2,520.0,190.0
ORD001446,PROD0008,1,0.2,12000.0,1500.0
ORD001447,PROD0003,2,0.15,178500.0,8500.0
ORD001447,PROD0018,1,0.0,650.0,320.0
ORD001447,PROD0023,4,0.0,10000.0,4800.0
ORD001448,PROD0028,1,0.0,1800.0,850.0
ORD001448,PROD0013,2,0.2,25600.0,5600.0
ORD001449,PROD0006,1,0.1,1980.0,780.0
ORD001450,PROD0019,3,0.2,36000.0,4500.0
ORD001450,PROD0015,3,0.2,20400.0,5400.0
ORD001450,PROD0024,2,0.0,8400.0,4000.0
ORD001451,PROD0017,1,0.05,427.5,207.5
ORD001452,PROD0010,1,0.0,22000.0,6000.0
ORD001452,PROD0003,1,0.0,105000.0,20000.0
ORD001452,PROD0024,3,0.0,12600.0,6000.0
ORD001453,PROD0028,1,0.0,1800.0,850.0
ORD001454,PROD0002,1,0.2,52000.0,1000.0
ORD001455,PROD0001,1,0.1,76500.0,8500.0
ORD001456,PROD0023,1,0.0,2500.0,1200.0
ORD001457,PROD0024,1,0.1,3780.0,1580.0
ORD001457,PROD0014,1,0.2,22400.0,3400.0
ORD001458,PROD0015,1,0.2,6800.0,1800.0
ORD001459,PROD0008,3,0.0,45000.0,13500.0
ORD001459,PROD0024,5,0.0,21000.0,10000.0
ORD001460,PROD0018,2,0.0,1300.0,640.0
ORD001461,PROD0004,1,0.1,1080.0,430.0
ORD001461,PROD0005,3,0.1,12150.0,4050.0
ORD001462,PROD0005,1,0.0,4500.0,1800.0
ORD001463,PROD0020,3,0.0,72000.0,21000.0
ORD001463,PROD0024,1,0.0,4200.0,2000.0
ORD001464,PROD0024,1,0.1,3780.0,1580.0
ORD001464,PROD0013,1,0.0,16000.0,6000.0
ORD001464,PROD0021,3,0.2,4320.0,1470.0
ORD001465,PROD0024,2,0.0,8400.0,4000.0
ORD001465,PROD0017,2,0.0,900.0,460.0
ORD001466,PROD0004,1,0.05,1140.0,490.0
ORD001466,PROD0013,3,0.0,48000.0,18000.0
ORD001467,PROD0003,2,0.05,199500.0,29500.0
ORD001468,PROD0021,1,0.15,1530.0,580.0
ORD001469,PROD0027,2,0.05,12350.0,4550.0
ORD001469,PROD0020,4,0.0,96000.0,28000.0
ORD001470,PROD0021,1,0.1,1620.0,670.0
ORD001471,PROD0023,2,0.0,5000.0,2400.0
ORD001471,PROD0003,1,0.0,105000.0,20000.0
ORD001472,PROD0026,2,0.15,9350.0,2950.0
ORD001473,PROD0005,2,0.1,8100.0,2700.0
ORD001474,PROD0002,1,0.0,65000.0,14000.0
ORD001474,PROD0023,1,0.15,2125.0,825.0
ORD001475,PROD0028,2,0.1,3240.0,1340.0
ORD001475,PROD0009,1,0.0,55000.0,13000.0
ORD001476,PROD0007,2,0.0,44000.0,13000.0
ORD001477,PROD0012,1,0.0,18000.0,7000.0
ORD001478,PROD0023,3,0.0,7500.0,3600.0
ORD001479,PROD0017,2,0.15,765.0,325.0
ORD001479,PROD0026,4,0.15,18700.0,5900.0
ORD001480,PROD0013,1,0.0,16000.0,6000.0
ORD001480,PROD0001,2,0.0,170000.0,34000.0
ORD001480,PROD0026,2,0.2,8800.0,2400.0
ORD001481,PROD0001,1,0.0,85000.0,17000.0
ORD001482,PROD0016,1,0.2,5600.0,1400.0
ORD001482,PROD0009,1,0.1,49500.0,7500.0
ORD001483,PROD0002,1,0.2,52000.0,1000.0
ORD001483,PROD0023,1,0.1,2250.0,950.0
ORD001483,PROD0019,4,0.1,54000.0,12000.0
ORD001484,PROD0014,1,0.15,23800.0,4800.0
ORD001485,PROD0002,1,0.05,61750.0,10750.0
ORD001486,PROD0027,1,0.2,5200.0,1300.0
ORD001487,PROD0017,2,0.1,810.0,370.0
ORD001488,PROD0017,1,0.05,427.5,207.5
ORD001489,PROD0023,5,0.1,11250.0,4750.0
ORD001490,PROD0008,1,0.15,12750.0,2250.0
ORD001490,PROD0003,4,0.05,399000.0,59000.0
ORD001491,PROD0005,2,0.0,9000.0,3600.0
ORD001491,PROD0027,5,0.2,26000.0,6500.0
ORD001492,PROD0007,1,0.0,22000.0,6500.0
ORD001492,PROD0018,1,0.1,585.0,255.0
ORD001493,PROD0025,1,0.0,3500.0,1700.0
ORD001494,PROD0020,1,0.0,24000.0,7000.0
ORD001494,PROD0001,1,0.0,85000.0,17000.0
ORD001495,PROD0024,3,0.1,11340.0,4740.0
ORD001495,PROD0009,2,0.2,88000.0,4000.0
ORD001496,PROD0008,2,0.15,25500.0,4500.0
ORD001497,PROD0010,2,0.2,35200.0,3200.0
ORD001497,PROD0003,1,0.05,99750.0,14750.0
ORD001498,PROD0024,4,0.0,16800.0,8000.0
ORD001498,PROD0002,1,0.0,65000.0,14000.0
ORD001499,PROD0019,3,0.15,38250.0,6750.0
ORD001499,PROD0012,1,0.0,18000.0,7000.0
ORD001500,PROD0027,1,0.0,6500.0,2600.0
ORD001500,PROD0019,1,0.15,12750.0,2250.0
ORD001501,PROD0001,3,0.0,255000.0,51000.0
ORD001502,PROD0025,3,0.1,9450.0,4050.0
ORD001502,PROD0017,2,0.05,855.0,415.0
ORD001502,PROD0013,3,0.0,48000.0,18000.0
ORD001503,PROD0022,1,0.0,900.0,450.0
ORD001504,PROD0022,4,0.1,3240.0,1440.0
ORD001505,PROD0028,1,0.0,1800.0,850.0
ORD001505,PROD0006,2,0.0,4400.0,2000.0
ORD001506,PROD0004,1,0.0,1200.0,550.0
ORD001506,PROD0017,1,0.0,450.0,230.0
ORD001507,PROD0017,1,0.05,427.5,207.5
ORD001508,PROD0010,2,0.2,35200.0,3200.0
ORD001509,PROD0014,2,0.1,50400.0,12400.0
ORD001510,PROD0013,1,0.2,12800.0,2800.0
ORD001511,PROD0016,2,0.1,12600.0,4200.0
ORD001511,PROD0009,1,0.1,49500.0,7500.0
ORD001512,PROD0005,1,0.0,4500.0,1800.0
ORD001513,PROD0003,1,0.0,105000.0,20000.0
ORD001513,PROD0016,2,0.15,11900.0,3500.0
ORD001514,PROD0021,1,0.1,1620.0,670.0
ORD001515,PROD0016,1,0.05,6650.0,2450.0
ORD001515,PROD0009,4,0.0,220000.0,52000.0
ORD001516,PROD0003,1,0.1,94500.0,9500.0
ORD001516,PROD0023,1,0.0,2500.0,1200.0
ORD001516,PROD0021,1,0.0,1800.0,850.0
ORD001517,PROD0027,2,0.2,10400.0,2600.0
ORD001517,PROD0024,2,0.05,7980.0,3580.0
ORD001518,PROD0011,1,0.1,10800.0,3300.0
ORD001519,PROD0026,1,0.2,4400.0,1200.0
ORD001520,PROD0021,1,0.0,1800.0,850.0
ORD001521,PROD0015,2,0.0,17000.0,7000.0
ORD001521,PROD0017,4,0.0,1800.0,920.0
ORD001522,PROD0002,1,0.1,58500.0,7500.0
ORD001522,PROD0019,3,0.0,45000.0,13500.0
ORD001522,PROD0007,3,0.05,62700.0,16200.0
ORD001523,PROD0027,1,0.15,5525.0,1625.0
ORD001523,PROD0002,1,0.05,61750.0,10750.0
ORD001524,PROD0005,4,0.0,18000.0,7200.0
ORD001524,PROD0006,1,0.0,2200.0,1000.0
ORD001525,PROD0026,1,0.2,4400.0,1200.0
ORD001525,PROD0024,2,0.0,8400.0,4000.0
ORD001526,PROD0014,2,0.1,50400.0,12400.0
ORD001527,PROD0025,1,0.15,2975.0,1175.0
ORD001527,PROD0009,1,0.0,55000.0,13000.0
ORD001528,PROD0028,4,0.0,7200.0,3400.0
ORD001528,PROD0017,1,0.0,450.0,230.0
ORD001529,PROD0010,2,0.0,44000.0,12000.0
ORD001530,PROD0011,1,0.15,10200.0,2700.0
ORD001530,PROD0028,1,0.2,1440.0,490.0
ORD001531,PROD0013,1,0.0,16000.0,6000.0
ORD001531,PROD0024,1,0.0,4200.0,2000.0
ORD001531,PROD0016,1,0.0,7000.0,2800.0
ORD001532,PROD0019,1,0.05,14250.0,3750.0
ORD001533,PROD0014,1,0.0,28000.0,9000.0
ORD001534,PROD0027,2,0.05,12350.0,4550.0
ORD001534,PROD0013,1,0.15,13600.0,3600.0
ORD001534,PROD0021,1,0.0,1800.0,850.0
ORD001535,PROD0023,3,0.0,7500.0,3600.0
ORD001536,PROD0003,2,0.0,210000.0,40000.0
ORD001536,PROD0004,2,0.2,1920.0,620.0
ORD001537,PROD0014,4,0.0,112000.0,36000.0
ORD001537,PROD0015,3,0.0,25500.0,10500.0
ORD001537,PROD0024,2,0.0,8400.0,4000.0
ORD001537,PROD0021,5,0.0,9000.0,4250.0
ORD001538,PROD0024,2,0.15,7140.0,2740.0
ORD001538,PROD0028,1,0.0,1800.0,850.0
ORD001538,PROD0026,3,0.15,14025.0,4425.0
ORD001539,PROD0011,3,0.1,32400.0,9900.0
ORD001540,PROD0006,1,0.05,2090.0,890.0
ORD001541,PROD0020,1,0.05,22800.0,5800.0
ORD001542,PROD0009,2,0.0,110000.0,26000.0
ORD001542,PROD0010,1,0.1,19800.0,3800.0
ORD001543,PROD0001,1,0.0,85000.0,17000.0
ORD001543,PROD0027,1,0.2,5200.0,1300.0
ORD001544,PROD0023,2,0.0,5000.0,2400.0
ORD001544,PROD0019,1,0.0,15000.0,4500.0
ORD001544,PROD0004,1,0.0,1200.0,550.0
ORD001545,PROD0023,1,0.2,2000.0,700.0
ORD001545,PROD0009,1,0.2,44000.0,2000.0
ORD001546,PROD0007,2,0.05,41800.0,10800.0
ORD001547,PROD0020,1,0.15,20400.0,3400.0
ORD001547,PROD0018,2,0.1,1170.0,510.0
ORD001547,PROD0006,2,0.0,4400.0,2000.0
ORD001548,PROD0016,1,0.05,6650.0,2450.0
ORD001548,PROD0009,1,0.2,44000.0,2000.0
ORD001549,PROD0002,1,0.0,65000.0,14000.0
ORD001550,PROD0024,2,0.15,7140.0,2740.0
ORD001551,PROD0007,3,0.0,66000.0,19500.0
ORD001551,PROD0021,5,0.05,8550.0,3800.0
ORD001552,PROD0022,1,0.0,900.0,450.0
ORD001553,PROD0026,4,0.15,18700.0,5900.0
ORD001553,PROD0019,1,0.1,13500.0,3000.0
ORD001553,PROD0006,1,0.1,1980.0,780.0
ORD001554,PROD0002,4,0.15,221000.0,17000.0
ORD001554,PROD0016,1,0.2,5600.0,1400.0
ORD001554,PROD0013,1,0.0,16000.0,6000.0
ORD001555,PROD0015,1,0.0,8500.0,3500.0
ORD001556,PROD0004,2,0.05,2280.0,980.0
ORD001556,PROD0011,1,0.0,12000.0,4500.0
ORD001557,PROD0020,1,0.0,24000.0,7000.0
ORD001557,PROD0009,3,0.15,140250.0,14250.0
ORD001558,PROD0018,1,0.0,650.0,320.0
ORD001559,PROD0012,1,0.1,16200.0,5200.0
ORD001560,PROD0009,1,0.0,55000.0,13000.0
ORD001561,PROD0024,2,0.0,8400.0,4000.0
ORD001562,PROD0018,1,0.15,552.5,222.5
ORD001563,PROD0007,2,0.0,44000.0,13000.0
ORD001564,PROD0028,1,0.0,1800.0,850.0
ORD001565,PROD0012,3,0.15,45900.0,12900.0
ORD001565,PROD0018,2,0.2,1040.0,380.0
ORD001565,PROD0001,4,0.0,340000.0,68000.0
ORD001566,PROD0020,1,0.05,22800.0,5800.0
ORD001567,PROD0017,1,0.05,427.5,207.5
ORD001568,PROD0005,2,0.1,8100.0,2700.0
ORD001569,PROD0009,2,0.2,88000.0,4000.0
ORD001569,PROD0021,1,0.0,1800.0,850.0
ORD001570,PROD0024,2,0.2,6720.0,2320.0
ORD001571,PROD0010,1,0.05,20900.0,4900.0
ORD001571,PROD0015,1,0.05,8075.0,3075.0
ORD001571,PROD0001,3,0.05,242250.0,38250.0
ORD001572,PROD0004,2,0.05,2280.0,980.0
ORD001572,PROD0009,2,0.05,104500.0,20500.0
ORD001573,PROD0026,2,0.0,11000.0,4600.0
ORD001573,PROD0027,1,0.0,6500.0,2600.0
ORD001574,PROD0019,5,0.1,67500.0,15000.0
ORD001574,PROD0011,2,0.05,22800.0,7800.0
ORD001575,PROD0012,1,0.0,18000.0,7000.0
ORD001575,PROD0023,1,0.0,2500.0,1200.0
ORD001575,PROD0025,2,0.05,6650.0,3050.0
ORD001576,PROD0003,1,0.1,94500.0,9500.0
ORD001577,PROD0022,1,0.0,900.0,450.0
ORD001577,PROD0028,1,0.0,1800.0,850.0
ORD001578,PROD0015,2,0.1,15300.0,5300.0
ORD001578,PROD0019,1,0.1,13500.0,3000.0
ORD001578,PROD0026,1,0.1,4950.0,1750.0
ORD001579,PROD0017,1,0.15,382.5,162.5
ORD001580,PROD0023,1,0.15,2125.0,825.0
ORD001581,PROD0019,2,0.15,25500.0,4500.0
ORD001581,PROD0026,1,0.2,4400.0,1200.0
ORD001582,PROD0014,2,0.0,56000.0,18000.0
ORD001582,PROD0015,5,0.2,34000.0,9000.0
ORD001582,PROD0013,1,0.0,16000.0,6000.0
ORD001583,PROD0022,2,0.15,1530.0,630.0
ORD001584,PROD0014,1,0.0,28000.0,9000.0
ORD001585,PROD0005,1,0.0,4500.0,1800.0
ORD001586,PROD0003,4,0.0,420000.0,80000.0
ORD001587,PROD0027,2,0.1,11700.0,3900.0
ORD001587,PROD0004,1,0.0,1200.0,550.0
ORD001588,PROD0020,1,0.2,19200.0,2200.0
ORD001589,PROD0016,2,0.1,12600.0,4200.0
ORD001590,PROD0013,3,0.0,48000.0,18000.0
ORD001591,PROD0023,2,0.1,4500.0,1900.0
ORD001592,PROD0025,3,0.0,10500.0,5100.0
ORD001593,PROD0009,1,0.2,44000.0,2000.0
ORD001593,PROD0017,3,0.15,1147.5,487.5
ORD001593,PROD0001,1,0.0,85000.0,17000.0
ORD001594,PROD0022,3,0.2,2160.0,810.0
ORD001594,PROD0024,2,0.2,6720.0,2320.0
ORD001594,PROD0008,1,0.2,12000.0,1500.0
ORD001595,PROD0027,1,0.0,6500.0,2600.0
ORD001596,PROD0011,1,0.15,10200.0,2700.0
ORD001596,PROD0006,1,0.1,1980.0,780.0
ORD001596,PROD0022,4,0.15,3060.0,1260.0
ORD001596,PROD0014,2,0.0,56000.0,18000.0
ORD001597,PROD0017,3,0.1,1215.0,555.0
ORD001598,PROD0019,1,0.2,12000.0,1500.0
ORD001599,PROD0005,4,0.2,14400.0,3600.0
ORD001600,PROD0003,2,0.0,210000.0,40000.0
ORD001600,PROD0009,1,0.0,55000.0,13000.0
ORD001601,PROD0003,2,0.2,168000.0,-2000.0
ORD001601,PROD0004,2,0.1,2160.0,860.0
ORD001602,PROD0005,1,0.1,4050.0,1350.0
ORD001602,PROD0027,3,0.05,18525.0,6825.0
ORD001603,PROD0025,2,0.0,7000.0,3400.0
ORD001603,PROD0011,1,0.0,12000.0,4500.0
ORD001603,PROD0015,2,0.0,17000.0,7000.0
ORD001603,PROD0009,1,0.2,44000.0,2000.0
ORD001604,PROD0010,4,0.0,88000.0,24000.0
ORD001605,PROD0026,2,0.1,9900.0,3500.0
ORD001606,PROD0025,1,0.0,3500.0,1700.0
ORD001606,PROD0023,1,0.05,2375.0,1075.0
ORD001607,PROD0001,2,0.0,170000.0,34000.0
ORD001608,PROD0018,3,0.15,1657.5,667.5
ORD001609,PROD0023,2,0.05,4750.0,2150.0
ORD001610,PROD0024,1,0.2,3360.0,1160.0
ORD001610,PROD0014,1,0.2,22400.0,3400.0
ORD001611,PROD0028,1,0.15,1530.0,580.0
ORD001611,PROD0016,1,0.0,7000.0,2800.0
ORD001611,PROD0003,4,0.0,420000.0,80000.0
ORD001612,PROD0008,1,0.0,15000.0,4500.0
ORD001612,PROD0007,4,0.0,88000.0,26000.0
ORD001613,PROD0015,1,0.0,8500.0,3500.0
ORD001614,PROD0001,1,0.2,68000.0,0.0
ORD001614,PROD0007,1,0.0,22000.0,6500.0
ORD001614,PROD0017,1,0.05,427.5,207.5
ORD001615,PROD0019,1,0.05,14250.0,3750.0
ORD001616,PROD0016,1,0.1,6300.0,2100.0
ORD001616,PROD0014,1,0.05,26600.0,7600.0
ORD001617,PROD0024,2,0.0,8400.0,4000.0
ORD001618,PROD0021,1,0.2,1440.0,490.0
ORD001619,PROD0014,1,0.0,28000.0,9000.0
ORD001620,PROD0002,1,0.1,58500.0,7500.0
ORD001621,PROD0013,1,0.0,16000.0,6000.0
ORD001621,PROD0018,1,0.05,617.5,287.5
ORD001622,PROD0008,1,0.2,12000.0,1500.0
ORD001622,PROD0002,2,0.05,123500.0,21500.0
ORD001623,PROD0021,2,0.0,3600.0,1700.0
ORD001623,PROD0011,2,0.05,22800.0,7800.0
ORD001624,PROD0019,2,0.05,28500.0,7500.0
ORD001625,PROD0023,3,0.2,6000.0,2100.0
ORD001626,PROD0022,1,0.2,720.0,270.0
ORD001627,PROD0026,4,0.15,18700.0,5900.0
ORD001627,PROD0019,2,0.05,28500.0,7500.0
ORD001627,PROD0002,2,0.0,130000.0,28000.0
ORD001628,PROD0011,3,0.0,36000.0,13500.0
ORD001629,PROD0020,2,0.0,48000.0,14000.0
ORD001629,PROD0015,2,0.15,14450.0,4450.0
ORD001630,PROD0018,1,0.1,585.0,255.0
ORD001630,PROD0019,1,0.05,14250.0,3750.0
ORD001630,PROD0004,1,0.0,1200.0,550.0
ORD001631,PROD0006,1,0.0,2200.0,1000.0
ORD001632,PROD0003,2,0.05,199500.0,29500.0
ORD001632,PROD0020,2,0.2,38400.0,4400.0
ORD001632,PROD0008,3,0.0,45000.0,13500.0
ORD001633,PROD0001,1,0.0,85000.0,17000.0
ORD001634,PROD0024,4,0.0,16800.0,8000.0
ORD001635,PROD0017,1,0.0,450.0,230.0
ORD001635,PROD0015,1,0.0,8500.0,3500.0
ORD001636,PROD0020,2,0.0,48000.0,14000.0
ORD001636,PROD0008,1,0.2,12000.0,1500.0
ORD001636,PROD0007,1,0.0,22000.0,6500.0
ORD001637,PROD0027,2,0.0,13000.0,5200.0
ORD001638,PROD0012,1,0.2,14400.0,3400.0
ORD001639,PROD0003,1,0.0,105000.0,20000.0
ORD001640,PROD0013,2,0.15,27200.0,7200.0
ORD001640,PROD0019,1,0.0,15000.0,4500.0
ORD001640,PROD0007,3,0.15,56100.0,9600.0
ORD001641,PROD0002,3,0.2,156000.0,3000.0
ORD001642,PROD0018,1,0.0,650.0,320.0
ORD001643,PROD0012,4,0.1,64800.0,20800.0
ORD001643,PROD0017,2,0.1,810.0,370.0
ORD001644,PROD0008,3,0.2,36000.0,4500.0
ORD001644,PROD0011,2,0.0,24000.0,9000.0
ORD001645,PROD0016,1,0.05,6650.0,2450.0
ORD001646,PROD0007,1,0.1,19800.0,4300.0
ORD001646,PROD0002,1,0.0,65000.0,14000.0
ORD001647,PROD0010,1,0.15,18700.0,2700.0
ORD001647,PROD0003,1,0.0,105000.0,20000.0
ORD001647,PROD0005,1,0.05,4275.0,1575.0
ORD001648,PROD0026,1,0.15,4675.0,1475.0
ORD001649,PROD0019,1,0.05,14250.0,3750.0
ORD001649,PROD0011,1,0.0,12000.0,4500.0
ORD001650,PROD0018,1,0.2,520.0,190.0
ORD001651,PROD0015,3,0.05,24225.0,9225.0
ORD001652,PROD0001,1,0.0,85000.0,17000.0
ORD001652,PROD0013,4,0.15,54400.0,14400.0
ORD001652,PROD0009,3,0.1,148500.0,22500.0
ORD001653,PROD0015,2,0.2,13600.0,3600.0
ORD001653,PROD0022,1,0.0,900.0,450.0
ORD001654,PROD0016,1,0.0,7000.0,2800.0
ORD001654,PROD0025,1,0.0,3500.0,1700.0
ORD001655,PROD0014,3,0.15,71400.0,14400.0
ORD001655,PROD0024,1,0.2,3360.0,1160.0
ORD001656,PROD0009,2,0.0,110000.0,26000.0
ORD001656,PROD0028,1,0.1,1620.0,670.0
ORD001656,PROD0011,3,0.1,32400.0,9900.0
ORD001656,PROD0004,1,0.2,960.0,310.0
ORD001657,PROD0024,1,0.0,4200.0,2000.0
ORD001657,PROD0026,5,0.05,26125.0,10125.0
ORD001657,PROD0007,1,0.0,22000.0,6500.0
ORD001657,PROD0027,3,0.0,19500.0,7800.0
ORD001658,PROD0015,2,0.2,13600.0,3600.0
ORD001659,PROD0012,2,0.0,36000.0,14000.0
ORD001659,PROD0027,3,0.05,18525.0,6825.0
ORD001660,PROD0004,1,0.1,1080.0,430.0
ORD001660,PROD0002,1,0.0,65000.0,14000.0
ORD001661,PROD0012,2,0.05,34200.0,12200.0
ORD001661,PROD0010,1,0.0,22000.0,6000.0
ORD001661,PROD0022,1,0.2,720.0,270.0
ORD001662,PROD0006,1,0.1,1980.0,780.0
ORD001663,PROD0017,1,0.15,382.5,162.5
ORD001664,PROD0007,2,0.1,39600.0,8600.0
ORD001665,PROD0022,1,0.2,720.0,270.0
ORD001666,PROD0014,1,0.05,26600.0,7600.0
ORD001667,PROD0019,2,0.0,30000.0,9000.0
ORD001668,PROD0021,1,0.0,1800.0,850.0
ORD001668,PROD0023,1,0.05,2375.0,1075.0
ORD001668,PROD0028,2,0.05,3420.0,1520.0
ORD001669,PROD0025,3,0.05,9975.0,4575.0
ORD001670,PROD0015,1,0.2,6800.0,1800.0
ORD001670,PROD0020,2,0.1,43200.0,9200.0
ORD001670,PROD0012,2,0.2,28800.0,6800.0
ORD001671,PROD0013,1,0.05,15200.0,5200.0
ORD001672,PROD0024,2,0.05,7980.0,3580.0
ORD001672,PROD0026,1,0.2,4400.0,1200.0
ORD001673,PROD0015,2,0.0,17000.0,7000.0
ORD001674,PROD0018,2,0.0,1300.0,640.0
ORD001675,PROD0026,1,0.1,4950.0,1750.0
ORD001676,PROD0021,1,0.0,1800.0,850.0
ORD001676,PROD0006,1,0.2,1760.0,560.0
ORD001676,PROD0010,1,0.2,17600.0,1600.0
ORD001677,PROD0020,2,0.0,48000.0,14000.0
ORD001678,PROD0013,1,0.05,15200.0,5200.0
ORD001679,PROD0001,3,0.05,242250.0,38250.0
ORD001679,PROD0027,2,0.0,13000.0,5200.0
ORD001680,PROD0022,1,0.0,900.0,450.0
ORD001680,PROD0001,2,0.0,170000.0,34000.0
ORD001681,PROD0018,3,0.0,1950.0,960.0
ORD001682,PROD0020,1,0.1,21600.0,4600.0
ORD001682,PROD0010,1,0.05,20900.0,4900.0
ORD001683,PROD0002,1,0.0,65000.0,14000.0
ORD001683,PROD0026,1,0.2,4400.0,1200.0
ORD001684,PROD0010,1,0.0,22000.0,6000.0
ORD001684,PROD0018,1,0.0,650.0,320.0
ORD001685,PROD0021,1,0.0,1800.0,850.0
ORD001685,PROD0025,1,0.0,3500.0,1700.0
ORD001685,PROD0026,1,0.0,5500.0,2300.0
ORD001686,PROD0017,1,0.05,427.5,207.5
ORD001686,PROD0026,1,0.0,5500.0,2300.0
ORD001686,PROD0001,4,0.0,340000.0,68000.0
ORD001687,PROD0001,1,0.2,68000.0,0.0
ORD001688,PROD0014,4,0.1,100800.0,24800.0
ORD001688,PROD0018,1,0.15,552.5,222.5
ORD001688,PROD0017,1,0.0,450.0,230.0
ORD001688,PROD0021,2,0.0,3600.0,1700.0
ORD001689,PROD0008,3,0.05,42750.0,11250.0
ORD001690,PROD0003,2,0.15,178500.0,8500.0
ORD001691,PROD0018,4,0.1,2340.0,1020.0
ORD001691,PROD0013,2,0.15,27200.0,7200.0
ORD001691,PROD0014,1,0.2,22400.0,3400.0
ORD001692,PROD0017,2,0.0,900.0,460.0
ORD001693,PROD0017,3,0.15,1147.5,487.5
ORD001693,PROD0016,1,0.2,5600.0,1400.0
ORD001693,PROD0007,1,0.0,22000.0,6500.0
ORD001694,PROD0026,1,0.2,4400.0,1200.0
ORD001694,PROD0014,1,0.15,23800.0,4800.0
ORD001695,PROD0010,1,0.0,22000.0,6000.0
ORD001695,PROD0004,1,0.0,1200.0,550.0
ORD001696,PROD0017,1,0.0,450.0,230.0
ORD001697,PROD0003,2,0.0,210000.0,40000.0
ORD001698,PROD0010,1,0.0,22000.0,6000.0
ORD001699,PROD0001,1,0.0,85000.0,17000.0
ORD001700,PROD0021,1,0.15,1530.0,580.0
ORD001700,PROD0025,3,0.0,10500.0,5100.0
ORD001701,PROD0009,1,0.0,55000.0,13000.0
ORD001702,PROD0020,1,0.2,19200.0,2200.0
ORD001703,PROD0002,3,0.05,185250.0,32250.0
ORD001703,PROD0028,1,0.2,1440.0,490.0
ORD001704,PROD0021,2,0.2,2880.0,980.0
ORD001705,PROD0006,1,0.15,1870.0,670.0
ORD001706,PROD0009,3,0.0,165000.0,39000.0
ORD001706,PROD0006,3,0.05,6270.0,2670.0
ORD001707,PROD0018,3,0.0,1950.0,960.0
ORD001708,PROD0018,4,0.2,2080.0,760.0
ORD001709,PROD0001,2,0.0,170000.0,34000.0
ORD001710,PROD0016,1,0.0,7000.0,2800.0
ORD001711,PROD0007,1,0.15,18700.0,3200.0
ORD001711,PROD0013,1,0.0,16000.0,6000.0
ORD001712,PROD0028,1,0.1,1620.0,670.0
ORD001712,PROD0009,1,0.0,55000.0,13000.0
ORD001713,PROD0003,1,0.15,89250.0,4250.0
ORD001714,PROD0017,2,0.1,810.0,370.0
ORD001715,PROD0001,1,0.15,72250.0,4250.0
ORD001715,PROD0004,1,0.05,1140.0,490.0
ORD001716,PROD0028,4,0.15,6120.0,2320.0
ORD001717,PROD0020,1,0.0,24000.0,7000.0
ORD001718,PROD0002,3,0.0,195000.0,42000.0
ORD001718,PROD0004,1,0.15,1020.0,370.0
ORD001719,PROD0008,1,0.0,15000.0,4500.0
ORD001720,PROD0015,3,0.1,22950.0,7950.0
ORD001720,PROD0027,2,0.0,13000.0,5200.0
ORD001720,PROD0001,2,0.1,153000.0,17000.0
ORD001721,PROD0006,2,0.0,4400.0,2000.0
ORD001722,PROD0021,3,0.0,5400.0,2550.0
ORD001723,PROD0003,3,0.2,252000.0,-3000.0
ORD001723,PROD0014,2,0.05,53200.0,15200.0
ORD001724,PROD0020,1,0.0,24000.0,7000.0
ORD001725,PROD0015,4,0.0,34000.0,14000.0
ORD001725,PROD0011,2,0.0,24000.0,9000.0
ORD001725,PROD0027,5,0.0,32500.0,13000.0
ORD001726,PROD0010,1,0.0,22000.0,6000.0
ORD001726,PROD0018,2,0.0,1300.0,640.0
ORD001726,PROD0026,1,0.0,5500.0,2300.0
ORD001727,PROD0017,1,0.0,450.0,230.0
ORD001727,PROD0018,1,0.15,552.5,222.5
ORD001728,PROD0026,2,0.0,11000.0,4600.0
ORD001728,PROD0016,2,0.15,11900.0,3500.0
ORD001729,PROD0026,1,0.0,5500.0,2300.0
ORD001730,PROD0009,2,0.0,110000.0,26000.0
ORD001730,PROD0010,2,0.0,44000.0,12000.0
ORD001730,PROD0007,3,0.1,59400.0,12900.0
ORD001731,PROD0017,2,0.2,720.0,280.0
ORD001731,PROD0016,1,0.05,6650.0,2450.0
ORD001731,PROD0006,1,0.05,2090.0,890.0
ORD001732,PROD0028,1,0.1,1620.0,670.0
ORD001732,PROD0010,3,0.15,56100.0,8100.0
ORD001733,PROD0006,2,0.1,3960.0,1560.0
ORD001734,PROD0026,1,0.1,4950.0,1750.0
ORD001735,PROD0021,1,0.05,1710.0,760.0
ORD001735,PROD0010,2,0.05,41800.0,9800.0
ORD001736,PROD0021,1,0.0,1800.0,850.0
ORD001736,PROD0001,1,0.0,85000.0,17000.0
ORD001736,PROD0024,1,0.0,4200.0,2000.0
ORD001737,PROD0016,1,0.0,7000.0,2800.0
ORD001738,PROD0013,4,0.2,51200.0,11200.0
ORD001738,PROD0023,1,0.0,2500.0,1200.0
ORD001738,PROD0025,1,0.0,3500.0,1700.0
ORD001739,PROD0008,2,0.0,30000.0,9000.0
ORD001739,PROD0014,2,0.0,56000.0,18000.0
ORD001739,PROD0026,2,0.0,11000.0,4600.0
ORD001740,PROD0021,2,0.0,3600.0,1700.0
ORD001740,PROD0002,1,0.0,65000.0,14000.0
ORD001740,PROD0004,4,0.0,4800.0,2200.0
ORD001741,PROD0006,1,0.0,2200.0,1000.0
ORD001741,PROD0027,3,0.0,19500.0,7800.0
ORD001742,PROD0028,1,0.1,1620.0,670.0
ORD001743,PROD0001,1,0.0,85000.0,17000.0
ORD001743,PROD0021,3,0.2,4320.0,1470.0
ORD001743,PROD0003,1,0.0,105000.0,20000.0
ORD001744,PROD0024,1,0.0,4200.0,2000.0
ORD001744,PROD0009,1,0.1,49500.0,7500.0
ORD001745,PROD0008,3,0.2,36000.0,4500.0
ORD001746,PROD0011,1,0.05,11400.0,3900.0
ORD001746,PROD0020,3,0.05,68400.0,17400.0
ORD001747,PROD0026,5,0.0,27500.0,11500.0
ORD001747,PROD0003,3,0.0,315000.0,60000.0
ORD001748,PROD0006,2,0.0,4400.0,2000.0
ORD001748,PROD0014,2,0.05,53200.0,15200.0
ORD001749,PROD0008,1,0.0,15000.0,4500.0
ORD001749,PROD0013,2,0.0,32000.0,12000.0
ORD001750,PROD0001,1,0.15,72250.0,4250.0
ORD001750,PROD0019,1,0.0,15000.0,4500.0
ORD001751,PROD0014,3,0.15,71400.0,14400.0
ORD001751,PROD0003,1,0.0,105000.0,20000.0
ORD001752,PROD0016,1,0.15,5950.0,1750.0
ORD001753,PROD0011,2,0.0,24000.0,9000.0
ORD001753,PROD0009,2,0.0,110000.0,26000.0
ORD001754,PROD0008,1,0.1,13500.0,3000.0
ORD001755,PROD0005,2,0.15,7650.0,2250.0
ORD001756,PROD0014,1,0.0,28000.0,9000.0
ORD001757,PROD0009,1,0.0,55000.0,13000.0
ORD001757,PROD0019,1,0.0,15000.0,4500.0
ORD001758,PROD0013,1,0.0,16000.0,6000.0
ORD001758,PROD0019,3,0.15,38250.0,6750.0
ORD001759,PROD0019,1,0.15,12750.0,2250.0
ORD001759,PROD0028,1,0.1,1620.0,670.0
ORD001760,PROD0023,1,0.05,2375.0,1075.0
ORD001761,PROD0027,2,0.1,11700.0,3900.0
ORD001762,PROD0008,1,0.05,14250.0,3750.0
ORD001763,PROD0011,1,0.2,9600.0,2100.0
ORD001764,PROD0002,5,0.05,308750.0,53750.0
ORD001764,PROD0006,1,0.2,1760.0,560.0
ORD001765,PROD0010,2,0.0,44000.0,12000.0
ORD001766,PROD0019,1,0.0,15000.0,4500.0
ORD001767,PROD0015,1,0.0,8500.0,3500.0
ORD001767,PROD0006,1,0.0,2200.0,1000.0
ORD001768,PROD0013,1,0.0,16000.0,6000.0
ORD001768,PROD0002,1,0.2,52000.0,1000.0
ORD001768,PROD0005,1,0.15,3825.0,1125.0
ORD001769,PROD0012,1,0.2,14400.0,3400.0
ORD001770,PROD0026,2,0.0,11000.0,4600.0
ORD001771,PROD0023,1,0.0,2500.0,1200.0
ORD001771,PROD0002,3,0.2,156000.0,3000.0
ORD001772,PROD0010,1,0.0,22000.0,6000.0
ORD001772,PROD0011,1,0.1,10800.0,3300.0
ORD001773,PROD0027,1,0.0,6500.0,2600.0
ORD001774,PROD0008,1,0.2,12000.0,1500.0
ORD001775,PROD0016,2,0.0,14000.0,5600.0
ORD001776,PROD0028,3,0.15,4590.0,1740.0
ORD001776,PROD0008,4,0.0,60000.0,18000.0
ORD001777,PROD0012,1,0.15,15300.0,4300.0
ORD001777,PROD0023,1,0.0,2500.0,1200.0
ORD001777,PROD0024,4,0.0,16800.0,8000.0
ORD001778,PROD0028,1,0.15,1530.0,580.0
ORD001778,PROD0016,1,0.2,5600.0,1400.0
ORD001779,PROD0016,4,0.05,26600.0,9800.0
ORD001780,PROD0008,1,0.1,13500.0,3000.0
ORD001781,PROD0005,1,0.0,4500.0,1800.0
ORD001781,PROD0009,3,0.05,156750.0,30750.0
ORD001782,PROD0014,1,0.2,22400.0,3400.0
ORD001783,PROD0022,3,0.15,2295.0,945.0
ORD001784,PROD0023,1,0.0,2500.0,1200.0
ORD001785,PROD0028,2,0.05,3420.0,1520.0
ORD001786,PROD0003,1,0.0,105000.0,20000.0
ORD001787,PROD0011,2,0.15,20400.0,5400.0
ORD001788,PROD0026,1,0.15,4675.0,1475.0
ORD001789,PROD0015,1,0.0,8500.0,3500.0
ORD001790,PROD0022,1,0.05,855.0,405.0
ORD001791,PROD0017,1,0.2,360.0,140.0
ORD001792,PROD0004,1,0.0,1200.0,550.0
ORD001792,PROD0002,2,0.05,123500.0,21500.0
ORD001793,PROD0028,2,0.1,3240.0,1340.0
ORD001793,PROD0002,1,0.2,52000.0,1000.0
ORD001794,PROD0017,2,0.1,810.0,370.0
ORD001795,PROD0002,2,0.05,123500.0,21500.0
ORD001795,PROD0009,2,0.05,104500.0,20500.0
ORD001796,PROD0018,1,0.1,585.0,255.0
ORD001796,PROD0017,1,0.1,405.0,185.0
ORD001796,PROD0004,2,0.0,2400.0,1100.0
ORD001797,PROD0022,1,0.05,855.0,405.0
ORD001798,PROD0002,1,0.1,58500.0,7500.0
ORD001798,PROD0012,1,0.05,17100.0,6100.0
ORD001798,PROD0021,2,0.1,3240.0,1340.0
ORD001799,PROD0013,1,0.0,16000.0,6000.0
ORD001799,PROD0016,1,0.0,7000.0,2800.0
ORD001800,PROD0006,1,0.15,1870.0,670.0
ORD001800,PROD0027,5,0.0,32500.0,13000.0
ORD001801,PROD0028,1,0.15,1530.0,580.0
ORD001801,PROD0010,1,0.0,22000.0,6000.0
ORD001802,PROD0010,1,0.1,19800.0,3800.0
ORD001803,PROD0024,2,0.0,8400.0,4000.0
ORD001804,PROD0008,1,0.05,14250.0,3750.0
ORD001804,PROD0002,4,0.1,234000.0,30000.0
ORD001804,PROD0025,2,0.1,6300.0,2700.0
ORD001805,PROD0019,1,0.0,15000.0,4500.0
ORD001805,PROD0012,1,0.0,18000.0,7000.0
ORD001806,PROD0007,1,0.0,22000.0,6500.0
ORD001806,PROD0014,1,0.05,26600.0,7600.0
ORD001807,PROD0002,4,0.05,247000.0,43000.0
ORD001808,PROD0024,1,0.0,4200.0,2000.0
ORD001809,PROD0018,1,0.05,617.5,287.5
ORD001810,PROD0003,1,0.0,105000.0,20000.0
ORD001810,PROD0014,1,0.1,25200.0,6200.0
ORD001810,PROD0010,2,0.2,35200.0,3200.0
ORD001811,PROD0010,1,0.2,17600.0,1600.0
ORD001812,PROD0002,3,0.15,165750.0,12750.0
ORD001813,PROD0019,4,0.0,60000.0,18000.0
ORD001814,PROD0005,1,0.0,4500.0,1800.0
ORD001814,PROD0012,1,0.2,14400.0,3400.0
ORD001815,PROD0008,1,0.05,14250.0,3750.0
ORD001815,PROD0025,1,0.0,3500.0,1700.0
ORD001816,PROD0007,1,0.05,20900.0,5400.0
ORD001817,PROD0016,2,0.0,14000.0,5600.0
ORD001817,PROD0004,3,0.0,3600.0,1650.0
ORD001818,PROD0018,1,0.0,650.0,320.0
ORD001819,PROD0004,1,0.15,1020.0,370.0
ORD001820,PROD0012,4,0.0,72000.0,28000.0
ORD001821,PROD0001,2,0.0,170000.0,34000.0
ORD001822,PROD0002,1,0.15,55250.0,4250.0
ORD001823,PROD0022,2,0.1,1620.0,720.0
ORD001823,PROD0019,3,0.1,40500.0,9000.0
ORD001824,PROD0013,1,0.1,14400.0,4400.0
ORD001824,PROD0021,1,0.0,1800.0,850.0
ORD001825,PROD0004,1,0.0,1200.0,550.0
ORD001826,PROD0026,2,0.0,11000.0,4600.0
ORD001827,PROD0025,2,0.0,7000.0,3400.0
ORD001828,PROD0003,1,0.0,105000.0,20000.0
ORD001829,PROD0010,2,0.0,44000.0,12000.0
ORD001830,PROD0016,1,0.1,6300.0,2100.0
ORD001830,PROD0023,2,0.15,4250.0,1650.0
ORD001830,PROD0009,1,0.0,55000.0,13000.0
ORD001830,PROD0004,1,0.05,1140.0,490.0
ORD001831,PROD0020,1,0.0,24000.0,7000.0
ORD001832,PROD0017,2,0.05,855.0,415.0
ORD001833,PROD0011,1,0.2,9600.0,2100.0
ORD001834,PROD0013,1,0.0,16000.0,6000.0
ORD001835,PROD0002,1,0.0,65000.0,14000.0
ORD001836,PROD0013,2,0.05,30400.0,10400.0
ORD001837,PROD0004,1,0.0,1200.0,550.0
ORD001837,PROD0006,1,0.15,1870.0,670.0
ORD001837,PROD0012,1,0.0,18000.0,7000.0
ORD001838,PROD0017,3,0.0,1350.0,690.0
ORD001839,PROD0017,1,0.05,427.5,207.5
ORD001839,PROD0001,1,0.0,85000.0,17000.0
ORD001840,PROD0026,3,0.0,16500.0,6900.0
ORD001840,PROD0004,2,0.05,2280.0,980.0
ORD001841,PROD0010,2,0.05,41800.0,9800.0
ORD001842,PROD0002,2,0.2,104000.0,2000.0
ORD001842,PROD0019,1,0.0,15000.0,4500.0
ORD001843,PROD0016,1,0.0,7000.0,2800.0
ORD001844,PROD0026,3,0.0,16500.0,6900.0
ORD001844,PROD0028,1,0.0,1800.0,850.0
ORD001845,PROD0026,4,0.15,18700.0,5900.0
ORD001846,PROD0009,1,0.05,52250.0,10250.0
ORD001846,PROD0018,1,0.0,650.0,320.0
ORD001847,PROD0015,1,0.0,8500.0,3500.0
ORD001848,PROD0002,1,0.0,65000.0,14000.0
ORD001849,PROD0028,3,0.0,5400.0,2550.0
ORD001849,PROD0004,2,0.05,2280.0,980.0
ORD001850,PROD0021,3,0.0,5400.0,2550.0
ORD001850,PROD0019,2,0.1,27000.0,6000.0
ORD001851,PROD0022,1,0.05,855.0,405.0
ORD001851,PROD0019,1,0.0,15000.0,4500.0
ORD001852,PROD0026,2,0.2,8800.0,2400.0
ORD001853,PROD0027,2,0.2,10400.0,2600.0
ORD001854,PROD0019,3,0.1,40500.0,9000.0
ORD001855,PROD0011,3,0.05,34200.0,11700.0
ORD001856,PROD0022,3,0.15,2295.0,945.0
ORD001856,PROD0020,1,0.1,21600.0,4600.0
ORD001856,PROD0005,2,0.2,7200.0,1800.0
ORD001857,PROD0003,4,0.0,420000.0,80000.0
ORD001858,PROD0009,1,0.2,44000.0,2000.0
ORD001859,PROD0004,1,0.2,960.0,310.0
ORD001860,PROD0018,1,0.0,650.0,320.0
ORD001860,PROD0021,4,0.15,6120.0,2320.0
ORD001860,PROD0004,2,0.0,2400.0,1100.0
ORD001860,PROD0010,1,0.0,22000.0,6000.0
ORD001861,PROD0019,2,0.0,30000.0,9000.0
ORD001862,PROD0002,1,0.05,61750.0,10750.0
ORD001863,PROD0024,1,0.0,4200.0,2000.0
ORD001864,PROD0013,1,0.15,13600.0,3600.0
ORD001864,PROD0015,3,0.05,24225.0,9225.0
ORD001865,PROD0003,1,0.0,105000.0,20000.0
ORD001866,PROD0026,1,0.05,5225.0,2025.0
ORD001867,PROD0016,1,0.2,5600.0,1400.0
ORD001868,PROD0011,2,0.05,22800.0,7800.0
ORD001869,PROD0026,1,0.0,5500.0,2300.0
ORD001869,PROD0002,1,0.0,65000.0,14000.0
ORD001870,PROD0015,2,0.1,15300.0,5300.0
ORD001870,PROD0009,4,0.1,198000.0,30000.0
ORD001870,PROD0020,1,0.1,21600.0,4600.0
ORD001871,PROD0008,2,0.05,28500.0,7500.0
ORD001871,PROD0020,2,0.1,43200.0,9200.0
ORD001871,PROD0004,1,0.0,1200.0,550.0
ORD001872,PROD0013,1,0.2,12800.0,2800.0
ORD001872,PROD0010,1,0.0,22000.0,6000.0
ORD001873,PROD0025,3,0.0,10500.0,5100.0
ORD001874,PROD0003,2,0.1,189000.0,19000.0
ORD001875,PROD0016,4,0.05,26600.0,9800.0
ORD001876,PROD0022,3,0.0,2700.0,1350.0
ORD001877,PROD0018,2,0.15,1105.0,445.0
ORD001878,PROD0014,2,0.0,56000.0,18000.0
ORD001879,PROD0013,1,0.0,16000.0,6000.0
ORD001880,PROD0009,1,0.1,49500.0,7500.0
ORD001881,PROD0020,1,0.1,21600.0,4600.0
ORD001882,PROD0021,2,0.2,2880.0,980.0
ORD001883,PROD0009,1,0.1,49500.0,7500.0
ORD001884,PROD0001,3,0.0,255000.0,51000.0
ORD001885,PROD0004,1,0.0,1200.0,550.0
ORD001886,PROD0015,2,0.05,16150.0,6150.0
ORD001886,PROD0026,1,0.2,4400.0,1200.0
ORD001886,PROD0001,3,0.15,216750.0,12750.0
ORD001887,PROD0019,3,0.1,40500.0,9000.0
ORD001888,PROD0007,3,0.0,66000.0,19500.0
ORD001889,PROD0004,1,0.0,1200.0,550.0
ORD001890,PROD0019,2,0.05,28500.0,7500.0
ORD001891,PROD0002,2,0.0,130000.0,28000.0
ORD001891,PROD0009,4,0.0,220000.0,52000.0
ORD001892,PROD0003,4,0.2,336000.0,-4000.0
ORD001893,PROD0028,2,0.05,3420.0,1520.0
ORD001894,PROD0008,1,0.15,12750.0,2250.0
ORD001895,PROD0022,2,0.05,1710.0,810.0
ORD001896,PROD0011,2,0.0,24000.0,9000.0
ORD001896,PROD0012,1,0.15,15300.0,4300.0
ORD001896,PROD0006,1,0.0,2200.0,1000.0
ORD001896,PROD0008,2,0.0,30000.0,9000.0
ORD001897,PROD0001,3,0.2,204000.0,0.0
ORD001898,PROD0020,2,0.1,43200.0,9200.0
ORD001899,PROD0013,1,0.0,16000.0,6000.0
ORD001899,PROD0021,1,0.05,1710.0,760.0
ORD001900,PROD0024,1,0.2,3360.0,1160.0
ORD001900,PROD0020,1,0.0,24000.0,7000.0
ORD001901,PROD0007,2,0.15,37400.0,6400.0
ORD001901,PROD0019,3,0.0,45000.0,13500.0
ORD001901,PROD0028,1,0.15,1530.0,580.0
ORD001901,PROD0010,2,0.0,44000.0,12000.0
ORD001902,PROD0026,3,0.2,13200.0,3600.0
ORD001902,PROD0018,1,0.2,520.0,190.0
ORD001903,PROD0022,1,0.1,810.0,360.0
ORD001904,PROD0016,2,0.05,13300.0,4900.0
ORD001905,PROD0022,1,0.0,900.0,450.0
ORD001905,PROD0003,5,0.0,525000.0,100000.0
ORD001906,PROD0007,2,0.2,35200.0,4200.0
ORD001907,PROD0020,1,0.0,24000.0,7000.0
ORD001908,PROD0012,1,0.15,15300.0,4300.0
ORD001909,PROD0028,1,0.0,1800.0,850.0
ORD001910,PROD0005,1,0.15,3825.0,1125.0
ORD001911,PROD0005,1,0.05,4275.0,1575.0
ORD001912,PROD0019,2,0.0,30000.0,9000.0
ORD001912,PROD0018,2,0.05,1235.0,575.0
ORD001913,PROD0007,3,0.1,59400.0,12900.0
ORD001914,PROD0015,1,0.0,8500.0,3500.0
ORD001914,PROD0001,2,0.15,144500.0,8500.0
ORD001915,PROD0012,1,0.2,14400.0,3400.0
ORD001915,PROD0016,1,0.15,5950.0,1750.0
ORD001916,PROD0022,1,0.15,765.0,315.0
ORD001917,PROD0004,1,0.05,1140.0,490.0
ORD001917,PROD0024,1,0.15,3570.0,1370.0
ORD001918,PROD0005,1,0.1,4050.0,1350.0
ORD001918,PROD0012,3,0.15,45900.0,12900.0
ORD001919,PROD0001,2,0.0,170000.0,34000.0
ORD001920,PROD0002,1,0.15,55250.0,4250.0
ORD001921,PROD0026,3,0.15,14025.0,4425.0
ORD001922,PROD0002,3,0.05,185250.0,32250.0
ORD001922,PROD0003,1,0.0,105000.0,20000.0
ORD001923,PROD0015,2,0.2,13600.0,3600.0
ORD001923,PROD0007,1,0.2,17600.0,2100.0
ORD001924,PROD0021,1,0.0,1800.0,850.0
ORD001924,PROD0017,3,0.0,1350.0,690.0
ORD001925,PROD0024,2,0.0,8400.0,4000.0
ORD001926,PROD0007,3,0.15,56100.0,9600.0
ORD001926,PROD0017,4,0.2,1440.0,560.0
ORD001927,PROD0002,2,0.15,110500.0,8500.0
ORD001927,PROD0025,3,0.2,8400.0,3000.0
ORD001928,PROD0005,1,0.0,4500.0,1800.0
ORD001929,PROD0009,2,0.1,99000.0,15000.0
ORD001930,PROD0022,3,0.05,2565.0,1215.0
ORD001931,PROD0008,3,0.0,45000.0,13500.0
ORD001931,PROD0021,4,0.15,6120.0,2320.0
ORD001931,PROD0014,1,0.1,25200.0,6200.0
ORD001932,PROD0003,2,0.1,189000.0,19000.0
ORD001933,PROD0005,1,0.0,4500.0,1800.0
ORD001934,PROD0017,5,0.2,1800.0,700.0
ORD001934,PROD0024,1,0.05,3990.0,1790.0
ORD001935,PROD0021,2,0.15,3060.0,1160.0
ORD001936,PROD0001,1,0.05,80750.0,12750.0
ORD001937,PROD0004,2,0.05,2280.0,980.0
ORD001938,PROD0014,1,0.15,23800.0,4800.0
ORD001938,PROD0017,2,0.0,900.0,460.0
ORD001939,PROD0015,1,0.0,8500.0,3500.0
ORD001940,PROD0005,2,0.15,7650.0,2250.0
ORD001940,PROD0008,1,0.1,13500.0,3000.0
ORD001941,PROD0022,4,0.0,3600.0,1800.0
ORD001941,PROD0006,2,0.1,3960.0,1560.0
ORD001942,PROD0021,3,0.2,4320.0,1470.0
ORD001943,PROD0004,1,0.1,1080.0,430.0
ORD001944,PROD0019,1,0.2,12000.0,1500.0
ORD001945,PROD0011,3,0.0,36000.0,13500.0
ORD001945,PROD0028,1,0.1,1620.0,670.0
ORD001946,PROD0009,1,0.15,46750.0,4750.0
ORD001947,PROD0025,4,0.2,11200.0,4000.0
ORD001948,PROD0021,2,0.1,3240.0,1340.0
ORD001948,PROD0014,1,0.0,28000.0,9000.0
ORD001948,PROD0025,3,0.0,10500.0,5100.0
ORD001949,PROD0026,4,0.0,22000.0,9200.0
ORD001950,PROD0009,1,0.15,46750.0,4750.0
ORD001951,PROD0011,2,0.05,22800.0,7800.0
ORD001952,PROD0011,1,0.0,12000.0,4500.0
ORD001953,PROD0022,2,0.2,1440.0,540.0
ORD001953,PROD0026,2,0.05,10450.0,4050.0
ORD001954,PROD0006,1,0.05,2090.0,890.0
ORD001954,PROD0025,4,0.0,14000.0,6800.0
ORD001955,PROD0012,2,0.15,30600.0,8600.0
ORD001956,PROD0023,2,0.05,4750.0,2150.0
ORD001957,PROD0015,1,0.15,7225.0,2225.0
ORD001957,PROD0006,4,0.05,8360.0,3560.0
ORD001957,PROD0004,2,0.0,2400.0,1100.0
ORD001958,PROD0011,1,0.0,12000.0,4500.0
ORD001959,PROD0001,1,0.0,85000.0,17000.0
ORD001960,PROD0020,2,0.05,45600.0,11600.0
ORD001961,PROD0008,2,0.2,24000.0,3000.0
ORD001962,PROD0020,1,0.05,22800.0,5800.0
ORD001962,PROD0027,3,0.0,19500.0,7800.0
ORD001963,PROD0003,4,0.2,336000.0,-4000.0
ORD001963,PROD0019,1,0.15,12750.0,2250.0
ORD001964,PROD0022,1,0.0,900.0,450.0
ORD001965,PROD0007,5,0.05,104500.0,27000.0
ORD001966,PROD0023,1,0.0,2500.0,1200.0
ORD001967,PROD0013,3,0.0,48000.0,18000.0
ORD001967,PROD0021,1,0.0,1800.0,850.0
ORD001967,PROD0015,4,0.0,34000.0,14000.0
ORD001968,PROD0006,1,0.2,1760.0,560.0
ORD001968,PROD0007,1,0.0,22000.0,6500.0
ORD001969,PROD0008,1,0.1,13500.0,3000.0
ORD001970,PROD0019,2,0.15,25500.0,4500.0
ORD001970,PROD0006,2,0.1,3960.0,1560.0
ORD001971,PROD0027,3,0.2,15600.0,3900.0
ORD001972,PROD0016,2,0.1,12600.0,4200.0
ORD001973,PROD0003,1,0.05,99750.0,14750.0
ORD001974,PROD0014,5,0.2,112000.0,17000.0
ORD001975,PROD0018,1,0.05,617.5,287.5
ORD001975,PROD0012,1,0.0,18000.0,7000.0
ORD001975,PROD0005,2,0.2,7200.0,1800.0
ORD001976,PROD0010,1,0.05,20900.0,4900.0
ORD001977,PROD0022,1,0.15,765.0,315.0
ORD001978,PROD0016,2,0.2,11200.0,2800.0
ORD001978,PROD0020,3,0.15,61200.0,10200.0
ORD001979,PROD0003,1,0.15,89250.0,4250.0
ORD001980,PROD0012,1,0.15,15300.0,4300.0
ORD001980,PROD0011,1,0.0,12000.0,4500.0
ORD001981,PROD0002,2,0.15,110500.0,8500.0
ORD001981,PROD0017,1,0.0,450.0,230.0
ORD001981,PROD0004,2,0.0,2400.0,1100.0
ORD001982,PROD0006,1,0.0,2200.0,1000.0
ORD001983,PROD0014,1,0.05,26600.0,7600.0
ORD001984,PROD0008,1,0.0,15000.0,4500.0
ORD001985,PROD0017,1,0.0,450.0,230.0
ORD001985,PROD0008,2,0.15,25500.0,4500.0
ORD001986,PROD0027,2,0.0,13000.0,5200.0
ORD001987,PROD0011,1,0.05,11400.0,3900.0
ORD001987,PROD0026,2,0.0,11000.0,4600.0
ORD001987,PROD0007,3,0.1,59400.0,12900.0
ORD001987,PROD0019,1,0.1,13500.0,3000.0
ORD001988,PROD0014,2,0.0,56000.0,18000.0
ORD001989,PROD0027,3,0.05,18525.0,6825.0
ORD001990,PROD0027,1,0.15,5525.0,1625.0
ORD001990,PROD0018,1,0.0,650.0,320.0
ORD001991,PROD0001,1,0.0,85000.0,17000.0
ORD001992,PROD0003,1,0.05,99750.0,14750.0
ORD001992,PROD0001,1,0.05,80750.0,12750.0
ORD001992,PROD0013,1,0.15,13600.0,3600.0
ORD001993,PROD0010,2,0.0,44000.0,12000.0
ORD001994,PROD0004,2,0.0,2400.0,1100.0
ORD001994,PROD0011,1,0.0,12000.0,4500.0
ORD001995,PROD0014,3,0.0,84000.0,27000.0
ORD001996,PROD0019,1,0.0,15000.0,4500.0
ORD001997,PROD0001,1,0.0,85000.0,17000.0
ORD001998,PROD0026,2,0.15,9350.0,2950.0
ORD001998,PROD0014,1,0.15,23800.0,4800.0
ORD001999,PROD0007,1,0.0,22000.0,6500.0
ORD001999,PROD0004,2,0.0,2400.0,1100.0
ORD002000,PROD0008,2,0.0,30000.0,9000.0
ORD002001,PROD0018,1,0.2,520.0,190.0
ORD002001,PROD0002,1,0.05,61750.0,10750.0
ORD002002,PROD0021,1,0.0,1800.0,850.0
ORD002002,PROD0010,2,0.15,37400.0,5400.0
ORD002003,PROD0010,1,0.0,22000.0,6000.0
ORD002003,PROD0016,2,0.15,11900.0,3500.0
ORD002003,PROD0013,1,0.0,16000.0,6000.0
ORD002004,PROD0004,1,0.0,1200.0,550.0
ORD002005,PROD0027,1,0.15,5525.0,1625.0
ORD002005,PROD0011,1,0.0,12000.0,4500.0
ORD002006,PROD0023,1,0.1,2250.0,950.0
ORD002007,PROD0002,1,0.05,61750.0,10750.0
ORD002008,PROD0019,1,0.0,15000.0,4500.0
ORD002009,PROD0012,3,0.1,48600.0,15600.0
ORD002010,PROD0017,2,0.05,855.0,415.0
ORD002010,PROD0001,1,0.1,76500.0,8500.0
ORD002010,PROD0023,1,0.2,2000.0,700.0
ORD002011,PROD0027,1,0.0,6500.0,2600.0
ORD002011,PROD0010,1,0.15,18700.0,2700.0
ORD002011,PROD0005,1,0.15,3825.0,1125.0
ORD002012,PROD0022,1,0.0,900.0,450.0
ORD002012,PROD0024,1,0.15,3570.0,1370.0
ORD002013,PROD0019,1,0.05,14250.0,3750.0
ORD002013,PROD0014,1,0.1,25200.0,6200.0
ORD002014,PROD0003,2,0.1,189000.0,19000.0
ORD002014,PROD0004,2,0.0,2400.0,1100.0
ORD002014,PROD0022,1,0.0,900.0,450.0
ORD002014,PROD0007,2,0.05,41800.0,10800.0
ORD002015,PROD0005,1,0.0,4500.0,1800.0
ORD002016,PROD0028,2,0.0,3600.0,1700.0
ORD002017,PROD0001,1,0.1,76500.0,8500.0
ORD002017,PROD0018,2,0.0,1300.0,640.0
ORD002017,PROD0019,2,0.0,30000.0,9000.0
ORD002017,PROD0028,3,0.15,4590.0,1740.0
ORD002018,PROD0006,1,0.05,2090.0,890.0
ORD002018,PROD0004,2,0.1,2160.0,860.0
ORD002018,PROD0025,2,0.0,7000.0,3400.0
ORD002019,PROD0017,1,0.05,427.5,207.5
ORD002020,PROD0024,1,0.15,3570.0,1370.0
ORD002021,PROD0019,3,0.1,40500.0,9000.0
ORD002022,PROD0008,2,0.05,28500.0,7500.0
ORD002022,PROD0001,1,0.0,85000.0,17000.0
ORD002023,PROD0024,2,0.1,7560.0,3160.0
ORD002023,PROD0008,2,0.15,25500.0,4500.0
ORD002024,PROD0028,3,0.0,5400.0,2550.0
ORD002025,PROD0021,3,0.0,5400.0,2550.0
ORD002026,PROD0002,3,0.0,195000.0,42000.0
ORD002026,PROD0026,1,0.15,4675.0,1475.0
ORD002027,PROD0018,3,0.15,1657.5,667.5
ORD002028,PROD0027,1,0.0,6500.0,2600.0
ORD002029,PROD0018,2,0.05,1235.0,575.0
ORD002029,PROD0028,1,0.0,1800.0,850.0
ORD002030,PROD0025,1,0.0,3500.0,1700.0
ORD002031,PROD0015,1,0.15,7225.0,2225.0
ORD002031,PROD0013,3,0.1,43200.0,13200.0
ORD002031,PROD0023,1,0.0,2500.0,1200.0
ORD002032,PROD0016,2,0.1,12600.0,4200.0
ORD002033,PROD0020,2,0.15,40800.0,6800.0
ORD002033,PROD0028,2,0.0,3600.0,1700.0
ORD002034,PROD0011,2,0.15,20400.0,5400.0
ORD002034,PROD0015,2,0.2,13600.0,3600.0
ORD002035,PROD0009,3,0.0,165000.0,39000.0
ORD002035,PROD0004,1,0.1,1080.0,430.0
ORD002036,PROD0006,1,0.15,1870.0,670.0
ORD002036,PROD0024,2,0.0,8400.0,4000.0
ORD002036,PROD0014,1,0.0,28000.0,9000.0
ORD002037,PROD0015,3,0.1,22950.0,7950.0
ORD002038,PROD0013,1,0.2,12800.0,2800.0
ORD002039,PROD0008,2,0.1,27000.0,6000.0
ORD002039,PROD0011,1,0.1,10800.0,3300.0
ORD002040,PROD0021,2,0.2,2880.0,980.0
ORD002041,PROD0002,3,0.15,165750.0,12750.0
ORD002041,PROD0015,2,0.05,16150.0,6150.0
ORD002042,PROD0028,1,0.1,1620.0,670.0
ORD002043,PROD0022,1,0.15,765.0,315.0
ORD002043,PROD0016,5,0.1,31500.0,10500.0
ORD002044,PROD0016,1,0.2,5600.0,1400.0
ORD002045,PROD0010,2,0.05,41800.0,9800.0
ORD002046,PROD0023,1,0.05,2375.0,1075.0
ORD002046,PROD0007,2,0.0,44000.0,13000.0
ORD002047,PROD0027,1,0.05,6175.0,2275.0
ORD002047,PROD0015,1,0.15,7225.0,2225.0
ORD002048,PROD0007,2,0.15,37400.0,6400.0
ORD002048,PROD0011,2,0.05,22800.0,7800.0
ORD002049,PROD0007,1,0.0,22000.0,6500.0
ORD002050,PROD0007,2,0.1,39600.0,8600.0
ORD002051,PROD0001,1,0.0,85000.0,17000.0
ORD002052,PROD0019,2,0.0,30000.0,9000.0
ORD002053,PROD0011,1,0.0,12000.0,4500.0
ORD002053,PROD0022,1,0.2,720.0,270.0
ORD002053,PROD0025,5,0.0,17500.0,8500.0
ORD002054,PROD0022,1,0.0,900.0,450.0
ORD002054,PROD0026,1,0.0,5500.0,2300.0
ORD002054,PROD0013,2,0.15,27200.0,7200.0
ORD002055,PROD0004,1,0.05,1140.0,490.0
ORD002056,PROD0020,2,0.0,48000.0,14000.0
ORD002057,PROD0005,1,0.05,4275.0,1575.0
ORD002058,PROD0010,1,0.1,19800.0,3800.0
ORD002059,PROD0002,2,0.15,110500.0,8500.0
ORD002060,PROD0012,1,0.05,17100.0,6100.0
ORD002061,PROD0002,1,0.0,65000.0,14000.0
ORD002061,PROD0005,1,0.0,4500.0,1800.0
ORD002061,PROD0014,1,0.2,22400.0,3400.0
ORD002061,PROD0004,1,0.0,1200.0,550.0
ORD002062,PROD0026,1,0.0,5500.0,2300.0
ORD002062,PROD0013,1,0.1,14400.0,4400.0
ORD002063,PROD0022,2,0.15,1530.0,630.0
ORD002064,PROD0022,2,0.2,1440.0,540.0
ORD002065,PROD0014,1,0.05,26600.0,7600.0
ORD002066,PROD0004,1,0.0,1200.0,550.0
ORD002066,PROD0005,3,0.1,12150.0,4050.0
ORD002067,PROD0021,2,0.0,3600.0,1700.0
ORD002067,PROD0023,1,0.0,2500.0,1200.0
ORD002068,PROD0023,1,0.15,2125.0,825.0
ORD002069,PROD0009,1,0.0,55000.0,13000.0
ORD002070,PROD0011,1,0.0,12000.0,4500.0
ORD002070,PROD0019,4,0.0,60000.0,18000.0
ORD002071,PROD0014,1,0.05,26600.0,7600.0
ORD002071,PROD0001,2,0.1,153000.0,17000.0
ORD002072,PROD0010,1,0.15,18700.0,2700.0
ORD002072,PROD0026,1,0.05,5225.0,2025.0
ORD002073,PROD0007,2,0.0,44000.0,13000.0
ORD002073,PROD0019,2,0.05,28500.0,7500.0
ORD002073,PROD0024,1,0.1,3780.0,1580.0
ORD002074,PROD0024,3,0.05,11970.0,5370.0
ORD002075,PROD0024,5,0.2,16800.0,5800.0
ORD002075,PROD0022,1,0.05,855.0,405.0
ORD002076,PROD0019,4,0.0,60000.0,18000.0
ORD002076,PROD0001,1,0.1,76500.0,8500.0
ORD002076,PROD0006,1,0.0,2200.0,1000.0
ORD002077,PROD0013,1,0.1,14400.0,4400.0
ORD002077,PROD0004,1,0.15,1020.0,370.0
ORD002078,PROD0015,1,0.0,8500.0,3500.0
ORD002078,PROD0001,2,0.0,170000.0,34000.0
ORD002078,PROD0024,1,0.0,4200.0,2000.0
ORD002079,PROD0007,1,0.0,22000.0,6500.0
ORD002079,PROD0009,1,0.1,49500.0,7500.0
ORD002080,PROD0006,3,0.05,6270.0,2670.0
ORD002081,PROD0003,2,0.0,210000.0,40000.0
ORD002082,PROD0025,3,0.1,9450.0,4050.0
ORD002082,PROD0022,2,0.2,1440.0,540.0
ORD002083,PROD0024,1,0.05,3990.0,1790.0
ORD002083,PROD0020,2,0.1,43200.0,9200.0
ORD002084,PROD0001,3,0.0,255000.0,51000.0
ORD002085,PROD0003,1,0.05,99750.0,14750.0
ORD002086,PROD0002,3,0.0,195000.0,42000.0
ORD002087,PROD0017,1,0.15,382.5,162.5
ORD002087,PROD0008,1,0.05,14250.0,3750.0
ORD002087,PROD0021,2,0.0,3600.0,1700.0
ORD002088,PROD0018,1,0.15,552.5,222.5
ORD002089,PROD0015,2,0.1,15300.0,5300.0
ORD002090,PROD0002,1,0.15,55250.0,4250.0
ORD002090,PROD0013,2,0.2,25600.0,5600.0
ORD002090,PROD0007,2,0.15,37400.0,6400.0
ORD002091,PROD0003,5,0.0,525000.0,100000.0
ORD002092,PROD0019,2,0.0,30000.0,9000.0
ORD002093,PROD0023,1,0.1,2250.0,950.0
ORD002094,PROD0005,3,0.05,12825.0,4725.0
ORD002094,PROD0024,1,0.2,3360.0,1160.0
ORD002095,PROD0027,3,0.15,16575.0,4875.0
ORD002095,PROD0023,1,0.2,2000.0,700.0
ORD002096,PROD0015,2,0.2,13600.0,3600.0
ORD002096,PROD0005,5,0.0,22500.0,9000.0
ORD002096,PROD0023,1,0.0,2500.0,1200.0
ORD002097,PROD0015,2,0.05,16150.0,6150.0
ORD002098,PROD0018,1,0.05,617.5,287.5
ORD002099,PROD0023,2,0.0,5000.0,2400.0
ORD002100,PROD0016,1,0.2,5600.0,1400.0
ORD002101,PROD0014,3,0.1,75600.0,18600.0
ORD002101,PROD0003,1,0.05,99750.0,14750.0
ORD002101,PROD0005,4,0.0,18000.0,7200.0
ORD002102,PROD0005,1,0.0,4500.0,1800.0
ORD002103,PROD0005,2,0.0,9000.0,3600.0
ORD002103,PROD0017,3,0.15,1147.5,487.5
ORD002104,PROD0023,2,0.0,5000.0,2400.0
ORD002104,PROD0021,1,0.0,1800.0,850.0
ORD002105,PROD0007,3,0.0,66000.0,19500.0
ORD002106,PROD0014,1,0.15,23800.0,4800.0
ORD002106,PROD0002,2,0.1,117000.0,15000.0
ORD002107,PROD0026,1,0.15,4675.0,1475.0
ORD002108,PROD0021,1,0.05,1710.0,760.0
ORD002108,PROD0013,4,0.1,57600.0,17600.0
ORD002109,PROD0021,1,0.1,1620.0,670.0
ORD002109,PROD0003,1,0.0,105000.0,20000.0
ORD002110,PROD0025,2,0.0,7000.0,3400.0
ORD002110,PROD0009,1,0.0,55000.0,13000.0
ORD002110,PROD0005,2,0.0,9000.0,3600.0
ORD002111,PROD0013,2,0.0,32000.0,12000.0
ORD002112,PROD0003,2,0.0,210000.0,40000.0
ORD002112,PROD0020,2,0.1,43200.0,9200.0
ORD002113,PROD0023,1,0.0,2500.0,1200.0
ORD002114,PROD0025,2,0.05,6650.0,3050.0
ORD002114,PROD0024,3,0.0,12600.0,6000.0
ORD002115,PROD0002,1,0.15,55250.0,4250.0
ORD002116,PROD0002,1,0.0,65000.0,14000.0
ORD002117,PROD0008,1,0.1,13500.0,3000.0
ORD002118,PROD0024,2,0.05,7980.0,3580.0
ORD002118,PROD0015,2,0.15,14450.0,4450.0
ORD002119,PROD0014,1,0.0,28000.0,9000.0
ORD002119,PROD0003,1,0.2,84000.0,-1000.0
ORD002119,PROD0022,2,0.0,1800.0,900.0
ORD002120,PROD0016,1,0.0,7000.0,2800.0
ORD002121,PROD0024,1,0.15,3570.0,1370.0
ORD002122,PROD0012,1,0.0,18000.0,7000.0
ORD002123,PROD0019,1,0.2,12000.0,1500.0
ORD002123,PROD0016,4,0.0,28000.0,11200.0
ORD002124,PROD0020,1,0.0,24000.0,7000.0
ORD002124,PROD0006,5,0.0,11000.0,5000.0
ORD002125,PROD0016,3,0.2,16800.0,4200.0
ORD002125,PROD0012,2,0.0,36000.0,14000.0
ORD002126,PROD0022,2,0.2,1440.0,540.0
ORD002126,PROD0023,4,0.15,8500.0,3300.0
ORD002127,PROD0020,1,0.1,21600.0,4600.0
ORD002128,PROD0015,1,0.2,6800.0,1800.0
ORD002128,PROD0024,1,0.0,4200.0,2000.0
ORD002128,PROD0010,1,0.15,18700.0,2700.0
ORD002129,PROD0025,1,0.15,2975.0,1175.0
ORD002129,PROD0024,1,0.0,4200.0,2000.0
ORD002130,PROD0010,1,0.2,17600.0,1600.0
ORD002131,PROD0015,1,0.2,6800.0,1800.0
ORD002131,PROD0010,2,0.2,35200.0,3200.0
ORD002132,PROD0007,1,0.2,17600.0,2100.0
ORD002133,PROD0025,2,0.2,5600.0,2000.0
ORD002133,PROD0008,2,0.15,25500.0,4500.0
ORD002133,PROD0028,2,0.2,2880.0,980.0
ORD002133,PROD0015,2,0.05,16150.0,6150.0
ORD002134,PROD0004,2,0.05,2280.0,980.0
ORD002135,PROD0001,1,0.0,85000.0,17000.0
ORD002135,PROD0027,1,0.0,6500.0,2600.0
ORD002136,PROD0015,2,0.0,17000.0,7000.0
ORD002136,PROD0010,2,0.1,39600.0,7600.0
ORD002137,PROD0024,1,0.1,3780.0,1580.0
ORD002138,PROD0009,2,0.0,110000.0,26000.0
ORD002139,PROD0007,4,0.2,70400.0,8400.0
ORD002140,PROD0013,1,0.15,13600.0,3600.0
ORD002141,PROD0012,1,0.0,18000.0,7000.0
ORD002142,PROD0019,2,0.1,27000.0,6000.0
ORD002143,PROD0006,1,0.2,1760.0,560.0
ORD002144,PROD0005,4,0.15,15300.0,4500.0
ORD002145,PROD0004,2,0.0,2400.0,1100.0
ORD002145,PROD0003,3,0.1,283500.0,28500.0
ORD002146,PROD0023,3,0.1,6750.0,2850.0
ORD002147,PROD0022,1,0.1,810.0,360.0
ORD002148,PROD0022,1,0.0,900.0,450.0
ORD002148,PROD0024,3,0.0,12600.0,6000.0
ORD002149,PROD0027,2,0.0,13000.0,5200.0
ORD002150,PROD0007,1,0.15,18700.0,3200.0
ORD002151,PROD0023,1,0.0,2500.0,1200.0
ORD002152,PROD0028,1,0.2,1440.0,490.0
ORD002152,PROD0018,1,0.0,650.0,320.0
ORD002153,PROD0028,1,0.0,1800.0,850.0
ORD002154,PROD0016,2,0.0,14000.0,5600.0
ORD002155,PROD0028,1,0.1,1620.0,670.0
ORD002156,PROD0027,1,0.05,6175.0,2275.0
ORD002156,PROD0019,4,0.1,54000.0,12000.0
ORD002157,PROD0023,4,0.2,8000.0,2800.0
ORD002157,PROD0020,2,0.0,48000.0,14000.0
ORD002157,PROD0005,1,0.15,3825.0,1125.0
ORD002158,PROD0024,1,0.05,3990.0,1790.0
ORD002159,PROD0001,1,0.1,76500.0,8500.0
ORD002160,PROD0015,4,0.05,32300.0,12300.0
ORD002161,PROD0009,1,0.2,44000.0,2000.0
ORD002161,PROD0022,3,0.0,2700.0,1350.0
ORD002162,PROD0003,1,0.05,99750.0,14750.0
ORD002163,PROD0002,3,0.0,195000.0,42000.0
ORD002164,PROD0020,3,0.05,68400.0,17400.0
ORD002164,PROD0027,1,0.2,5200.0,1300.0
ORD002165,PROD0017,1,0.1,405.0,185.0
ORD002166,PROD0018,1,0.05,617.5,287.5
ORD002167,PROD0009,1,0.0,55000.0,13000.0
ORD002168,PROD0025,1,0.0,3500.0,1700.0
ORD002168,PROD0010,1,0.1,19800.0,3800.0
ORD002168,PROD0003,4,0.0,420000.0,80000.0
ORD002169,PROD0019,5,0.05,71250.0,18750.0
ORD002169,PROD0023,5,0.0,12500.0,6000.0
ORD002170,PROD0020,1,0.05,22800.0,5800.0
ORD002170,PROD0014,1,0.0,28000.0,9000.0
ORD002171,PROD0019,3,0.1,40500.0,9000.0
ORD002171,PROD0007,2,0.0,44000.0,13000.0
ORD002171,PROD0009,1,0.0,55000.0,13000.0
ORD002171,PROD0013,3,0.1,43200.0,13200.0
ORD002172,PROD0010,1,0.0,22000.0,6000.0
ORD002173,PROD0026,2,0.05,10450.0,4050.0
ORD002174,PROD0003,5,0.05,498750.0,73750.0
ORD002175,PROD0013,2,0.15,27200.0,7200.0
ORD002175,PROD0005,4,0.2,14400.0,3600.0
ORD002176,PROD0026,2,0.0,11000.0,4600.0
ORD002176,PROD0015,2,0.1,15300.0,5300.0
ORD002176,PROD0001,1,0.0,85000.0,17000.0
ORD002177,PROD0004,1,0.0,1200.0,550.0
ORD002177,PROD0013,1,0.0,16000.0,6000.0
ORD002177,PROD0002,1,0.0,65000.0,14000.0
ORD002178,PROD0015,4,0.0,34000.0,14000.0
ORD002179,PROD0021,2,0.05,3420.0,1520.0
ORD002179,PROD0023,1,0.05,2375.0,1075.0
ORD002180,PROD0006,1,0.2,1760.0,560.0
ORD002180,PROD0010,3,0.05,62700.0,14700.0
ORD002181,PROD0003,2,0.0,210000.0,40000.0
ORD002182,PROD0003,1,0.15,89250.0,4250.0
ORD002183,PROD0018,3,0.1,1755.0,765.0
ORD002184,PROD0018,1,0.05,617.5,287.5
ORD002184,PROD0025,1,0.0,3500.0,1700.0
ORD002184,PROD0026,2,0.0,11000.0,4600.0
ORD002185,PROD0028,1,0.1,1620.0,670.0
ORD002186,PROD0008,1,0.0,15000.0,4500.0
ORD002187,PROD0010,1,0.0,22000.0,6000.0
ORD002187,PROD0003,1,0.2,84000.0,-1000.0
ORD002188,PROD0017,1,0.0,450.0,230.0
ORD002188,PROD0006,4,0.15,7480.0,2680.0
ORD002189,PROD0018,1,0.1,585.0,255.0
ORD002190,PROD0011,3,0.1,32400.0,9900.0
ORD002191,PROD0019,4,0.1,54000.0,12000.0
ORD002192,PROD0010,1,0.1,19800.0,3800.0
ORD002193,PROD0023,5,0.05,11875.0,5375.0
ORD002193,PROD0027,3,0.0,19500.0,7800.0
ORD002193,PROD0018,1,0.0,650.0,320.0
ORD002194,PROD0008,3,0.0,45000.0,13500.0
ORD002195,PROD0018,3,0.0,1950.0,960.0
ORD002195,PROD0028,2,0.2,2880.0,980.0
ORD002196,PROD0007,3,0.0,66000.0,19500.0
ORD002196,PROD0024,3,0.05,11970.0,5370.0
ORD002196,PROD0006,1,0.0,2200.0,1000.0
ORD002197,PROD0015,4,0.15,28900.0,8900.0
ORD002198,PROD0013,1,0.1,14400.0,4400.0
ORD002199,PROD0025,1,0.0,3500.0,1700.0
ORD002199,PROD0011,1,0.15,10200.0,2700.0
ORD002200,PROD0001,2,0.0,170000.0,34000.0
ORD002201,PROD0016,1,0.0,7000.0,2800.0
ORD002202,PROD0015,4,0.0,34000.0,14000.0
ORD002202,PROD0003,1,0.15,89250.0,4250.0
ORD002203,PROD0027,1,0.15,5525.0,1625.0
ORD002204,PROD0027,2,0.15,11050.0,3250.0
ORD002204,PROD0028,2,0.05,3420.0,1520.0
ORD002205,PROD0014,1,0.15,23800.0,4800.0
ORD002206,PROD0026,3,0.05,15675.0,6075.0
ORD002207,PROD0023,2,0.0,5000.0,2400.0
ORD002208,PROD0007,1,0.0,22000.0,6500.0
ORD002209,PROD0016,1,0.0,7000.0,2800.0
ORD002209,PROD0007,2,0.0,44000.0,13000.0
ORD002210,PROD0022,1,0.1,810.0,360.0
ORD002210,PROD0027,1,0.2,5200.0,1300.0
ORD002211,PROD0001,1,0.0,85000.0,17000.0
ORD002212,PROD0002,2,0.0,130000.0,28000.0
ORD002212,PROD0025,1,0.0,3500.0,1700.0
ORD002213,PROD0014,1,0.15,23800.0,4800.0
ORD002214,PROD0022,5,0.2,3600.0,1350.0
ORD002214,PROD0008,1,0.05,14250.0,3750.0
ORD002215,PROD0010,1,0.05,20900.0,4900.0
ORD002215,PROD0004,4,0.1,4320.0,1720.0
ORD002216,PROD0003,2,0.15,178500.0,8500.0
ORD002216,PROD0012,2,0.0,36000.0,14000.0
ORD002216,PROD0026,1,0.15,4675.0,1475.0
ORD002217,PROD0017,1,0.2,360.0,140.0
ORD002218,PROD0011,1,0.0,12000.0,4500.0
ORD002218,PROD0013,1,0.0,16000.0,6000.0
ORD002218,PROD0020,2,0.05,45600.0,11600.0
ORD002218,PROD0001,1,0.0,85000.0,17000.0
ORD002219,PROD0023,1,0.2,2000.0,700.0
ORD002220,PROD0023,1,0.1,2250.0,950.0
ORD002221,PROD0012,1,0.15,15300.0,4300.0
ORD002221,PROD0018,1,0.0,650.0,320.0
ORD002222,PROD0014,1,0.1,25200.0,6200.0
ORD002222,PROD0006,1,0.0,2200.0,1000.0
ORD002223,PROD0019,3,0.0,45000.0,13500.0
ORD002223,PROD0022,1,0.0,900.0,450.0
ORD002224,PROD0001,2,0.1,153000.0,17000.0
ORD002225,PROD0002,1,0.15,55250.0,4250.0
ORD002226,PROD0028,4,0.1,6480.0,2680.0
ORD002227,PROD0023,1,0.15,2125.0,825.0
ORD002228,PROD0016,2,0.0,14000.0,5600.0
ORD002228,PROD0003,1,0.0,105000.0,20000.0
ORD002228,PROD0028,1,0.1,1620.0,670.0
ORD002229,PROD0011,2,0.0,24000.0,9000.0
ORD002229,PROD0018,1,0.15,552.5,222.5
ORD002230,PROD0004,1,0.0,1200.0,550.0
ORD002231,PROD0009,3,0.0,165000.0,39000.0
ORD002232,PROD0015,1,0.15,7225.0,2225.0
ORD002233,PROD0016,1,0.05,6650.0,2450.0
ORD002233,PROD0006,1,0.0,2200.0,1000.0
ORD002234,PROD0012,2,0.0,36000.0,14000.0
ORD002234,PROD0020,1,0.1,21600.0,4600.0
ORD002234,PROD0014,2,0.0,56000.0,18000.0
ORD002235,PROD0016,1,0.0,7000.0,2800.0
ORD002236,PROD0012,3,0.0,54000.0,21000.0
ORD002236,PROD0001,3,0.0,255000.0,51000.0
ORD002237,PROD0013,2,0.15,27200.0,7200.0
ORD002237,PROD0005,1,0.0,4500.0,1800.0
ORD002238,PROD0012,3,0.2,43200.0,10200.0
ORD002239,PROD0003,2,0.1,189000.0,19000.0
ORD002240,PROD0006,2,0.0,4400.0,2000.0
ORD002241,PROD0022,1,0.0,900.0,450.0
ORD002241,PROD0012,4,0.15,61200.0,17200.0
ORD002242,PROD0021,1,0.2,1440.0,490.0
ORD002242,PROD0017,1,0.15,382.5,162.5
ORD002243,PROD0028,1,0.15,1530.0,580.0
ORD002244,PROD0003,3,0.0,315000.0,60000.0
ORD002244,PROD0010,1,0.15,18700.0,2700.0
ORD002245,PROD0005,1,0.0,4500.0,1800.0
ORD002246,PROD0026,2,0.05,10450.0,4050.0
ORD002247,PROD0025,3,0.05,9975.0,4575.0
ORD002247,PROD0020,1,0.1,21600.0,4600.0
ORD002248,PROD0018,1,0.0,650.0,320.0
ORD002248,PROD0005,1,0.15,3825.0,1125.0
ORD002249,PROD0028,1,0.15,1530.0,580.0
ORD002250,PROD0026,5,0.0,27500.0,11500.0
ORD002250,PROD0006,1,0.15,1870.0,670.0
ORD002250,PROD0024,1,0.0,4200.0,2000.0
ORD002251,PROD0014,3,0.2,67200.0,10200.0
ORD002251,PROD0008,1,0.0,15000.0,4500.0
ORD002251,PROD0010,1,0.2,17600.0,1600.0
ORD002251,PROD0021,2,0.2,2880.0,980.0
ORD002252,PROD0002,2,0.15,110500.0,8500.0
ORD002252,PROD0012,1,0.05,17100.0,6100.0
ORD002253,PROD0019,2,0.0,30000.0,9000.0
ORD002253,PROD0002,4,0.05,247000.0,43000.0
ORD002254,PROD0009,1,0.15,46750.0,4750.0
ORD002254,PROD0003,1,0.0,105000.0,20000.0
ORD002255,PROD0014,1,0.1,25200.0,6200.0
ORD002256,PROD0003,1,0.0,105000.0,20000.0
ORD002256,PROD0026,2,0.15,9350.0,2950.0
ORD002256,PROD0004,4,0.0,4800.0,2200.0
ORD002257,PROD0023,1,0.0,2500.0,1200.0
ORD002257,PROD0012,1,0.2,14400.0,3400.0
ORD002258,PROD0014,1,0.05,26600.0,7600.0
ORD002258,PROD0023,1,0.05,2375.0,1075.0
ORD002259,PROD0016,1,0.2,5600.0,1400.0
ORD002260,PROD0025,1,0.0,3500.0,1700.0
ORD002261,PROD0020,3,0.15,61200.0,10200.0
ORD002261,PROD0003,1,0.0,105000.0,20000.0
ORD002262,PROD0002,3,0.1,175500.0,22500.0
ORD002262,PROD0003,1,0.1,94500.0,9500.0
ORD002262,PROD0010,1,0.1,19800.0,3800.0
ORD002262,PROD0019,1,0.1,13500.0,3000.0
ORD002263,PROD0023,2,0.15,4250.0,1650.0
ORD002263,PROD0003,1,0.2,84000.0,-1000.0
ORD002264,PROD0007,1,0.1,19800.0,4300.0
ORD002265,PROD0019,3,0.0,45000.0,13500.0
ORD002266,PROD0003,2,0.0,210000.0,40000.0
ORD002267,PROD0018,2,0.15,1105.0,445.0
ORD002268,PROD0015,4,0.0,34000.0,14000.0
ORD002269,PROD0028,1,0.0,1800.0,850.0
ORD002269,PROD0021,5,0.15,7650.0,2900.0
ORD002270,PROD0003,3,0.0,315000.0,60000.0
ORD002270,PROD0016,2,0.1,12600.0,4200.0
ORD002270,PROD0001,1,0.0,85000.0,17000.0
ORD002271,PROD0026,1,0.0,5500.0,2300.0
ORD002271,PROD0025,3,0.0,10500.0,5100.0
ORD002271,PROD0016,1,0.15,5950.0,1750.0
ORD002272,PROD0006,1,0.0,2200.0,1000.0
ORD002273,PROD0026,1,0.0,5500.0,2300.0
ORD002274,PROD0016,1,0.1,6300.0,2100.0
ORD002275,PROD0013,1,0.2,12800.0,2800.0
ORD002276,PROD0015,2,0.0,17000.0,7000.0
ORD002276,PROD0012,1,0.2,14400.0,3400.0
ORD002277,PROD0005,1,0.05,4275.0,1575.0
ORD002277,PROD0008,2,0.0,30000.0,9000.0
ORD002278,PROD0001,3,0.15,216750.0,12750.0
ORD002279,PROD0021,1,0.0,1800.0,850.0
ORD002280,PROD0028,2,0.2,2880.0,980.0
ORD002281,PROD0025,3,0.2,8400.0,3000.0
ORD002282,PROD0028,4,0.0,7200.0,3400.0
ORD002283,PROD0019,1,0.2,12000.0,1500.0
ORD002283,PROD0020,1,0.05,22800.0,5800.0
ORD002284,PROD0015,1,0.0,8500.0,3500.0
ORD002285,PROD0009,3,0.2,132000.0,6000.0
ORD002285,PROD0013,3,0.05,45600.0,15600.0
ORD002286,PROD0020,1,0.15,20400.0,3400.0
ORD002287,PROD0025,1,0.15,2975.0,1175.0
ORD002288,PROD0001,1,0.15,72250.0,4250.0
ORD002289,PROD0017,1,0.0,450.0,230.0
ORD002289,PROD0027,2,0.2,10400.0,2600.0
ORD002290,PROD0009,2,0.0,110000.0,26000.0
ORD002290,PROD0021,1,0.0,1800.0,850.0
ORD002290,PROD0002,1,0.2,52000.0,1000.0
ORD002291,PROD0025,1,0.1,3150.0,1350.0
ORD002292,PROD0010,1,0.1,19800.0,3800.0
ORD002292,PROD0023,2,0.1,4500.0,1900.0
ORD002293,PROD0006,1,0.15,1870.0,670.0
ORD002293,PROD0008,1,0.1,13500.0,3000.0
ORD002293,PROD0015,1,0.0,8500.0,3500.0
ORD002294,PROD0011,3,0.2,28800.0,6300.0
ORD002295,PROD0022,2,0.0,1800.0,900.0
ORD002295,PROD0012,2,0.0,36000.0,14000.0
ORD002296,PROD0028,1,0.1,1620.0,670.0
ORD002297,PROD0019,2,0.0,30000.0,9000.0
ORD002297,PROD0014,3,0.1,75600.0,18600.0
ORD002298,PROD0025,1,0.1,3150.0,1350.0
ORD002298,PROD0008,3,0.1,40500.0,9000.0
ORD002298,PROD0014,2,0.0,56000.0,18000.0
ORD002299,PROD0019,3,0.0,45000.0,13500.0
ORD002300,PROD0008,1,0.0,15000.0,4500.0
ORD002301,PROD0008,1,0.05,14250.0,3750.0
ORD002302,PROD0010,1,0.2,17600.0,1600.0
ORD002303,PROD0014,2,0.15,47600.0,9600.0
ORD002304,PROD0013,1,0.2,12800.0,2800.0
ORD002305,PROD0002,1,0.0,65000.0,14000.0
ORD002306,PROD0012,3,0.1,48600.0,15600.0
ORD002307,PROD0013,1,0.0,16000.0,6000.0
ORD002308,PROD0010,1,0.0,22000.0,6000.0
ORD002309,PROD0025,1,0.2,2800.0,1000.0
ORD002310,PROD0015,1,0.0,8500.0,3500.0
ORD002311,PROD0023,2,0.0,5000.0,2400.0
ORD002311,PROD0007,1,0.1,19800.0,4300.0
ORD002312,PROD0004,1,0.0,1200.0,550.0
ORD002313,PROD0013,2,0.05,30400.0,10400.0
ORD002313,PROD0003,2,0.0,210000.0,40000.0
ORD002313,PROD0017,2,0.0,900.0,460.0
ORD002314,PROD0021,1,0.0,1800.0,850.0
ORD002315,PROD0006,1,0.0,2200.0,1000.0
ORD002315,PROD0024,1,0.2,3360.0,1160.0
ORD002315,PROD0013,1,0.2,12800.0,2800.0
ORD002316,PROD0028,1,0.0,1800.0,850.0
ORD002316,PROD0008,3,0.0,45000.0,13500.0
ORD002316,PROD0016,1,0.2,5600.0,1400.0
ORD002317,PROD0021,1,0.0,1800.0,850.0
ORD002317,PROD0022,3,0.0,2700.0,1350.0
ORD002318,PROD0026,1,0.0,5500.0,2300.0
ORD002318,PROD0014,5,0.2,112000.0,17000.0
ORD002319,PROD0020,4,0.15,81600.0,13600.0
ORD002320,PROD0005,4,0.05,17100.0,6300.0
ORD002320,PROD0016,2,0.05,13300.0,4900.0
ORD002320,PROD0025,3,0.15,8925.0,3525.0
ORD002320,PROD0008,1,0.0,15000.0,4500.0
ORD002321,PROD0024,1,0.2,3360.0,1160.0
ORD002321,PROD0025,3,0.05,9975.0,4575.0
ORD002322,PROD0008,1,0.2,12000.0,1500.0
ORD002322,PROD0018,3,0.1,1755.0,765.0
ORD002323,PROD0022,2,0.0,1800.0,900.0
ORD002324,PROD0019,2,0.1,27000.0,6000.0
ORD002324,PROD0007,2,0.05,41800.0,10800.0
ORD002324,PROD0009,2,0.0,110000.0,26000.0
ORD002324,PROD0001,1,0.0,85000.0,17000.0
ORD002325,PROD0014,3,0.2,67200.0,10200.0
ORD002326,PROD0025,2,0.0,7000.0,3400.0
ORD002327,PROD0027,1,0.0,6500.0,2600.0
ORD002328,PROD0007,2,0.05,41800.0,10800.0
ORD002328,PROD0028,3,0.0,5400.0,2550.0
ORD002329,PROD0014,1,0.05,26600.0,7600.0
ORD002330,PROD0011,2,0.15,20400.0,5400.0
ORD002330,PROD0023,1,0.2,2000.0,700.0
ORD002330,PROD0022,1,0.0,900.0,450.0
ORD002331,PROD0020,2,0.05,45600.0,11600.0
ORD002332,PROD0010,3,0.15,56100.0,8100.0
ORD002332,PROD0005,2,0.05,8550.0,3150.0
ORD002333,PROD0023,3,0.0,7500.0,3600.0
ORD002333,PROD0012,1,0.0,18000.0,7000.0
ORD002334,PROD0001,1,0.15,72250.0,4250.0
ORD002335,PROD0023,2,0.05,4750.0,2150.0
ORD002335,PROD0028,1,0.0,1800.0,850.0
ORD002335,PROD0003,1,0.15,89250.0,4250.0
ORD002336,PROD0023,1,0.0,2500.0,1200.0
ORD002336,PROD0025,1,0.15,2975.0,1175.0
ORD002337,PROD0014,2,0.1,50400.0,12400.0
ORD002338,PROD0006,1,0.15,1870.0,670.0
ORD002339,PROD0016,2,0.15,11900.0,3500.0
ORD002340,PROD0028,1,0.05,1710.0,760.0
ORD002340,PROD0002,2,0.0,130000.0,28000.0
ORD002340,PROD0003,1,0.15,89250.0,4250.0
ORD002341,PROD0021,1,0.0,1800.0,850.0
ORD002341,PROD0011,2,0.0,24000.0,9000.0
ORD002342,PROD0009,3,0.2,132000.0,6000.0
ORD002343,PROD0019,1,0.15,12750.0,2250.0
ORD002343,PROD0010,4,0.0,88000.0,24000.0
ORD002343,PROD0018,1,0.15,552.5,222.5
ORD002344,PROD0028,1,0.0,1800.0,850.0
ORD002344,PROD0026,2,0.2,8800.0,2400.0
ORD002344,PROD0008,5,0.2,60000.0,7500.0
ORD002345,PROD0007,1,0.1,19800.0,4300.0
ORD002345,PROD0021,3,0.15,4590.0,1740.0
ORD002345,PROD0016,1,0.05,6650.0,2450.0
ORD002346,PROD0019,1,0.0,15000.0,4500.0
ORD002346,PROD0018,1,0.0,650.0,320.0
ORD002347,PROD0011,1,0.15,10200.0,2700.0
ORD002348,PROD0023,1,0.2,2000.0,700.0
ORD002349,PROD0017,2,0.15,765.0,325.0
ORD002350,PROD0003,1,0.05,99750.0,14750.0
ORD002350,PROD0027,4,0.15,22100.0,6500.0
ORD002351,PROD0026,1,0.15,4675.0,1475.0
ORD002351,PROD0020,4,0.05,91200.0,23200.0
ORD002351,PROD0009,2,0.0,110000.0,26000.0
ORD002352,PROD0014,1,0.0,28000.0,9000.0
ORD002353,PROD0009,2,0.0,110000.0,26000.0
ORD002353,PROD0013,5,0.2,64000.0,14000.0
ORD002353,PROD0023,1,0.0,2500.0,1200.0
ORD002354,PROD0015,3,0.0,25500.0,10500.0
ORD002354,PROD0012,2,0.0,36000.0,14000.0
ORD002355,PROD0016,3,0.15,17850.0,5250.0
ORD002355,PROD0007,1,0.1,19800.0,4300.0
ORD002355,PROD0024,3,0.2,10080.0,3480.0
ORD002356,PROD0023,1,0.05,2375.0,1075.0
ORD002357,PROD0022,2,0.15,1530.0,630.0
ORD002357,PROD0016,1,0.0,7000.0,2800.0
ORD002357,PROD0010,1,0.1,19800.0,3800.0
ORD002357,PROD0018,2,0.0,1300.0,640.0
ORD002358,PROD0011,1,0.0,12000.0,4500.0
ORD002358,PROD0008,1,0.2,12000.0,1500.0
ORD002359,PROD0025,3,0.1,9450.0,4050.0
ORD002359,PROD0018,4,0.2,2080.0,760.0
ORD002360,PROD0016,2,0.1,12600.0,4200.0
ORD002361,PROD0014,2,0.05,53200.0,15200.0
ORD002362,PROD0005,1,0.15,3825.0,1125.0
ORD002362,PROD0018,3,0.1,1755.0,765.0
ORD002363,PROD0027,1,0.05,6175.0,2275.0
ORD002363,PROD0019,1,0.2,12000.0,1500.0
ORD002363,PROD0021,3,0.1,4860.0,2010.0
ORD002363,PROD0012,1,0.0,18000.0,7000.0
ORD002364,PROD0001,1,0.15,72250.0,4250.0
ORD002364,PROD0027,5,0.05,30875.0,11375.0
ORD002365,PROD0025,2,0.2,5600.0,2000.0
ORD002366,PROD0015,1,0.2,6800.0,1800.0
ORD002366,PROD0002,1,0.15,55250.0,4250.0
ORD002366,PROD0026,1,0.15,4675.0,1475.0
ORD002366,PROD0008,1,0.15,12750.0,2250.0
ORD002367,PROD0014,3,0.1,75600.0,18600.0
ORD002367,PROD0025,1,0.0,3500.0,1700.0
ORD002368,PROD0027,2,0.15,11050.0,3250.0
ORD002369,PROD0017,1,0.1,405.0,185.0
ORD002370,PROD0005,2,0.15,7650.0,2250.0
ORD002371,PROD0024,1,0.05,3990.0,1790.0
ORD002372,PROD0022,1,0.0,900.0,450.0
ORD002372,PROD0006,3,0.2,5280.0,1680.0
ORD002372,PROD0020,1,0.2,19200.0,2200.0
ORD002373,PROD0011,1,0.05,11400.0,3900.0
ORD002374,PROD0016,1,0.15,5950.0,1750.0
ORD002375,PROD0025,2,0.0,7000.0,3400.0
ORD002376,PROD0015,5,0.0,42500.0,17500.0
ORD002377,PROD0019,1,0.2,12000.0,1500.0
ORD002378,PROD0002,1,0.0,65000.0,14000.0
ORD002378,PROD0007,2,0.0,44000.0,13000.0
ORD002378,PROD0010,1,0.0,22000.0,6000.0
ORD002379,PROD0008,1,0.0,15000.0,4500.0
ORD002380,PROD0013,4,0.0,64000.0,24000.0
ORD002380,PROD0022,1,0.0,900.0,450.0
ORD002381,PROD0008,3,0.2,36000.0,4500.0
ORD002381,PROD0001,1,0.05,80750.0,12750.0
ORD002381,PROD0020,2,0.2,38400.0,4400.0
ORD002382,PROD0025,1,0.05,3325.0,1525.0
ORD002383,PROD0003,1,0.0,105000.0,20000.0
ORD002384,PROD0005,1,0.05,4275.0,1575.0
ORD002385,PROD0012,1,0.15,15300.0,4300.0
ORD002385,PROD0004,2,0.05,2280.0,980.0
ORD002386,PROD0019,1,0.2,12000.0,1500.0
ORD002386,PROD0001,1,0.2,68000.0,0.0
ORD002387,PROD0013,1,0.0,16000.0,6000.0
ORD002387,PROD0024,1,0.05,3990.0,1790.0
ORD002387,PROD0025,1,0.0,3500.0,1700.0
ORD002388,PROD0005,1,0.2,3600.0,900.0
ORD002388,PROD0018,4,0.1,2340.0,1020.0
ORD002388,PROD0012,1,0.0,18000.0,7000.0
ORD002388,PROD0023,3,0.2,6000.0,2100.0
ORD002389,PROD0008,1,0.0,15000.0,4500.0
ORD002389,PROD0016,2,0.0,14000.0,5600.0
ORD002389,PROD0022,1,0.0,900.0,450.0
ORD002390,PROD0023,3,0.15,6375.0,2475.0
ORD002390,PROD0016,2,0.0,14000.0,5600.0
ORD002391,PROD0023,2,0.0,5000.0,2400.0
ORD002392,PROD0009,1,0.05,52250.0,10250.0
ORD002392,PROD0002,1,0.0,65000.0,14000.0
ORD002393,PROD0025,1,0.0,3500.0,1700.0
ORD002394,PROD0018,1,0.1,585.0,255.0
ORD002394,PROD0026,1,0.05,5225.0,2025.0
ORD002395,PROD0003,1,0.05,99750.0,14750.0
ORD002395,PROD0005,3,0.15,11475.0,3375.0
ORD002396,PROD0009,1,0.1,49500.0,7500.0
ORD002396,PROD0015,1,0.15,7225.0,2225.0
ORD002396,PROD0008,2,0.0,30000.0,9000.0
ORD002397,PROD0022,1,0.05,855.0,405.0
ORD002397,PROD0004,2,0.05,2280.0,980.0
ORD002398,PROD0021,2,0.0,3600.0,1700.0
ORD002399,PROD0023,1,0.0,2500.0,1200.0
ORD002400,PROD0023,1,0.05,2375.0,1075.0
ORD002400,PROD0005,2,0.1,8100.0,2700.0
ORD002401,PROD0015,2,0.05,16150.0,6150.0
ORD002401,PROD0020,1,0.0,24000.0,7000.0
ORD002402,PROD0005,2,0.05,8550.0,3150.0
ORD002403,PROD0020,1,0.1,21600.0,4600.0
ORD002404,PROD0007,1,0.0,22000.0,6500.0
ORD002405,PROD0018,1,0.2,520.0,190.0
ORD002406,PROD0008,1,0.1,13500.0,3000.0
ORD002406,PROD0020,1,0.15,20400.0,3400.0
ORD002407,PROD0028,2,0.0,3600.0,1700.0
ORD002407,PROD0007,2,0.0,44000.0,13000.0
ORD002408,PROD0004,2,0.0,2400.0,1100.0
ORD002409,PROD0027,1,0.0,6500.0,2600.0
ORD002409,PROD0022,2,0.2,1440.0,540.0
ORD002410,PROD0022,2,0.0,1800.0,900.0
ORD002411,PROD0013,1,0.15,13600.0,3600.0
ORD002412,PROD0013,2,0.0,32000.0,12000.0
ORD002412,PROD0021,1,0.05,1710.0,760.0
ORD002413,PROD0010,1,0.05,20900.0,4900.0
ORD002414,PROD0010,3,0.1,59400.0,11400.0
ORD002415,PROD0014,1,0.1,25200.0,6200.0
ORD002415,PROD0008,1,0.1,13500.0,3000.0
ORD002416,PROD0024,1,0.1,3780.0,1580.0
ORD002417,PROD0010,1,0.05,20900.0,4900.0
ORD002418,PROD0005,1,0.0,4500.0,1800.0
ORD002419,PROD0013,3,0.05,45600.0,15600.0
ORD002419,PROD0008,1,0.1,13500.0,3000.0
ORD002420,PROD0014,2,0.0,56000.0,18000.0
ORD002420,PROD0008,2,0.1,27000.0,6000.0
ORD002421,PROD0007,2,0.0,44000.0,13000.0
ORD002422,PROD0024,1,0.0,4200.0,2000.0
ORD002423,PROD0022,2,0.0,1800.0,900.0
ORD002424,PROD0002,1,0.0,65000.0,14000.0
ORD002425,PROD0005,2,0.0,9000.0,3600.0
ORD002426,PROD0005,2,0.05,8550.0,3150.0
ORD002427,PROD0013,2,0.0,32000.0,12000.0
ORD002427,PROD0022,1,0.05,855.0,405.0
ORD002427,PROD0008,2,0.05,28500.0,7500.0
ORD002428,PROD0023,3,0.0,7500.0,3600.0
ORD002429,PROD0007,1,0.1,19800.0,4300.0
ORD002429,PROD0010,1,0.0,22000.0,6000.0
ORD002429,PROD0017,1,0.05,427.5,207.5
ORD002430,PROD0004,2,0.0,2400.0,1100.0
ORD002431,PROD0010,1,0.05,20900.0,4900.0
ORD002431,PROD0018,2,0.15,1105.0,445.0
ORD002432,PROD0015,1,0.2,6800.0,1800.0
ORD002433,PROD0014,1,0.2,22400.0,3400.0
ORD002433,PROD0010,1,0.2,17600.0,1600.0
ORD002434,PROD0019,2,0.15,25500.0,4500.0
ORD002434,PROD0021,1,0.0,1800.0,850.0
ORD002435,PROD0021,1,0.05,1710.0,760.0
ORD002435,PROD0009,2,0.2,88000.0,4000.0
ORD002436,PROD0022,2,0.05,1710.0,810.0
ORD002436,PROD0001,1,0.05,80750.0,12750.0
ORD002437,PROD0025,2,0.15,5950.0,2350.0
ORD002438,PROD0018,1,0.0,650.0,320.0
ORD002439,PROD0016,3,0.15,17850.0,5250.0
ORD002440,PROD0014,4,0.2,89600.0,13600.0
ORD002441,PROD0016,2,0.15,11900.0,3500.0
ORD002442,PROD0008,2,0.0,30000.0,9000.0
ORD002442,PROD0018,2,0.2,1040.0,380.0
ORD002442,PROD0015,3,0.15,21675.0,6675.0
ORD002443,PROD0017,4,0.0,1800.0,920.0
ORD002444,PROD0013,1,0.0,16000.0,6000.0
ORD002444,PROD0014,2,0.05,53200.0,15200.0
ORD002445,PROD0010,2,0.05,41800.0,9800.0
ORD002446,PROD0017,4,0.1,1620.0,740.0
ORD002447,PROD0015,1,0.2,6800.0,1800.0
ORD002448,PROD0002,2,0.05,123500.0,21500.0
ORD002449,PROD0020,1,0.0,24000.0,7000.0
ORD002450,PROD0024,1,0.0,4200.0,2000.0
ORD002451,PROD0017,3,0.15,1147.5,487.5
ORD002452,PROD0022,1,0.2,720.0,270.0
ORD002452,PROD0013,2,0.15,27200.0,7200.0
ORD002453,PROD0008,1,0.2,12000.0,1500.0
ORD002454,PROD0009,1,0.1,49500.0,7500.0
ORD002455,PROD0004,1,0.0,1200.0,550.0
ORD002456,PROD0013,3,0.1,43200.0,13200.0
ORD002456,PROD0002,1,0.0,65000.0,14000.0
ORD002457,PROD0002,1,0.2,52000.0,1000.0
ORD002458,PROD0020,1,0.05,22800.0,5800.0
ORD002459,PROD0010,2,0.0,44000.0,12000.0
ORD002460,PROD0013,1,0.0,16000.0,6000.0
ORD002461,PROD0024,3,0.0,12600.0,6000.0
ORD002462,PROD0003,1,0.0,105000.0,20000.0
ORD002462,PROD0014,1,0.0,28000.0,9000.0
ORD002463,PROD0025,1,0.1,3150.0,1350.0
ORD002464,PROD0013,1,0.0,16000.0,6000.0
ORD002464,PROD0023,2,0.05,4750.0,2150.0
ORD002465,PROD0023,2,0.15,4250.0,1650.0
ORD002465,PROD0003,1,0.2,84000.0,-1000.0
ORD002466,PROD0004,1,0.0,1200.0,550.0
ORD002466,PROD0011,1,0.0,12000.0,4500.0
ORD002467,PROD0018,1,0.15,552.5,222.5
ORD002468,PROD0001,3,0.1,229500.0,25500.0
ORD002468,PROD0004,1,0.15,1020.0,370.0
ORD002469,PROD0028,1,0.1,1620.0,670.0
ORD002470,PROD0028,1,0.2,1440.0,490.0
ORD002471,PROD0004,5,0.0,6000.0,2750.0
ORD002472,PROD0028,1,0.0,1800.0,850.0
ORD002473,PROD0004,3,0.1,3240.0,1290.0
ORD002473,PROD0018,1,0.15,552.5,222.5
ORD002473,PROD0003,3,0.2,252000.0,-3000.0
ORD002474,PROD0010,2,0.2,35200.0,3200.0
ORD002475,PROD0007,2,0.15,37400.0,6400.0
ORD002475,PROD0013,1,0.0,16000.0,6000.0
ORD002476,PROD0019,1,0.2,12000.0,1500.0
ORD002477,PROD0019,3,0.1,40500.0,9000.0
ORD002477,PROD0008,1,0.05,14250.0,3750.0
ORD002478,PROD0014,2,0.05,53200.0,15200.0
ORD002479,PROD0001,1,0.15,72250.0,4250.0
ORD002480,PROD0005,2,0.0,9000.0,3600.0
ORD002481,PROD0025,4,0.2,11200.0,4000.0
ORD002481,PROD0027,2,0.15,11050.0,3250.0
ORD002482,PROD0028,1,0.15,1530.0,580.0
ORD002482,PROD0012,1,0.05,17100.0,6100.0
ORD002482,PROD0001,1,0.1,76500.0,8500.0
ORD002483,PROD0027,1,0.2,5200.0,1300.0
ORD002484,PROD0019,1,0.0,15000.0,4500.0
ORD002485,PROD0028,4,0.2,5760.0,1960.0
ORD002486,PROD0002,1,0.2,52000.0,1000.0
ORD002486,PROD0022,1,0.2,720.0,270.0
ORD002487,PROD0016,1,0.0,7000.0,2800.0
ORD002487,PROD0012,1,0.15,15300.0,4300.0
ORD002488,PROD0018,1,0.05,617.5,287.5
ORD002489,PROD0023,3,0.0,7500.0,3600.0
ORD002490,PROD0026,2,0.15,9350.0,2950.0
ORD002490,PROD0024,1,0.0,4200.0,2000.0
ORD002490,PROD0005,5,0.1,20250.0,6750.0
ORD002491,PROD0012,1,0.0,18000.0,7000.0
ORD002491,PROD0003,1,0.0,105000.0,20000.0
ORD002491,PROD0014,2,0.0,56000.0,18000.0
ORD002491,PROD0011,3,0.0,36000.0,13500.0
ORD002492,PROD0004,2,0.0,2400.0,1100.0
ORD002493,PROD0023,1,0.15,2125.0,825.0
ORD002493,PROD0021,2,0.1,3240.0,1340.0
ORD002493,PROD0025,4,0.0,14000.0,6800.0
ORD002494,PROD0011,1,0.2,9600.0,2100.0
ORD002495,PROD0025,2,0.0,7000.0,3400.0
ORD002495,PROD0016,1,0.2,5600.0,1400.0
ORD002496,PROD0004,2,0.2,1920.0,620.0
ORD002497,PROD0020,2,0.15,40800.0,6800.0
ORD002497,PROD0014,1,0.1,25200.0,6200.0
ORD002498,PROD0027,3,0.15,16575.0,4875.0
ORD002498,PROD0004,1,0.0,1200.0,550.0
ORD002498,PROD0028,2,0.05,3420.0,1520.0
ORD002498,PROD0001,3,0.0,255000.0,51000.0
ORD002499,PROD0012,1,0.0,18000.0,7000.0
ORD002499,PROD0001,2,0.2,136000.0,0.0
ORD002499,PROD0006,1,0.05,2090.0,890.0
ORD002500,PROD0004,1,0.0,1200.0,550.0
ORD002501,PROD0023,2,0.0,5000.0,2400.0
ORD002501,PROD0018,1,0.2,520.0,190.0
ORD002502,PROD0027,3,0.15,16575.0,4875.0
ORD002502,PROD0002,1,0.1,58500.0,7500.0
ORD002503,PROD0004,1,0.2,960.0,310.0
ORD002504,PROD0027,1,0.1,5850.0,1950.0
ORD002504,PROD0008,1,0.0,15000.0,4500.0
ORD002505,PROD0012,3,0.0,54000.0,21000.0
ORD002505,PROD0001,2,0.2,136000.0,0.0
ORD002506,PROD0011,3,0.1,32400.0,9900.0
ORD002506,PROD0027,1,0.2,5200.0,1300.0
ORD002507,PROD0015,1,0.05,8075.0,3075.0
ORD002508,PROD0018,1,0.1,585.0,255.0
ORD002509,PROD0027,2,0.0,13000.0,5200.0
ORD002509,PROD0012,1,0.0,18000.0,7000.0
ORD002510,PROD0009,1,0.15,46750.0,4750.0
ORD002510,PROD0003,2,0.0,210000.0,40000.0
ORD002511,PROD0012,1,0.2,14400.0,3400.0
ORD002512,PROD0015,3,0.15,21675.0,6675.0
ORD002512,PROD0014,2,0.1,50400.0,12400.0
ORD002512,PROD0006,1,0.05,2090.0,890.0
ORD002512,PROD0011,2,0.1,21600.0,6600.0
ORD002513,PROD0020,3,0.0,72000.0,21000.0
ORD002514,PROD0013,4,0.0,64000.0,24000.0
ORD002515,PROD0017,5,0.05,2137.5,1037.5
ORD002516,PROD0010,2,0.05,41800.0,9800.0
ORD002517,PROD0011,1,0.2,9600.0,2100.0
ORD002517,PROD0019,4,0.05,57000.0,15000.0
ORD002517,PROD0001,1,0.2,68000.0,0.0
ORD002518,PROD0013,1,0.2,12800.0,2800.0
ORD002519,PROD0005,2,0.1,8100.0,2700.0
ORD002520,PROD0001,2,0.0,170000.0,34000.0
ORD002521,PROD0005,3,0.05,12825.0,4725.0
ORD002521,PROD0009,3,0.1,148500.0,22500.0
ORD002522,PROD0026,1,0.0,5500.0,2300.0
ORD002522,PROD0022,1,0.0,900.0,450.0
ORD002522,PROD0014,1,0.2,22400.0,3400.0
ORD002523,PROD0016,3,0.0,21000.0,8400.0
ORD002524,PROD0003,3,0.2,252000.0,-3000.0
ORD002525,PROD0005,2,0.0,9000.0,3600.0
ORD002525,PROD0007,1,0.0,22000.0,6500.0
ORD002525,PROD0003,1,0.0,105000.0,20000.0
ORD002526,PROD0011,3,0.05,34200.0,11700.0
ORD002527,PROD0001,1,0.2,68000.0,0.0
ORD002527,PROD0017,1,0.1,405.0,185.0
ORD002528,PROD0013,3,0.05,45600.0,15600.0
ORD002529,PROD0012,4,0.0,72000.0,28000.0
ORD002530,PROD0005,1,0.0,4500.0,1800.0
ORD002531,PROD0008,2,0.0,30000.0,9000.0
ORD002531,PROD0011,2,0.1,21600.0,6600.0
ORD002531,PROD0007,1,0.05,20900.0,5400.0
ORD002532,PROD0020,4,0.1,86400.0,18400.0
ORD002533,PROD0022,1,0.0,900.0,450.0
ORD002534,PROD0023,2,0.0,5000.0,2400.0
ORD002535,PROD0005,1,0.0,4500.0,1800.0
ORD002535,PROD0019,3,0.0,45000.0,13500.0
ORD002536,PROD0026,1,0.15,4675.0,1475.0
ORD002536,PROD0027,2,0.0,13000.0,5200.0
ORD002537,PROD0001,3,0.1,229500.0,25500.0
ORD002538,PROD0016,1,0.2,5600.0,1400.0
ORD002538,PROD0017,3,0.15,1147.5,487.5
ORD002538,PROD0008,3,0.05,42750.0,11250.0
ORD002539,PROD0016,1,0.15,5950.0,1750.0
ORD002539,PROD0019,3,0.0,45000.0,13500.0
ORD002539,PROD0025,2,0.0,7000.0,3400.0
ORD002540,PROD0014,1,0.0,28000.0,9000.0
ORD002540,PROD0017,1,0.1,405.0,185.0
ORD002540,PROD0005,3,0.15,11475.0,3375.0
ORD002541,PROD0017,1,0.0,450.0,230.0
ORD002542,PROD0026,1,0.2,4400.0,1200.0
ORD002542,PROD0022,1,0.05,855.0,405.0
ORD002542,PROD0019,1,0.05,14250.0,3750.0
ORD002543,PROD0020,2,0.05,45600.0,11600.0
ORD002544,PROD0022,1,0.05,855.0,405.0
ORD002544,PROD0011,1,0.0,12000.0,4500.0
ORD002545,PROD0028,3,0.05,5130.0,2280.0
ORD002545,PROD0012,1,0.15,15300.0,4300.0
ORD002546,PROD0017,4,0.0,1800.0,920.0
ORD002547,PROD0025,5,0.2,14000.0,5000.0
ORD002548,PROD0011,1,0.0,12000.0,4500.0
ORD002548,PROD0010,1,0.0,22000.0,6000.0
ORD002549,PROD0004,1,0.05,1140.0,490.0
ORD002550,PROD0022,1,0.0,900.0,450.0
ORD002550,PROD0018,1,0.0,650.0,320.0
ORD002550,PROD0025,1,0.0,3500.0,1700.0
ORD002551,PROD0024,1,0.1,3780.0,1580.0
ORD002552,PROD0006,1,0.05,2090.0,890.0
ORD002552,PROD0001,1,0.05,80750.0,12750.0
ORD002552,PROD0009,2,0.1,99000.0,15000.0
ORD002553,PROD0018,4,0.0,2600.0,1280.0
ORD002554,PROD0023,3,0.05,7125.0,3225.0
ORD002555,PROD0022,1,0.15,765.0,315.0
ORD002556,PROD0007,1,0.2,17600.0,2100.0
ORD002557,PROD0023,2,0.1,4500.0,1900.0
ORD002557,PROD0013,1,0.0,16000.0,6000.0
ORD002558,PROD0023,1,0.0,2500.0,1200.0
ORD002558,PROD0005,2,0.0,9000.0,3600.0
ORD002559,PROD0010,2,0.0,44000.0,12000.0
ORD002560,PROD0009,1,0.15,46750.0,4750.0
ORD002561,PROD0001,1,0.0,85000.0,17000.0
ORD002561,PROD0026,4,0.0,22000.0,9200.0
ORD002562,PROD0026,3,0.05,15675.0,6075.0
ORD002563,PROD0012,1,0.0,18000.0,7000.0
ORD002563,PROD0023,1,0.1,2250.0,950.0
ORD002563,PROD0015,2,0.2,13600.0,3600.0
ORD002564,PROD0026,1,0.2,4400.0,1200.0
ORD002565,PROD0008,3,0.0,45000.0,13500.0
ORD002566,PROD0015,2,0.2,13600.0,3600.0
ORD002566,PROD0006,2,0.0,4400.0,2000.0
ORD002567,PROD0025,1,0.0,3500.0,1700.0
ORD002568,PROD0010,1,0.1,19800.0,3800.0
ORD002568,PROD0008,2,0.0,30000.0,9000.0
ORD002569,PROD0018,1,0.1,585.0,255.0
ORD002569,PROD0023,2,0.15,4250.0,1650.0
ORD002570,PROD0017,1,0.0,450.0,230.0
ORD002571,PROD0016,1,0.15,5950.0,1750.0
ORD002571,PROD0017,5,0.2,1800.0,700.0
ORD002572,PROD0004,2,0.05,2280.0,980.0
ORD002572,PROD0012,2,0.0,36000.0,14000.0
ORD002572,PROD0019,1,0.0,15000.0,4500.0
ORD002573,PROD0016,3,0.1,18900.0,6300.0
ORD002574,PROD0007,1,0.0,22000.0,6500.0
ORD002574,PROD0004,3,0.0,3600.0,1650.0
ORD002574,PROD0006,1,0.0,2200.0,1000.0
ORD002575,PROD0015,1,0.15,7225.0,2225.0
ORD002575,PROD0001,1,0.0,85000.0,17000.0
ORD002575,PROD0010,2,0.15,37400.0,5400.0
ORD002576,PROD0017,1,0.05,427.5,207.5
ORD002576,PROD0007,1,0.05,20900.0,5400.0
ORD002576,PROD0026,2,0.05,10450.0,4050.0
ORD002577,PROD0015,1,0.05,8075.0,3075.0
ORD002578,PROD0028,5,0.2,7200.0,2450.0
ORD002579,PROD0001,1,0.05,80750.0,12750.0
ORD002580,PROD0023,1,0.2,2000.0,700.0
ORD002581,PROD0028,2,0.15,3060.0,1160.0
ORD002581,PROD0005,1,0.0,4500.0,1800.0
ORD002581,PROD0004,2,0.0,2400.0,1100.0
ORD002581,PROD0006,3,0.1,5940.0,2340.0
ORD002582,PROD0018,1,0.1,585.0,255.0
ORD002583,PROD0025,1,0.0,3500.0,1700.0
ORD002583,PROD0015,2,0.0,17000.0,7000.0
ORD002584,PROD0007,1,0.0,22000.0,6500.0
ORD002584,PROD0028,2,0.0,3600.0,1700.0
ORD002585,PROD0027,2,0.15,11050.0,3250.0
ORD002585,PROD0014,2,0.05,53200.0,15200.0
ORD002586,PROD0013,1,0.0,16000.0,6000.0
ORD002587,PROD0008,1,0.0,15000.0,4500.0
ORD002588,PROD0009,1,0.0,55000.0,13000.0
ORD002589,PROD0024,1,0.1,3780.0,1580.0
ORD002590,PROD0017,2,0.2,720.0,280.0
ORD002591,PROD0012,1,0.0,18000.0,7000.0
ORD002591,PROD0004,1,0.0,1200.0,550.0
ORD002592,PROD0024,2,0.0,8400.0,4000.0
ORD002592,PROD0008,1,0.15,12750.0,2250.0
ORD002592,PROD0015,1,0.1,7650.0,2650.0
ORD002593,PROD0008,1,0.15,12750.0,2250.0
ORD002593,PROD0026,4,0.0,22000.0,9200.0
ORD002594,PROD0014,2,0.1,50400.0,12400.0
ORD002595,PROD0012,2,0.2,28800.0,6800.0
ORD002596,PROD0021,1,0.0,1800.0,850.0
ORD002596,PROD0023,1,0.1,2250.0,950.0
ORD002597,PROD0019,2,0.0,30000.0,9000.0
ORD002598,PROD0028,1,0.15,1530.0,580.0
ORD002599,PROD0019,1,0.05,14250.0,3750.0
ORD002600,PROD0014,1,0.05,26600.0,7600.0
ORD002601,PROD0019,1,0.2,12000.0,1500.0
ORD002602,PROD0003,3,0.0,315000.0,60000.0
ORD002602,PROD0007,1,0.0,22000.0,6500.0
ORD002603,PROD0003,2,0.1,189000.0,19000.0
ORD002603,PROD0019,1,0.1,13500.0,3000.0
ORD002603,PROD0012,2,0.2,28800.0,6800.0
ORD002603,PROD0008,1,0.05,14250.0,3750.0
ORD002604,PROD0028,1,0.1,1620.0,670.0
ORD002604,PROD0005,2,0.15,7650.0,2250.0
ORD002605,PROD0028,1,0.2,1440.0,490.0
ORD002605,PROD0013,1,0.0,16000.0,6000.0
ORD002606,PROD0008,2,0.0,30000.0,9000.0
ORD002607,PROD0001,1,0.0,85000.0,17000.0
ORD002608,PROD0014,1,0.0,28000.0,9000.0
ORD002608,PROD0009,2,0.0,110000.0,26000.0
ORD002609,PROD0020,2,0.05,45600.0,11600.0
ORD002609,PROD0001,1,0.05,80750.0,12750.0
ORD002609,PROD0003,2,0.2,168000.0,-2000.0
ORD002609,PROD0028,1,0.05,1710.0,760.0
ORD002610,PROD0001,3,0.2,204000.0,0.0
ORD002610,PROD0010,2,0.1,39600.0,7600.0
ORD002611,PROD0011,1,0.0,12000.0,4500.0
ORD002611,PROD0016,1,0.1,6300.0,2100.0
ORD002611,PROD0008,4,0.05,57000.0,15000.0
ORD002612,PROD0008,1,0.0,15000.0,4500.0
ORD002613,PROD0019,1,0.0,15000.0,4500.0
ORD002613,PROD0022,2,0.05,1710.0,810.0
ORD002613,PROD0013,1,0.0,16000.0,6000.0
ORD002613,PROD0004,1,0.0,1200.0,550.0
ORD002614,PROD0017,2,0.1,810.0,370.0
ORD002615,PROD0006,3,0.1,5940.0,2340.0
ORD002615,PROD0009,5,0.0,275000.0,65000.0
ORD002616,PROD0025,1,0.15,2975.0,1175.0
ORD002616,PROD0021,1,0.0,1800.0,850.0
ORD002617,PROD0016,1,0.0,7000.0,2800.0
ORD002618,PROD0011,1,0.1,10800.0,3300.0
ORD002619,PROD0015,2,0.0,17000.0,7000.0
ORD002620,PROD0006,3,0.05,6270.0,2670.0
ORD002620,PROD0024,1,0.1,3780.0,1580.0
ORD002621,PROD0011,1,0.1,10800.0,3300.0
ORD002622,PROD0028,2,0.05,3420.0,1520.0
ORD002622,PROD0021,2,0.0,3600.0,1700.0
ORD002623,PROD0017,2,0.0,900.0,460.0
ORD002623,PROD0011,4,0.1,43200.0,13200.0
ORD002623,PROD0022,1,0.05,855.0,405.0
ORD002624,PROD0027,3,0.15,16575.0,4875.0
ORD002624,PROD0019,3,0.2,36000.0,4500.0
ORD002624,PROD0010,1,0.0,22000.0,6000.0
ORD002625,PROD0002,1,0.05,61750.0,10750.0
ORD002625,PROD0006,1,0.05,2090.0,890.0
ORD002625,PROD0013,2,0.2,25600.0,5600.0
ORD002626,PROD0012,1,0.2,14400.0,3400.0
ORD002626,PROD0020,2,0.15,40800.0,6800.0
ORD002627,PROD0015,2,0.05,16150.0,6150.0
ORD002628,PROD0009,3,0.15,140250.0,14250.0
ORD002629,PROD0015,2,0.0,17000.0,7000.0
ORD002630,PROD0021,3,0.0,5400.0,2550.0
ORD002631,PROD0015,3,0.2,20400.0,5400.0
ORD002632,PROD0002,2,0.0,130000.0,28000.0
ORD002633,PROD0025,1,0.05,3325.0,1525.0
ORD002634,PROD0020,2,0.1,43200.0,9200.0
ORD002635,PROD0022,2,0.1,1620.0,720.0
ORD002635,PROD0027,1,0.0,6500.0,2600.0
ORD002636,PROD0009,3,0.0,165000.0,39000.0
ORD002636,PROD0011,1,0.2,9600.0,2100.0
ORD002637,PROD0018,3,0.0,1950.0,960.0
ORD002638,PROD0016,1,0.0,7000.0,2800.0
ORD002638,PROD0017,1,0.0,450.0,230.0
ORD002639,PROD0012,2,0.0,36000.0,14000.0
ORD002639,PROD0013,2,0.0,32000.0,12000.0
ORD002640,PROD0020,1,0.15,20400.0,3400.0
ORD002641,PROD0023,3,0.2,6000.0,2100.0
ORD002642,PROD0016,1,0.0,7000.0,2800.0
ORD002642,PROD0008,4,0.0,60000.0,18000.0
ORD002643,PROD0001,2,0.05,161500.0,25500.0
ORD002644,PROD0026,5,0.0,27500.0,11500.0
ORD002645,PROD0011,1,0.15,10200.0,2700.0
ORD002645,PROD0004,3,0.05,3420.0,1470.0
ORD002646,PROD0008,3,0.05,42750.0,11250.0
ORD002647,PROD0014,1,0.0,28000.0,9000.0
ORD002647,PROD0007,4,0.05,83600.0,21600.0
ORD002648,PROD0014,1,0.2,22400.0,3400.0
ORD002649,PROD0013,2,0.0,32000.0,12000.0
ORD002649,PROD0028,1,0.2,1440.0,490.0
ORD002649,PROD0014,4,0.05,106400.0,30400.0
ORD002650,PROD0026,2,0.05,10450.0,4050.0
ORD002651,PROD0011,2,0.2,19200.0,4200.0
ORD002652,PROD0025,2,0.2,5600.0,2000.0
ORD002653,PROD0002,1,0.15,55250.0,4250.0
ORD002653,PROD0003,1,0.0,105000.0,20000.0
ORD002654,PROD0018,1,0.2,520.0,190.0
ORD002655,PROD0004,1,0.1,1080.0,430.0
ORD002655,PROD0013,1,0.05,15200.0,5200.0
ORD002656,PROD0021,1,0.1,1620.0,670.0
ORD002657,PROD0008,3,0.0,45000.0,13500.0
ORD002658,PROD0009,1,0.0,55000.0,13000.0
ORD002659,PROD0021,1,0.15,1530.0,580.0
ORD002660,PROD0017,3,0.0,1350.0,690.0
ORD002660,PROD0019,4,0.0,60000.0,18000.0
ORD002660,PROD0007,2,0.2,35200.0,4200.0
ORD002661,PROD0006,1,0.2,1760.0,560.0
ORD002661,PROD0014,1,0.15,23800.0,4800.0
ORD002662,PROD0017,1,0.05,427.5,207.5
ORD002663,PROD0002,1,0.2,52000.0,1000.0
ORD002663,PROD0016,3,0.1,18900.0,6300.0
ORD002664,PROD0004,2,0.0,2400.0,1100.0
ORD002664,PROD0006,3,0.05,6270.0,2670.0
ORD002665,PROD0028,1,0.0,1800.0,850.0
ORD002665,PROD0007,1,0.0,22000.0,6500.0
ORD002665,PROD0019,1,0.15,12750.0,2250.0
ORD002666,PROD0010,1,0.15,18700.0,2700.0
ORD002666,PROD0022,4,0.0,3600.0,1800.0
ORD002667,PROD0017,1,0.0,450.0,230.0
ORD002668,PROD0017,1,0.0,450.0,230.0
ORD002668,PROD0025,2,0.15,5950.0,2350.0
ORD002668,PROD0001,3,0.05,242250.0,38250.0
ORD002669,PROD0012,3,0.2,43200.0,10200.0
ORD002669,PROD0004,1,0.0,1200.0,550.0
ORD002670,PROD0015,1,0.2,6800.0,1800.0
ORD002671,PROD0021,1,0.1,1620.0,670.0
ORD002672,PROD0017,3,0.0,1350.0,690.0
ORD002672,PROD0007,1,0.2,17600.0,2100.0
ORD002673,PROD0015,1,0.2,6800.0,1800.0
ORD002673,PROD0007,1,0.0,22000.0,6500.0
ORD002674,PROD0001,1,0.0,85000.0,17000.0
ORD002674,PROD0028,2,0.05,3420.0,1520.0
ORD002675,PROD0002,2,0.0,130000.0,28000.0
ORD002676,PROD0015,2,0.2,13600.0,3600.0
ORD002677,PROD0026,2,0.05,10450.0,4050.0
ORD002678,PROD0009,2,0.0,110000.0,26000.0
ORD002678,PROD0008,1,0.15,12750.0,2250.0
ORD002679,PROD0024,2,0.2,6720.0,2320.0
ORD002680,PROD0009,5,0.0,275000.0,65000.0
ORD002681,PROD0022,3,0.15,2295.0,945.0
ORD002681,PROD0019,2,0.0,30000.0,9000.0
ORD002682,PROD0006,4,0.0,8800.0,4000.0
ORD002683,PROD0012,1,0.2,14400.0,3400.0
ORD002684,PROD0011,1,0.1,10800.0,3300.0
ORD002684,PROD0005,2,0.0,9000.0,3600.0
ORD002685,PROD0006,3,0.15,5610.0,2010.0
ORD002685,PROD0007,1,0.0,22000.0,6500.0
ORD002686,PROD0020,2,0.05,45600.0,11600.0
ORD002686,PROD0022,1,0.0,900.0,450.0
ORD002687,PROD0027,1,0.05,6175.0,2275.0
ORD002687,PROD0006,1,0.0,2200.0,1000.0
ORD002687,PROD0008,4,0.0,60000.0,18000.0
ORD002688,PROD0021,2,0.2,2880.0,980.0
ORD002689,PROD0026,2,0.0,11000.0,4600.0
ORD002690,PROD0022,1,0.0,900.0,450.0
ORD002690,PROD0015,1,0.0,8500.0,3500.0
ORD002691,PROD0021,1,0.1,1620.0,670.0
ORD002691,PROD0020,4,0.0,96000.0,28000.0
ORD002691,PROD0012,1,0.0,18000.0,7000.0
ORD002692,PROD0003,2,0.1,189000.0,19000.0
ORD002693,PROD0002,2,0.15,110500.0,8500.0
ORD002694,PROD0017,3,0.0,1350.0,690.0
ORD002694,PROD0005,1,0.0,4500.0,1800.0
ORD002694,PROD0026,2,0.0,11000.0,4600.0
ORD002695,PROD0002,1,0.0,65000.0,14000.0
ORD002695,PROD0012,2,0.0,36000.0,14000.0
ORD002696,PROD0012,3,0.1,48600.0,15600.0
ORD002696,PROD0015,1,0.0,8500.0,3500.0
ORD002696,PROD0025,2,0.1,6300.0,2700.0
ORD002697,PROD0005,2,0.15,7650.0,2250.0
ORD002697,PROD0009,2,0.0,110000.0,26000.0
ORD002697,PROD0027,1,0.0,6500.0,2600.0
ORD002698,PROD0003,1,0.05,99750.0,14750.0
ORD002699,PROD0022,1,0.1,810.0,360.0
ORD002700,PROD0014,1,0.0,28000.0,9000.0
ORD002700,PROD0009,3,0.0,165000.0,39000.0
ORD002700,PROD0028,1,0.0,1800.0,850.0
ORD002701,PROD0012,2,0.2,28800.0,6800.0
ORD002701,PROD0021,1,0.1,1620.0,670.0
ORD002701,PROD0015,2,0.0,17000.0,7000.0
ORD002702,PROD0011,2,0.0,24000.0,9000.0
ORD002703,PROD0017,1,0.05,427.5,207.5
ORD002704,PROD0028,2,0.2,2880.0,980.0
ORD002704,PROD0027,1,0.15,5525.0,1625.0
ORD002705,PROD0013,1,0.2,12800.0,2800.0
ORD002706,PROD0027,2,0.0,13000.0,5200.0
ORD002707,PROD0010,2,0.0,44000.0,12000.0
ORD002708,PROD0028,1,0.1,1620.0,670.0
ORD002708,PROD0011,1,0.0,12000.0,4500.0
ORD002708,PROD0024,1,0.15,3570.0,1370.0
ORD002709,PROD0008,3,0.0,45000.0,13500.0
ORD002710,PROD0028,1,0.0,1800.0,850.0
ORD002711,PROD0012,2,0.2,28800.0,6800.0
ORD002712,PROD0007,3,0.1,59400.0,12900.0
ORD002712,PROD0012,1,0.2,14400.0,3400.0
ORD002713,PROD0025,2,0.15,5950.0,2350.0
ORD002714,PROD0015,2,0.0,17000.0,7000.0
ORD002715,PROD0027,1,0.05,6175.0,2275.0
ORD002716,PROD0009,3,0.0,165000.0,39000.0
ORD002716,PROD0012,1,0.15,15300.0,4300.0
ORD002716,PROD0019,1,0.0,15000.0,4500.0
ORD002717,PROD0005,3,0.15,11475.0,3375.0
ORD002718,PROD0026,1,0.05,5225.0,2025.0
ORD002718,PROD0008,2,0.0,30000.0,9000.0
ORD002719,PROD0023,1,0.0,2500.0,1200.0
ORD002720,PROD0020,3,0.1,64800.0,13800.0
ORD002720,PROD0010,2,0.05,41800.0,9800.0
ORD002720,PROD0018,1,0.0,650.0,320.0
ORD002721,PROD0028,1,0.0,1800.0,850.0
ORD002721,PROD0004,2,0.0,2400.0,1100.0
ORD002721,PROD0014,2,0.15,47600.0,9600.0
ORD002722,PROD0004,1,0.1,1080.0,430.0
ORD002722,PROD0005,1,0.0,4500.0,1800.0
ORD002723,PROD0025,1,0.1,3150.0,1350.0
ORD002723,PROD0015,2,0.0,17000.0,7000.0
ORD002723,PROD0014,1,0.0,28000.0,9000.0
ORD002724,PROD0025,1,0.15,2975.0,1175.0
ORD002724,PROD0005,1,0.0,4500.0,1800.0
ORD002725,PROD0003,4,0.2,336000.0,-4000.0
ORD002726,PROD0004,2,0.0,2400.0,1100.0
ORD002727,PROD0016,3,0.15,17850.0,5250.0
ORD002728,PROD0002,1,0.0,65000.0,14000.0
ORD002728,PROD0011,1,0.0,12000.0,4500.0
ORD002729,PROD0012,4,0.2,57600.0,13600.0
ORD002729,PROD0020,1,0.05,22800.0,5800.0
ORD002730,PROD0004,5,0.15,5100.0,1850.0
ORD002730,PROD0014,1,0.0,28000.0,9000.0
ORD002731,PROD0022,2,0.2,1440.0,540.0
ORD002731,PROD0016,2,0.05,13300.0,4900.0
ORD002732,PROD0018,3,0.1,1755.0,765.0
ORD002733,PROD0001,1,0.2,68000.0,0.0
ORD002734,PROD0003,1,0.2,84000.0,-1000.0
ORD002734,PROD0001,2,0.0,170000.0,34000.0
ORD002735,PROD0016,1,0.0,7000.0,2800.0
ORD002736,PROD0018,2,0.0,1300.0,640.0
ORD002736,PROD0011,2,0.1,21600.0,6600.0
ORD002737,PROD0008,1,0.1,13500.0,3000.0
ORD002738,PROD0002,2,0.1,117000.0,15000.0
ORD002739,PROD0008,1,0.15,12750.0,2250.0
ORD002739,PROD0028,1,0.1,1620.0,670.0
ORD002740,PROD0017,1,0.15,382.5,162.5
ORD002740,PROD0018,1,0.0,650.0,320.0
ORD002741,PROD0012,2,0.1,32400.0,10400.0
ORD002742,PROD0003,1,0.0,105000.0,20000.0
ORD002743,PROD0006,1,0.0,2200.0,1000.0
ORD002743,PROD0002,1,0.1,58500.0,7500.0
ORD002744,PROD0022,1,0.0,900.0,450.0
ORD002744,PROD0024,4,0.05,15960.0,7160.0
ORD002745,PROD0019,1,0.0,15000.0,4500.0
ORD002746,PROD0008,2,0.05,28500.0,7500.0
ORD002746,PROD0018,1,0.15,552.5,222.5
ORD002747,PROD0003,1,0.0,105000.0,20000.0
ORD002747,PROD0018,4,0.05,2470.0,1150.0
ORD002747,PROD0020,1,0.2,19200.0,2200.0
ORD002747,PROD0007,2,0.2,35200.0,4200.0
ORD002748,PROD0013,1,0.0,16000.0,6000.0
ORD002749,PROD0026,1,0.0,5500.0,2300.0
ORD002749,PROD0005,1,0.15,3825.0,1125.0
ORD002749,PROD0024,1,0.0,4200.0,2000.0
ORD002750,PROD0025,1,0.0,3500.0,1700.0
ORD002751,PROD0005,2,0.05,8550.0,3150.0
ORD002752,PROD0028,1,0.05,1710.0,760.0
ORD002753,PROD0007,2,0.0,44000.0,13000.0
ORD002753,PROD0025,2,0.1,6300.0,2700.0
ORD002754,PROD0014,1,0.2,22400.0,3400.0
ORD002754,PROD0008,2,0.1,27000.0,6000.0
ORD002755,PROD0023,1,0.05,2375.0,1075.0
ORD002756,PROD0010,2,0.0,44000.0,12000.0
ORD002756,PROD0009,1,0.1,49500.0,7500.0
ORD002757,PROD0003,1,0.0,105000.0,20000.0
ORD002758,PROD0020,1,0.2,19200.0,2200.0
ORD002759,PROD0023,1,0.2,2000.0,700.0
ORD002759,PROD0011,1,0.2,9600.0,2100.0
ORD002760,PROD0010,2,0.0,44000.0,12000.0
ORD002761,PROD0001,2,0.2,136000.0,0.0
ORD002761,PROD0005,2,0.2,7200.0,1800.0
ORD002762,PROD0018,4,0.2,2080.0,760.0
ORD002763,PROD0025,4,0.05,13300.0,6100.0
ORD002764,PROD0022,5,0.1,4050.0,1800.0
ORD002765,PROD0004,2,0.1,2160.0,860.0
ORD002766,PROD0005,2,0.2,7200.0,1800.0
ORD002767,PROD0022,2,0.15,1530.0,630.0
ORD002768,PROD0021,2,0.0,3600.0,1700.0
ORD002768,PROD0005,1,0.0,4500.0,1800.0
ORD002768,PROD0009,1,0.0,55000.0,13000.0
ORD002768,PROD0013,1,0.15,13600.0,3600.0
ORD002769,PROD0009,5,0.15,233750.0,23750.0
ORD002769,PROD0002,2,0.0,130000.0,28000.0
ORD002770,PROD0016,3,0.15,17850.0,5250.0
ORD002771,PROD0017,1,0.0,450.0,230.0
ORD002771,PROD0011,4,0.2,38400.0,8400.0
ORD002771,PROD0016,1,0.1,6300.0,2100.0
ORD002772,PROD0026,3,0.0,16500.0,6900.0
ORD002773,PROD0015,1,0.2,6800.0,1800.0
ORD002773,PROD0022,2,0.2,1440.0,540.0
ORD002774,PROD0027,1,0.15,5525.0,1625.0
ORD002774,PROD0026,1,0.0,5500.0,2300.0
ORD002774,PROD0015,1,0.2,6800.0,1800.0
ORD002774,PROD0017,2,0.05,855.0,415.0
ORD002775,PROD0016,1,0.15,5950.0,1750.0
ORD002775,PROD0021,1,0.1,1620.0,670.0
ORD002776,PROD0014,3,0.0,84000.0,27000.0
ORD002777,PROD0012,1,0.0,18000.0,7000.0
ORD002778,PROD0012,2,0.0,36000.0,14000.0
ORD002778,PROD0007,1,0.0,22000.0,6500.0
ORD002778,PROD0009,1,0.15,46750.0,4750.0
ORD002779,PROD0015,1,0.15,7225.0,2225.0
ORD002780,PROD0012,1,0.0,18000.0,7000.0
ORD002781,PROD0021,2,0.1,3240.0,1340.0
ORD002782,PROD0012,1,0.0,18000.0,7000.0
ORD002782,PROD0022,2,0.0,1800.0,900.0
ORD002782,PROD0001,1,0.2,68000.0,0.0
ORD002782,PROD0026,1,0.0,5500.0,2300.0
ORD002783,PROD0021,1,0.0,1800.0,850.0
ORD002784,PROD0027,2,0.2,10400.0,2600.0
ORD002784,PROD0006,4,0.05,8360.0,3560.0
ORD002784,PROD0023,1,0.0,2500.0,1200.0
ORD002785,PROD0016,2,0.15,11900.0,3500.0
ORD002786,PROD0025,1,0.0,3500.0,1700.0
ORD002786,PROD0009,1,0.0,55000.0,13000.0
ORD002787,PROD0024,3,0.1,11340.0,4740.0
ORD002788,PROD0024,1,0.0,4200.0,2000.0
ORD002788,PROD0027,1,0.0,6500.0,2600.0
ORD002788,PROD0016,1,0.0,7000.0,2800.0
ORD002788,PROD0002,1,0.2,52000.0,1000.0
ORD002789,PROD0027,2,0.2,10400.0,2600.0
ORD002789,PROD0010,1,0.1,19800.0,3800.0
ORD002790,PROD0011,1,0.0,12000.0,4500.0
ORD002790,PROD0028,2,0.0,3600.0,1700.0
ORD002791,PROD0014,4,0.2,89600.0,13600.0
ORD002791,PROD0004,1,0.0,1200.0,550.0
ORD002792,PROD0017,1,0.2,360.0,140.0
ORD002792,PROD0027,1,0.05,6175.0,2275.0
ORD002792,PROD0007,1,0.15,18700.0,3200.0
ORD002793,PROD0004,1,0.0,1200.0,550.0
ORD002793,PROD0008,1,0.2,12000.0,1500.0
ORD002794,PROD0005,1,0.1,4050.0,1350.0
ORD002795,PROD0010,3,0.0,66000.0,18000.0
ORD002795,PROD0011,3,0.0,36000.0,13500.0
ORD002796,PROD0015,1,0.2,6800.0,1800.0
ORD002797,PROD0010,1,0.1,19800.0,3800.0
ORD002798,PROD0010,1,0.0,22000.0,6000.0
ORD002799,PROD0014,1,0.05,26600.0,7600.0
ORD002800,PROD0006,1,0.05,2090.0,890.0
ORD002800,PROD0008,4,0.0,60000.0,18000.0
ORD002800,PROD0007,1,0.05,20900.0,5400.0
ORD002801,PROD0009,1,0.0,55000.0,13000.0
ORD002801,PROD0015,1,0.05,8075.0,3075.0
ORD002802,PROD0002,1,0.05,61750.0,10750.0
ORD002802,PROD0022,2,0.0,1800.0,900.0
ORD002802,PROD0008,1,0.0,15000.0,4500.0
ORD002803,PROD0001,3,0.0,255000.0,51000.0
ORD002804,PROD0028,4,0.1,6480.0,2680.0
ORD002804,PROD0027,1,0.05,6175.0,2275.0
ORD002804,PROD0022,2,0.0,1800.0,900.0
ORD002805,PROD0003,2,0.0,210000.0,40000.0
ORD002806,PROD0017,1,0.05,427.5,207.5
ORD002807,PROD0023,2,0.2,4000.0,1400.0
ORD002808,PROD0008,1,0.2,12000.0,1500.0
ORD002809,PROD0026,1,0.15,4675.0,1475.0
ORD002810,PROD0001,1,0.1,76500.0,8500.0
ORD002810,PROD0021,1,0.1,1620.0,670.0
ORD002810,PROD0028,2,0.0,3600.0,1700.0
ORD002811,PROD0014,3,0.05,79800.0,22800.0
ORD002811,PROD0011,2,0.0,24000.0,9000.0
ORD002811,PROD0016,1,0.0,7000.0,2800.0
ORD002812,PROD0008,1,0.0,15000.0,4500.0
ORD002812,PROD0002,1,0.0,65000.0,14000.0
ORD002813,PROD0017,2,0.15,765.0,325.0
ORD002814,PROD0011,2,0.0,24000.0,9000.0
ORD002814,PROD0024,2,0.0,8400.0,4000.0
ORD002814,PROD0004,1,0.2,960.0,310.0
ORD002815,PROD0003,2,0.1,189000.0,19000.0
ORD002815,PROD0011,1,0.2,9600.0,2100.0
ORD002816,PROD0002,2,0.0,130000.0,28000.0
ORD002817,PROD0025,1,0.0,3500.0,1700.0
ORD002818,PROD0014,1,0.0,28000.0,9000.0
ORD002819,PROD0016,2,0.0,14000.0,5600.0
ORD002820,PROD0007,2,0.0,44000.0,13000.0
ORD002820,PROD0015,1,0.2,6800.0,1800.0
ORD002821,PROD0010,1,0.2,17600.0,1600.0
ORD002822,PROD0008,2,0.0,30000.0,9000.0
ORD002822,PROD0015,2,0.0,17000.0,7000.0
ORD002822,PROD0002,3,0.15,165750.0,12750.0
ORD002822,PROD0021,1,0.0,1800.0,850.0
ORD002823,PROD0006,1,0.15,1870.0,670.0
ORD002824,PROD0006,3,0.0,6600.0,3000.0
ORD002824,PROD0018,3,0.15,1657.5,667.5
ORD002824,PROD0022,3,0.15,2295.0,945.0
ORD002825,PROD0015,2,0.2,13600.0,3600.0
ORD002826,PROD0013,1,0.05,15200.0,5200.0
ORD002827,PROD0015,1,0.0,8500.0,3500.0
ORD002828,PROD0016,1,0.15,5950.0,1750.0
ORD002828,PROD0024,2,0.0,8400.0,4000.0
ORD002829,PROD0023,1,0.0,2500.0,1200.0
ORD002830,PROD0024,3,0.1,11340.0,4740.0
ORD002830,PROD0012,1,0.05,17100.0,6100.0
ORD002831,PROD0018,1,0.15,552.5,222.5
ORD002831,PROD0007,1,0.1,19800.0,4300.0
ORD002832,PROD0013,1,0.05,15200.0,5200.0
ORD002833,PROD0020,2,0.0,48000.0,14000.0
ORD002834,PROD0002,1,0.15,55250.0,4250.0
ORD002834,PROD0013,3,0.0,48000.0,18000.0
ORD002835,PROD0028,1,0.15,1530.0,580.0
ORD002835,PROD0012,1,0.0,18000.0,7000.0
ORD002835,PROD0027,4,0.0,26000.0,10400.0
ORD002836,PROD0022,1,0.05,855.0,405.0
ORD002837,PROD0001,1,0.2,68000.0,0.0
ORD002837,PROD0019,1,0.1,13500.0,3000.0
ORD002837,PROD0009,3,0.0,165000.0,39000.0
ORD002838,PROD0021,4,0.0,7200.0,3400.0
ORD002839,PROD0019,2,0.0,30000.0,9000.0
ORD002840,PROD0025,1,0.2,2800.0,1000.0
ORD002841,PROD0013,2,0.0,32000.0,12000.0
ORD002841,PROD0026,1,0.05,5225.0,2025.0
ORD002842,PROD0028,1,0.0,1800.0,850.0
ORD002843,PROD0020,3,0.2,57600.0,6600.0
ORD002844,PROD0027,1,0.15,5525.0,1625.0
ORD002845,PROD0009,3,0.0,165000.0,39000.0
ORD002846,PROD0003,1,0.0,105000.0,20000.0
ORD002846,PROD0021,3,0.0,5400.0,2550.0
ORD002847,PROD0013,2,0.1,28800.0,8800.0
ORD002848,PROD0028,3,0.15,4590.0,1740.0
ORD002849,PROD0015,1,0.05,8075.0,3075.0
ORD002849,PROD0027,2,0.0,13000.0,5200.0
ORD002850,PROD0019,1,0.15,12750.0,2250.0
ORD002851,PROD0005,3,0.0,13500.0,5400.0
ORD002852,PROD0011,1,0.15,10200.0,2700.0
ORD002853,PROD0020,1,0.0,24000.0,7000.0
ORD002853,PROD0013,4,0.05,60800.0,20800.0
ORD002854,PROD0011,4,0.0,48000.0,18000.0
ORD002855,PROD0026,2,0.0,11000.0,4600.0
ORD002856,PROD0027,1,0.2,5200.0,1300.0
ORD002856,PROD0006,3,0.0,6600.0,3000.0
ORD002856,PROD0005,4,0.0,18000.0,7200.0
ORD002856,PROD0002,1,0.2,52000.0,1000.0
ORD002857,PROD0027,2,0.2,10400.0,2600.0
ORD002857,PROD0019,1,0.1,13500.0,3000.0
ORD002857,PROD0024,2,0.1,7560.0,3160.0
ORD002858,PROD0002,1,0.0,65000.0,14000.0
ORD002859,PROD0015,2,0.2,13600.0,3600.0
ORD002860,PROD0014,1,0.0,28000.0,9000.0
ORD002860,PROD0021,1,0.1,1620.0,670.0
ORD002861,PROD0004,1,0.05,1140.0,490.0
ORD002862,PROD0015,4,0.0,34000.0,14000.0
ORD002863,PROD0020,1,0.2,19200.0,2200.0
ORD002864,PROD0020,2,0.0,48000.0,14000.0
ORD002864,PROD0022,1,0.0,900.0,450.0
ORD002864,PROD0011,1,0.1,10800.0,3300.0
ORD002864,PROD0021,2,0.2,2880.0,980.0
ORD002865,PROD0012,1,0.0,18000.0,7000.0
ORD002866,PROD0020,1,0.05,22800.0,5800.0
ORD002866,PROD0007,3,0.05,62700.0,16200.0
ORD002867,PROD0004,1,0.05,1140.0,490.0
ORD002867,PROD0005,1,0.0,4500.0,1800.0
ORD002868,PROD0019,1,0.0,15000.0,4500.0
ORD002868,PROD0007,2,0.0,44000.0,13000.0
ORD002869,PROD0008,2,0.1,27000.0,6000.0
ORD002869,PROD0025,1,0.0,3500.0,1700.0
ORD002870,PROD0017,1,0.15,382.5,162.5
ORD002870,PROD0005,2,0.05,8550.0,3150.0
ORD002871,PROD0008,1,0.0,15000.0,4500.0
ORD002872,PROD0023,1,0.0,2500.0,1200.0
ORD002873,PROD0009,1,0.05,52250.0,10250.0
ORD002873,PROD0025,1,0.1,3150.0,1350.0
ORD002874,PROD0006,2,0.05,4180.0,1780.0
ORD002875,PROD0022,1,0.15,765.0,315.0
ORD002875,PROD0019,1,0.05,14250.0,3750.0
ORD002876,PROD0006,3,0.0,6600.0,3000.0
ORD002877,PROD0003,2,0.1,189000.0,19000.0
ORD002877,PROD0015,1,0.0,8500.0,3500.0
ORD002878,PROD0019,1,0.15,12750.0,2250.0
ORD002878,PROD0021,3,0.05,5130.0,2280.0
ORD002879,PROD0025,2,0.0,7000.0,3400.0
ORD002880,PROD0016,2,0.05,13300.0,4900.0
ORD002881,PROD0025,2,0.05,6650.0,3050.0
ORD002881,PROD0028,1,0.0,1800.0,850.0
ORD002882,PROD0022,1,0.0,900.0,450.0
ORD002882,PROD0010,1,0.0,22000.0,6000.0
ORD002882,PROD0007,1,0.15,18700.0,3200.0
ORD002883,PROD0023,1,0.0,2500.0,1200.0
ORD002884,PROD0019,1,0.05,14250.0,3750.0
ORD002885,PROD0020,1,0.0,24000.0,7000.0
ORD002886,PROD0007,2,0.2,35200.0,4200.0
ORD002886,PROD0013,1,0.15,13600.0,3600.0
ORD002887,PROD0014,1,0.1,25200.0,6200.0
ORD002888,PROD0007,2,0.05,41800.0,10800.0
ORD002889,PROD0027,2,0.0,13000.0,5200.0
ORD002890,PROD0018,1,0.05,617.5,287.5
ORD002890,PROD0011,2,0.0,24000.0,9000.0
ORD002891,PROD0019,2,0.0,30000.0,9000.0
ORD002892,PROD0004,1,0.15,1020.0,370.0
ORD002893,PROD0010,1,0.05,20900.0,4900.0
ORD002894,PROD0019,1,0.0,15000.0,4500.0
ORD002894,PROD0016,1,0.2,5600.0,1400.0
ORD002895,PROD0004,1,0.1,1080.0,430.0
ORD002895,PROD0001,2,0.1,153000.0,17000.0
ORD002896,PROD0021,2,0.1,3240.0,1340.0
ORD002897,PROD0020,1,0.0,24000.0,7000.0
ORD002897,PROD0021,2,0.2,2880.0,980.0
ORD002897,PROD0004,2,0.0,2400.0,1100.0
ORD002898,PROD0011,1,0.0,12000.0,4500.0
ORD002899,PROD0021,1,0.0,1800.0,850.0
ORD002899,PROD0003,2,0.0,210000.0,40000.0
ORD002900,PROD0010,1,0.15,18700.0,2700.0
ORD002900,PROD0015,1,0.2,6800.0,1800.0
ORD002900,PROD0012,1,0.2,14400.0,3400.0
ORD002901,PROD0022,1,0.2,720.0,270.0
ORD002901,PROD0006,4,0.0,8800.0,4000.0
ORD002901,PROD0013,1,0.0,16000.0,6000.0
ORD002902,PROD0006,4,0.2,7040.0,2240.0
ORD002903,PROD0023,1,0.05,2375.0,1075.0
ORD002904,PROD0023,1,0.0,2500.0,1200.0
ORD002904,PROD0006,2,0.0,4400.0,2000.0
ORD002905,PROD0028,1,0.05,1710.0,760.0
ORD002906,PROD0010,1,0.05,20900.0,4900.0
ORD002907,PROD0002,3,0.2,156000.0,3000.0
ORD002908,PROD0011,4,0.05,45600.0,15600.0
ORD002908,PROD0027,2,0.15,11050.0,3250.0
ORD002909,PROD0014,2,0.0,56000.0,18000.0
ORD002909,PROD0002,4,0.1,234000.0,30000.0
ORD002910,PROD0003,2,0.2,168000.0,-2000.0
ORD002910,PROD0002,1,0.05,61750.0,10750.0
ORD002910,PROD0015,1,0.0,8500.0,3500.0
ORD002911,PROD0021,2,0.0,3600.0,1700.0
ORD002912,PROD0001,1,0.15,72250.0,4250.0
ORD002912,PROD0006,1,0.0,2200.0,1000.0
ORD002913,PROD0013,1,0.1,14400.0,4400.0
ORD002914,PROD0009,2,0.0,110000.0,26000.0
ORD002915,PROD0011,1,0.0,12000.0,4500.0
ORD002916,PROD0007,1,0.0,22000.0,6500.0
ORD002917,PROD0001,1,0.1,76500.0,8500.0
ORD002917,PROD0005,3,0.0,13500.0,5400.0
ORD002918,PROD0014,2,0.0,56000.0,18000.0
ORD002919,PROD0015,2,0.15,14450.0,4450.0
ORD002919,PROD0021,1,0.05,1710.0,760.0
ORD002920,PROD0019,1,0.0,15000.0,4500.0
ORD002921,PROD0026,1,0.0,5500.0,2300.0
ORD002922,PROD0027,2,0.0,13000.0,5200.0
ORD002923,PROD0004,1,0.1,1080.0,430.0
ORD002923,PROD0021,2,0.1,3240.0,1340.0
ORD002924,PROD0004,1,0.0,1200.0,550.0
ORD002925,PROD0003,1,0.1,94500.0,9500.0
ORD002926,PROD0023,2,0.1,4500.0,1900.0
ORD002926,PROD0013,1,0.2,12800.0,2800.0
ORD002926,PROD0019,1,0.0,15000.0,4500.0
ORD002927,PROD0004,3,0.2,2880.0,930.0
ORD002928,PROD0004,1,0.0,1200.0,550.0
ORD002928,PROD0015,1,0.1,7650.0,2650.0
ORD002929,PROD0021,1,0.1,1620.0,670.0
ORD002929,PROD0010,4,0.1,79200.0,15200.0
ORD002929,PROD0023,4,0.05,9500.0,4300.0
ORD002930,PROD0020,1,0.0,24000.0,7000.0
ORD002931,PROD0005,1,0.2,3600.0,900.0
ORD002931,PROD0015,2,0.0,17000.0,7000.0
ORD002932,PROD0015,1,0.1,7650.0,2650.0
ORD002932,PROD0022,4,0.05,3420.0,1620.0
ORD002933,PROD0009,2,0.1,99000.0,15000.0
ORD002934,PROD0011,1,0.0,12000.0,4500.0
ORD002935,PROD0018,1,0.0,650.0,320.0
ORD002935,PROD0021,1,0.0,1800.0,850.0
ORD002936,PROD0005,1,0.0,4500.0,1800.0
ORD002937,PROD0018,2,0.0,1300.0,640.0
ORD002938,PROD0018,1,0.15,552.5,222.5
ORD002939,PROD0024,1,0.05,3990.0,1790.0
ORD002939,PROD0005,1,0.0,4500.0,1800.0
ORD002939,PROD0009,2,0.2,88000.0,4000.0
ORD002939,PROD0013,1,0.0,16000.0,6000.0
ORD002940,PROD0027,4,0.0,26000.0,10400.0
ORD002941,PROD0018,1,0.2,520.0,190.0
ORD002942,PROD0015,1,0.0,8500.0,3500.0
ORD002943,PROD0005,2,0.15,7650.0,2250.0
ORD002944,PROD0021,4,0.15,6120.0,2320.0
ORD002945,PROD0018,2,0.05,1235.0,575.0
ORD002945,PROD0016,2,0.05,13300.0,4900.0
ORD002946,PROD0018,2,0.2,1040.0,380.0
ORD002947,PROD0028,1,0.0,1800.0,850.0
ORD002948,PROD0011,1,0.0,12000.0,4500.0
ORD002949,PROD0002,1,0.0,65000.0,14000.0
ORD002949,PROD0001,2,0.2,136000.0,0.0
ORD002950,PROD0003,1,0.15,89250.0,4250.0
ORD002951,PROD0025,2,0.05,6650.0,3050.0
ORD002951,PROD0020,4,0.0,96000.0,28000.0
ORD002952,PROD0015,3,0.0,25500.0,10500.0
ORD002953,PROD0006,1,0.0,2200.0,1000.0
ORD002954,PROD0014,2,0.1,50400.0,12400.0
ORD002954,PROD0024,2,0.0,8400.0,4000.0
ORD002954,PROD0026,2,0.05,10450.0,4050.0
ORD002955,PROD0014,2,0.1,50400.0,12400.0
ORD002955,PROD0025,2,0.15,5950.0,2350.0
ORD002955,PROD0024,1,0.1,3780.0,1580.0
ORD002955,PROD0023,2,0.2,4000.0,1400.0
ORD002956,PROD0026,2,0.05,10450.0,4050.0
ORD002956,PROD0017,2,0.15,765.0,325.0
ORD002957,PROD0025,1,0.15,2975.0,1175.0
ORD002957,PROD0027,1,0.0,6500.0,2600.0
ORD002958,PROD0024,3,0.0,12600.0,6000.0
ORD002959,PROD0008,1,0.05,14250.0,3750.0
ORD002960,PROD0008,1,0.1,13500.0,3000.0
ORD002960,PROD0003,1,0.0,105000.0,20000.0
ORD002961,PROD0003,2,0.15,178500.0,8500.0
ORD002962,PROD0006,1,0.0,2200.0,1000.0
ORD002962,PROD0022,1,0.0,900.0,450.0
ORD002963,PROD0024,1,0.2,3360.0,1160.0
ORD002963,PROD0002,1,0.2,52000.0,1000.0
ORD002964,PROD0001,2,0.2,136000.0,0.0
ORD002964,PROD0016,3,0.1,18900.0,6300.0
ORD002964,PROD0012,1,0.1,16200.0,5200.0
ORD002964,PROD0024,2,0.2,6720.0,2320.0
ORD002965,PROD0007,1,0.1,19800.0,4300.0
ORD002965,PROD0026,1,0.05,5225.0,2025.0
ORD002965,PROD0012,1,0.0,18000.0,7000.0
ORD002966,PROD0001,3,0.1,229500.0,25500.0
ORD002967,PROD0020,2,0.0,48000.0,14000.0
ORD002968,PROD0024,1,0.0,4200.0,2000.0
ORD002968,PROD0012,1,0.0,18000.0,7000.0
ORD002969,PROD0011,1,0.2,9600.0,2100.0
ORD002969,PROD0004,3,0.15,3060.0,1110.0
ORD002970,PROD0011,2,0.0,24000.0,9000.0
ORD002971,PROD0019,1,0.15,12750.0,2250.0
ORD002972,PROD0004,2,0.0,2400.0,1100.0
ORD002972,PROD0024,1,0.05,3990.0,1790.0
ORD002973,PROD0011,1,0.0,12000.0,4500.0
ORD002974,PROD0026,2,0.15,9350.0,2950.0
ORD002974,PROD0014,2,0.2,44800.0,6800.0
ORD002974,PROD0008,1,0.0,15000.0,4500.0
ORD002974,PROD0013,1,0.05,15200.0,5200.0
ORD002975,PROD0005,1,0.0,4500.0,1800.0
ORD002976,PROD0028,2,0.2,2880.0,980.0
ORD002977,PROD0026,1,0.0,5500.0,2300.0
ORD002978,PROD0007,1,0.2,17600.0,2100.0
ORD002978,PROD0027,1,0.0,6500.0,2600.0
ORD002978,PROD0022,1,0.05,855.0,405.0
ORD002978,PROD0006,1,0.2,1760.0,560.0
ORD002979,PROD0027,2,0.2,10400.0,2600.0
ORD002979,PROD0020,1,0.2,19200.0,2200.0
ORD002979,PROD0021,1,0.05,1710.0,760.0
ORD002980,PROD0028,1,0.0,1800.0,850.0
ORD002980,PROD0024,4,0.0,16800.0,8000.0
ORD002981,PROD0006,1,0.0,2200.0,1000.0
ORD002982,PROD0014,3,0.2,67200.0,10200.0
ORD002982,PROD0008,1,0.0,15000.0,4500.0
ORD002982,PROD0025,1,0.2,2800.0,1000.0
ORD002983,PROD0008,5,0.1,67500.0,15000.0
ORD002983,PROD0004,1,0.0,1200.0,550.0
ORD002983,PROD0001,1,0.05,80750.0,12750.0
ORD002984,PROD0011,4,0.0,48000.0,18000.0
ORD002984,PROD0026,2,0.0,11000.0,4600.0
ORD002985,PROD0027,4,0.0,26000.0,10400.0
ORD002986,PROD0001,1,0.05,80750.0,12750.0
ORD002987,PROD0012,2,0.15,30600.0,8600.0
ORD002988,PROD0002,1,0.1,58500.0,7500.0
ORD002989,PROD0003,2,0.0,210000.0,40000.0
ORD002990,PROD0015,1,0.1,7650.0,2650.0
ORD002991,PROD0014,1,0.15,23800.0,4800.0
ORD002992,PROD0018,2,0.15,1105.0,445.0
ORD002992,PROD0015,1,0.2,6800.0,1800.0
ORD002993,PROD0019,2,0.05,28500.0,7500.0
ORD002994,PROD0028,2,0.0,3600.0,1700.0
ORD002994,PROD0001,1,0.15,72250.0,4250.0
ORD002994,PROD0007,1,0.05,20900.0,5400.0
ORD002995,PROD0024,1,0.0,4200.0,2000.0
ORD002996,PROD0002,1,0.0,65000.0,14000.0
ORD002997,PROD0026,3,0.0,16500.0,6900.0
ORD002997,PROD0001,1,0.15,72250.0,4250.0
ORD002997,PROD0010,1,0.0,22000.0,6000.0
ORD002998,PROD0011,1,0.15,10200.0,2700.0
ORD002999,PROD0010,1,0.15,18700.0,2700.0
ORD003000,PROD0005,2,0.0,9000.0,3600.0
ORD003001,PROD0020,1,0.2,19200.0,2200.0
ORD003001,PROD0012,5,0.05,85500.0,30500.0
ORD003002,PROD0003,1,0.2,84000.0,-1000.0
ORD003003,PROD0023,3,0.1,6750.0,2850.0
ORD003003,PROD0017,3,0.1,1215.0,555.0
ORD003004,PROD0018,2,0.2,1040.0,380.0
ORD003004,PROD0016,3,0.05,19950.0,7350.0
ORD003004,PROD0023,1,0.15,2125.0,825.0
ORD003005,PROD0012,3,0.0,54000.0,21000.0
ORD003006,PROD0015,2,0.0,17000.0,7000.0
ORD003007,PROD0020,1,0.1,21600.0,4600.0
ORD003007,PROD0018,1,0.05,617.5,287.5
ORD003008,PROD0026,1,0.1,4950.0,1750.0
ORD003008,PROD0006,1,0.0,2200.0,1000.0
ORD003009,PROD0004,2,0.0,2400.0,1100.0
ORD003010,PROD0017,1,0.1,405.0,185.0
ORD003011,PROD0003,2,0.05,199500.0,29500.0
ORD003011,PROD0021,3,0.0,5400.0,2550.0
ORD003012,PROD0018,2,0.15,1105.0,445.0
ORD003013,PROD0019,2,0.2,24000.0,3000.0
ORD003014,PROD0022,1,0.15,765.0,315.0
ORD003015,PROD0004,3,0.2,2880.0,930.0
ORD003015,PROD0012,1,0.0,18000.0,7000.0
ORD003016,PROD0019,2,0.1,27000.0,6000.0
ORD003016,PROD0004,2,0.0,2400.0,1100.0
ORD003017,PROD0024,1,0.0,4200.0,2000.0
ORD003017,PROD0005,3,0.1,12150.0,4050.0
ORD003018,PROD0008,2,0.05,28500.0,7500.0
ORD003019,PROD0019,1,0.0,15000.0,4500.0
ORD003020,PROD0008,3,0.05,42750.0,11250.0
ORD003020,PROD0017,1,0.0,450.0,230.0
ORD003020,PROD0011,2,0.15,20400.0,5400.0
ORD003021,PROD0012,1,0.1,16200.0,5200.0
ORD003022,PROD0006,2,0.0,4400.0,2000.0
ORD003022,PROD0002,1,0.15,55250.0,4250.0
ORD003023,PROD0011,2,0.15,20400.0,5400.0
ORD003024,PROD0010,4,0.2,70400.0,6400.0
ORD003025,PROD0025,4,0.1,12600.0,5400.0
ORD003026,PROD0022,1,0.15,765.0,315.0
ORD003026,PROD0014,4,0.2,89600.0,13600.0
ORD003027,PROD0026,2,0.0,11000.0,4600.0
ORD003028,PROD0024,4,0.2,13440.0,4640.0
ORD003028,PROD0005,1,0.0,4500.0,1800.0
ORD003029,PROD0015,1,0.15,7225.0,2225.0
ORD003029,PROD0025,1,0.0,3500.0,1700.0
ORD003030,PROD0025,2,0.05,6650.0,3050.0
ORD003031,PROD0003,2,0.0,210000.0,40000.0
ORD003031,PROD0004,1,0.15,1020.0,370.0
ORD003032,PROD0022,1,0.15,765.0,315.0
ORD003033,PROD0009,1,0.0,55000.0,13000.0
ORD003034,PROD0010,1,0.0,22000.0,6000.0
ORD003034,PROD0018,1,0.0,650.0,320.0
ORD003034,PROD0014,4,0.0,112000.0,36000.0
ORD003035,PROD0005,1,0.05,4275.0,1575.0
ORD003035,PROD0025,1,0.0,3500.0,1700.0
ORD003035,PROD0010,2,0.05,41800.0,9800.0
ORD003036,PROD0004,3,0.0,3600.0,1650.0
ORD003037,PROD0015,2,0.0,17000.0,7000.0
ORD003038,PROD0011,1,0.0,12000.0,4500.0
ORD003039,PROD0022,1,0.2,720.0,270.0
ORD003039,PROD0010,1,0.0,22000.0,6000.0
ORD003040,PROD0027,1,0.05,6175.0,2275.0
ORD003041,PROD0019,3,0.15,38250.0,6750.0
ORD003041,PROD0020,3,0.1,64800.0,13800.0
ORD003042,PROD0022,2,0.15,1530.0,630.0
ORD003042,PROD0002,2,0.0,130000.0,28000.0
ORD003043,PROD0008,5,0.2,60000.0,7500.0
ORD003043,PROD0017,1,0.1,405.0,185.0
ORD003044,PROD0024,4,0.1,15120.0,6320.0
ORD003044,PROD0017,1,0.05,427.5,207.5
ORD003045,PROD0006,1,0.0,2200.0,1000.0
ORD003045,PROD0010,3,0.0,66000.0,18000.0
ORD003046,PROD0022,1,0.0,900.0,450.0
ORD003047,PROD0025,4,0.0,14000.0,6800.0
ORD003048,PROD0003,3,0.0,315000.0,60000.0
ORD003049,PROD0027,1,0.2,5200.0,1300.0
ORD003049,PROD0012,1,0.05,17100.0,6100.0
ORD003050,PROD0003,3,0.05,299250.0,44250.0
ORD003051,PROD0008,1,0.2,12000.0,1500.0
ORD003052,PROD0007,2,0.0,44000.0,13000.0
ORD003053,PROD0013,3,0.05,45600.0,15600.0
ORD003054,PROD0027,2,0.2,10400.0,2600.0
ORD003055,PROD0007,1,0.0,22000.0,6500.0
ORD003055,PROD0013,3,0.15,40800.0,10800.0
ORD003056,PROD0004,1,0.0,1200.0,550.0
ORD003057,PROD0021,1,0.1,1620.0,670.0
ORD003058,PROD0001,1,0.05,80750.0,12750.0
ORD003058,PROD0021,1,0.0,1800.0,850.0
ORD003059,PROD0013,2,0.0,32000.0,12000.0
ORD003060,PROD0002,1,0.0,65000.0,14000.0
ORD003061,PROD0022,1,0.0,900.0,450.0
ORD003062,PROD0014,4,0.15,95200.0,19200.0
ORD003062,PROD0026,5,0.0,27500.0,11500.0
ORD003063,PROD0012,1,0.0,18000.0,7000.0
ORD003063,PROD0027,2,0.0,13000.0,5200.0
ORD003064,PROD0004,1,0.15,1020.0,370.0
ORD003064,PROD0027,1,0.2,5200.0,1300.0
ORD003065,PROD0023,1,0.15,2125.0,825.0
ORD003065,PROD0020,1,0.2,19200.0,2200.0
ORD003066,PROD0018,3,0.0,1950.0,960.0
ORD003066,PROD0009,1,0.05,52250.0,10250.0
ORD003067,PROD0011,4,0.05,45600.0,15600.0
ORD003067,PROD0018,1,0.15,552.5,222.5
ORD003068,PROD0012,1,0.0,18000.0,7000.0
ORD003068,PROD0002,3,0.1,175500.0,22500.0
ORD003069,PROD0022,4,0.0,3600.0,1800.0
ORD003069,PROD0010,2,0.0,44000.0,12000.0
ORD003070,PROD0018,1,0.0,650.0,320.0
ORD003071,PROD0017,2,0.15,765.0,325.0
ORD003071,PROD0002,2,0.15,110500.0,8500.0
ORD003072,PROD0021,1,0.1,1620.0,670.0
ORD003073,PROD0001,4,0.05,323000.0,51000.0
ORD003074,PROD0028,1,0.15,1530.0,580.0
ORD003075,PROD0019,2,0.15,25500.0,4500.0
ORD003076,PROD0026,1,0.2,4400.0,1200.0
ORD003076,PROD0007,2,0.0,44000.0,13000.0
ORD003077,PROD0012,2,0.05,34200.0,12200.0
ORD003077,PROD0006,1,0.05,2090.0,890.0
ORD003077,PROD0009,1,0.2,44000.0,2000.0
ORD003078,PROD0019,2,0.0,30000.0,9000.0
ORD003078,PROD0013,1,0.05,15200.0,5200.0
ORD003078,PROD0009,1,0.0,55000.0,13000.0
ORD003079,PROD0001,1,0.1,76500.0,8500.0
ORD003080,PROD0005,1,0.0,4500.0,1800.0
ORD003080,PROD0013,4,0.15,54400.0,14400.0
ORD003080,PROD0010,1,0.2,17600.0,1600.0
ORD003081,PROD0007,1,0.1,19800.0,4300.0
ORD003082,PROD0027,5,0.0,32500.0,13000.0
ORD003083,PROD0028,3,0.0,5400.0,2550.0
ORD003083,PROD0010,2,0.0,44000.0,12000.0
ORD003083,PROD0021,1,0.2,1440.0,490.0
ORD003084,PROD0015,1,0.0,8500.0,3500.0
ORD003085,PROD0012,2,0.1,32400.0,10400.0
ORD003086,PROD0003,2,0.0,210000.0,40000.0
ORD003087,PROD0020,5,0.0,120000.0,35000.0
ORD003087,PROD0028,1,0.15,1530.0,580.0
ORD003088,PROD0015,1,0.0,8500.0,3500.0
ORD003088,PROD0001,1,0.0,85000.0,17000.0
ORD003089,PROD0026,1,0.05,5225.0,2025.0
ORD003090,PROD0004,2,0.2,1920.0,620.0
ORD003091,PROD0005,1,0.15,3825.0,1125.0
ORD003092,PROD0024,4,0.2,13440.0,4640.0
ORD003092,PROD0022,2,0.0,1800.0,900.0
ORD003093,PROD0020,4,0.0,96000.0,28000.0
ORD003093,PROD0017,4,0.0,1800.0,920.0
ORD003094,PROD0019,1,0.15,12750.0,2250.0
ORD003095,PROD0014,3,0.1,75600.0,18600.0
ORD003095,PROD0003,3,0.1,283500.0,28500.0
ORD003095,PROD0026,1,0.0,5500.0,2300.0
ORD003096,PROD0026,1,0.15,4675.0,1475.0
ORD003097,PROD0012,2,0.2,28800.0,6800.0
ORD003097,PROD0023,1,0.1,2250.0,950.0
ORD003098,PROD0006,1,0.0,2200.0,1000.0
ORD003098,PROD0015,1,0.2,6800.0,1800.0
ORD003098,PROD0024,1,0.15,3570.0,1370.0
ORD003099,PROD0026,2,0.1,9900.0,3500.0
ORD003099,PROD0005,1,0.2,3600.0,900.0
ORD003099,PROD0015,1,0.15,7225.0,2225.0
ORD003100,PROD0001,1,0.1,76500.0,8500.0
ORD003101,PROD0013,3,0.05,45600.0,15600.0
ORD003101,PROD0028,1,0.05,1710.0,760.0
ORD003101,PROD0022,1,0.2,720.0,270.0
ORD003102,PROD0001,2,0.0,170000.0,34000.0
ORD003103,PROD0009,2,0.0,110000.0,26000.0
ORD003103,PROD0024,1,0.1,3780.0,1580.0
ORD003103,PROD0013,1,0.1,14400.0,4400.0
ORD003103,PROD0011,1,0.0,12000.0,4500.0
ORD003104,PROD0012,2,0.2,28800.0,6800.0
ORD003104,PROD0001,1,0.15,72250.0,4250.0
ORD003104,PROD0005,2,0.0,9000.0,3600.0
ORD003105,PROD0021,1,0.15,1530.0,580.0
ORD003106,PROD0012,1,0.1,16200.0,5200.0
ORD003107,PROD0005,1,0.2,3600.0,900.0
ORD003107,PROD0015,1,0.0,8500.0,3500.0
ORD003107,PROD0025,2,0.0,7000.0,3400.0
ORD003107,PROD0014,2,0.0,56000.0,18000.0
ORD003108,PROD0008,5,0.05,71250.0,18750.0
ORD003108,PROD0027,1,0.2,5200.0,1300.0
ORD003108,PROD0021,1,0.05,1710.0,760.0
ORD003109,PROD0007,2,0.2,35200.0,4200.0
ORD003110,PROD0006,3,0.0,6600.0,3000.0
ORD003110,PROD0003,1,0.0,105000.0,20000.0
ORD003111,PROD0001,1,0.2,68000.0,0.0
ORD003112,PROD0009,1,0.15,46750.0,4750.0
ORD003113,PROD0023,1,0.1,2250.0,950.0
ORD003113,PROD0017,2,0.05,855.0,415.0
ORD003114,PROD0027,1,0.0,6500.0,2600.0
ORD003114,PROD0011,3,0.05,34200.0,11700.0
ORD003114,PROD0007,1,0.0,22000.0,6500.0
ORD003114,PROD0028,1,0.0,1800.0,850.0
ORD003115,PROD0018,1,0.05,617.5,287.5
ORD003115,PROD0007,1,0.15,18700.0,3200.0
ORD003116,PROD0012,1,0.0,18000.0,7000.0
ORD003116,PROD0002,3,0.05,185250.0,32250.0
ORD003117,PROD0027,3,0.0,19500.0,7800.0
ORD003118,PROD0020,4,0.15,81600.0,13600.0
ORD003118,PROD0016,1,0.0,7000.0,2800.0
ORD003118,PROD0007,1,0.2,17600.0,2100.0
ORD003118,PROD0009,1,0.15,46750.0,4750.0
ORD003119,PROD0012,2,0.2,28800.0,6800.0
ORD003120,PROD0001,1,0.15,72250.0,4250.0
ORD003120,PROD0017,1,0.1,405.0,185.0
ORD003120,PROD0005,1,0.0,4500.0,1800.0
ORD003121,PROD0018,2,0.05,1235.0,575.0
ORD003122,PROD0006,4,0.0,8800.0,4000.0
ORD003123,PROD0028,2,0.0,3600.0,1700.0
ORD003124,PROD0008,2,0.15,25500.0,4500.0
ORD003125,PROD0019,2,0.0,30000.0,9000.0
ORD003125,PROD0014,1,0.0,28000.0,9000.0
ORD003126,PROD0026,3,0.1,14850.0,5250.0
ORD003126,PROD0020,1,0.05,22800.0,5800.0
ORD003127,PROD0004,1,0.1,1080.0,430.0
ORD003127,PROD0015,1,0.0,8500.0,3500.0
ORD003127,PROD0012,1,0.2,14400.0,3400.0
ORD003128,PROD0017,2,0.2,720.0,280.0
ORD003128,PROD0018,1,0.1,585.0,255.0
ORD003128,PROD0002,1,0.0,65000.0,14000.0
ORD003129,PROD0001,1,0.2,68000.0,0.0
ORD003130,PROD0004,4,0.0,4800.0,2200.0
ORD003130,PROD0008,1,0.15,12750.0,2250.0
ORD003131,PROD0016,2,0.1,12600.0,4200.0
ORD003132,PROD0016,1,0.1,6300.0,2100.0
ORD003132,PROD0011,1,0.0,12000.0,4500.0
ORD003133,PROD0019,1,0.0,15000.0,4500.0
ORD003133,PROD0025,1,0.1,3150.0,1350.0
ORD003134,PROD0015,3,0.05,24225.0,9225.0
ORD003134,PROD0006,1,0.0,2200.0,1000.0
ORD003135,PROD0005,1,0.05,4275.0,1575.0
ORD003135,PROD0015,4,0.0,34000.0,14000.0
ORD003136,PROD0004,1,0.15,1020.0,370.0
ORD003137,PROD0010,2,0.0,44000.0,12000.0
ORD003138,PROD0009,2,0.0,110000.0,26000.0
ORD003138,PROD0025,2,0.15,5950.0,2350.0
ORD003139,PROD0013,1,0.05,15200.0,5200.0
ORD003140,PROD0009,4,0.1,198000.0,30000.0
ORD003140,PROD0022,3,0.2,2160.0,810.0
ORD003140,PROD0007,2,0.0,44000.0,13000.0
ORD003141,PROD0026,3,0.15,14025.0,4425.0
ORD003142,PROD0013,1,0.0,16000.0,6000.0
ORD003142,PROD0015,1,0.15,7225.0,2225.0
ORD003143,PROD0023,2,0.15,4250.0,1650.0
ORD003143,PROD0014,3,0.15,71400.0,14400.0
ORD003144,PROD0012,1,0.1,16200.0,5200.0
ORD003144,PROD0018,1,0.2,520.0,190.0
ORD003144,PROD0011,1,0.05,11400.0,3900.0
ORD003145,PROD0014,2,0.05,53200.0,15200.0
ORD003145,PROD0015,1,0.0,8500.0,3500.0
ORD003146,PROD0020,1,0.1,21600.0,4600.0
ORD003147,PROD0020,3,0.0,72000.0,21000.0
ORD003148,PROD0002,1,0.0,65000.0,14000.0
ORD003149,PROD0007,3,0.0,66000.0,19500.0
ORD003150,PROD0009,1,0.15,46750.0,4750.0
ORD003151,PROD0005,5,0.05,21375.0,7875.0
ORD003151,PROD0009,1,0.0,55000.0,13000.0
ORD003152,PROD0010,1,0.15,18700.0,2700.0
ORD003153,PROD0013,1,0.1,14400.0,4400.0
ORD003153,PROD0012,3,0.0,54000.0,21000.0
ORD003154,PROD0019,1,0.05,14250.0,3750.0
ORD003155,PROD0019,1,0.2,12000.0,1500.0
ORD003155,PROD0005,2,0.0,9000.0,3600.0
ORD003155,PROD0025,2,0.15,5950.0,2350.0
ORD003156,PROD0007,4,0.2,70400.0,8400.0
ORD003157,PROD0005,1,0.05,4275.0,1575.0
ORD003158,PROD0003,1,0.1,94500.0,9500.0
ORD003158,PROD0005,2,0.05,8550.0,3150.0
ORD003158,PROD0028,2,0.2,2880.0,980.0
ORD003158,PROD0008,2,0.2,24000.0,3000.0
ORD003159,PROD0012,1,0.0,18000.0,7000.0
ORD003159,PROD0008,1,0.2,12000.0,1500.0
ORD003160,PROD0001,1,0.1,76500.0,8500.0
ORD003161,PROD0028,3,0.0,5400.0,2550.0
ORD003161,PROD0001,3,0.2,204000.0,0.0
ORD003162,PROD0014,2,0.0,56000.0,18000.0
ORD003163,PROD0007,1,0.0,22000.0,6500.0
ORD003163,PROD0001,1,0.0,85000.0,17000.0
ORD003164,PROD0013,2,0.0,32000.0,12000.0
ORD003164,PROD0011,2,0.0,24000.0,9000.0
ORD003165,PROD0018,1,0.15,552.5,222.5
ORD003166,PROD0028,3,0.2,4320.0,1470.0
ORD003166,PROD0015,1,0.0,8500.0,3500.0
ORD003167,PROD0026,1,0.0,5500.0,2300.0
ORD003167,PROD0002,1,0.05,61750.0,10750.0
ORD003168,PROD0009,2,0.0,110000.0,26000.0
ORD003169,PROD0002,2,0.0,130000.0,28000.0
ORD003169,PROD0026,2,0.15,9350.0,2950.0
ORD003169,PROD0009,1,0.0,55000.0,13000.0
ORD003170,PROD0010,2,0.0,44000.0,12000.0
ORD003170,PROD0007,2,0.15,37400.0,6400.0
ORD003170,PROD0013,3,0.05,45600.0,15600.0
ORD003171,PROD0023,1,0.0,2500.0,1200.0
ORD003172,PROD0012,1,0.0,18000.0,7000.0
ORD003172,PROD0016,3,0.15,17850.0,5250.0
ORD003172,PROD0023,1,0.0,2500.0,1200.0
ORD003173,PROD0014,1,0.0,28000.0,9000.0
ORD003173,PROD0004,2,0.15,2040.0,740.0
ORD003174,PROD0003,1,0.05,99750.0,14750.0
ORD003175,PROD0008,2,0.0,30000.0,9000.0
ORD003176,PROD0024,2,0.1,7560.0,3160.0
ORD003177,PROD0014,1,0.0,28000.0,9000.0
ORD003178,PROD0006,2,0.0,4400.0,2000.0
ORD003178,PROD0003,1,0.0,105000.0,20000.0
ORD003179,PROD0019,3,0.2,36000.0,4500.0
ORD003179,PROD0027,3,0.0,19500.0,7800.0
ORD003180,PROD0019,2,0.0,30000.0,9000.0
ORD003181,PROD0027,1,0.2,5200.0,1300.0
ORD003182,PROD0022,1,0.0,900.0,450.0
ORD003182,PROD0023,4,0.0,10000.0,4800.0
ORD003182,PROD0001,4,0.0,340000.0,68000.0
ORD003183,PROD0026,1,0.0,5500.0,2300.0
ORD003184,PROD0022,1,0.05,855.0,405.0
ORD003184,PROD0009,2,0.05,104500.0,20500.0
ORD003185,PROD0010,1,0.1,19800.0,3800.0
ORD003186,PROD0008,1,0.0,15000.0,4500.0
ORD003186,PROD0019,1,0.2,12000.0,1500.0
ORD003187,PROD0012,2,0.05,34200.0,12200.0
ORD003187,PROD0015,4,0.2,27200.0,7200.0
ORD003188,PROD0015,3,0.0,25500.0,10500.0
ORD003188,PROD0025,3,0.15,8925.0,3525.0
ORD003189,PROD0013,3,0.05,45600.0,15600.0
ORD003190,PROD0002,1,0.15,55250.0,4250.0
ORD003190,PROD0018,2,0.0,1300.0,640.0
ORD003190,PROD0012,3,0.0,54000.0,21000.0
ORD003190,PROD0005,2,0.0,9000.0,3600.0
ORD003191,PROD0011,4,0.0,48000.0,18000.0
ORD003192,PROD0002,1,0.1,58500.0,7500.0
ORD003193,PROD0016,1,0.1,6300.0,2100.0
ORD003194,PROD0016,1,0.0,7000.0,2800.0
ORD003194,PROD0005,2,0.0,9000.0,3600.0
ORD003195,PROD0014,1,0.15,23800.0,4800.0
ORD003196,PROD0023,1,0.1,2250.0,950.0
ORD003196,PROD0002,1,0.2,52000.0,1000.0
ORD003197,PROD0026,2,0.15,9350.0,2950.0
ORD003198,PROD0026,2,0.0,11000.0,4600.0
ORD003199,PROD0026,1,0.0,5500.0,2300.0
ORD003200,PROD0014,1,0.0,28000.0,9000.0
ORD003201,PROD0026,3,0.0,16500.0,6900.0
ORD003202,PROD0007,1,0.15,18700.0,3200.0
ORD003203,PROD0019,3,0.0,45000.0,13500.0
ORD003204,PROD0001,3,0.0,255000.0,51000.0
ORD003205,PROD0026,1,0.0,5500.0,2300.0
ORD003205,PROD0028,1,0.0,1800.0,850.0
ORD003205,PROD0017,1,0.0,450.0,230.0
ORD003206,PROD0016,1,0.0,7000.0,2800.0
ORD003207,PROD0012,2,0.0,36000.0,14000.0
ORD003207,PROD0005,1,0.0,4500.0,1800.0
ORD003208,PROD0020,1,0.0,24000.0,7000.0
ORD003209,PROD0023,4,0.0,10000.0,4800.0
ORD003210,PROD0015,4,0.1,30600.0,10600.0
ORD003211,PROD0017,1,0.0,450.0,230.0
ORD003212,PROD0011,4,0.05,45600.0,15600.0
ORD003212,PROD0012,3,0.05,51300.0,18300.0
ORD003213,PROD0008,3,0.15,38250.0,6750.0
ORD003213,PROD0022,3,0.0,2700.0,1350.0
ORD003213,PROD0007,2,0.15,37400.0,6400.0
ORD003213,PROD0026,1,0.15,4675.0,1475.0
ORD003214,PROD0015,2,0.0,17000.0,7000.0
ORD003215,PROD0022,1,0.0,900.0,450.0
ORD003216,PROD0020,2,0.0,48000.0,14000.0
ORD003216,PROD0024,2,0.15,7140.0,2740.0
ORD003217,PROD0009,3,0.1,148500.0,22500.0
ORD003218,PROD0016,1,0.0,7000.0,2800.0
ORD003219,PROD0013,3,0.1,43200.0,13200.0
ORD003219,PROD0026,1,0.05,5225.0,2025.0
ORD003220,PROD0012,3,0.05,51300.0,18300.0
ORD003221,PROD0015,1,0.15,7225.0,2225.0
ORD003221,PROD0007,3,0.0,66000.0,19500.0
ORD003221,PROD0014,1,0.0,28000.0,9000.0
ORD003222,PROD0027,3,0.2,15600.0,3900.0
ORD003223,PROD0025,1,0.2,2800.0,1000.0
ORD003224,PROD0011,3,0.2,28800.0,6300.0
ORD003224,PROD0028,1,0.1,1620.0,670.0
ORD003224,PROD0024,4,0.05,15960.0,7160.0
ORD003224,PROD0022,1,0.0,900.0,450.0
ORD003225,PROD0028,3,0.15,4590.0,1740.0
ORD003226,PROD0002,2,0.0,130000.0,28000.0
ORD003227,PROD0013,3,0.2,38400.0,8400.0
ORD003227,PROD0006,5,0.0,11000.0,5000.0
ORD003228,PROD0006,1,0.0,2200.0,1000.0
ORD003229,PROD0014,1,0.15,23800.0,4800.0
ORD003230,PROD0020,5,0.0,120000.0,35000.0
ORD003230,PROD0007,1,0.0,22000.0,6500.0
ORD003231,PROD0024,1,0.0,4200.0,2000.0
ORD003232,PROD0022,1,0.0,900.0,450.0
ORD003233,PROD0002,2,0.0,130000.0,28000.0
ORD003234,PROD0028,2,0.1,3240.0,1340.0
ORD003235,PROD0003,1,0.0,105000.0,20000.0
ORD003235,PROD0022,1,0.0,900.0,450.0
ORD003236,PROD0007,2,0.0,44000.0,13000.0
ORD003237,PROD0009,1,0.2,44000.0,2000.0
ORD003238,PROD0020,3,0.0,72000.0,21000.0
ORD003238,PROD0007,1,0.2,17600.0,2100.0
ORD003238,PROD0024,2,0.1,7560.0,3160.0
ORD003239,PROD0015,1,0.0,8500.0,3500.0
ORD003239,PROD0001,1,0.2,68000.0,0.0
ORD003240,PROD0001,3,0.0,255000.0,51000.0
ORD003241,PROD0004,2,0.0,2400.0,1100.0
ORD003242,PROD0011,2,0.0,24000.0,9000.0
ORD003243,PROD0005,1,0.15,3825.0,1125.0
ORD003243,PROD0025,2,0.05,6650.0,3050.0
ORD003243,PROD0028,1,0.0,1800.0,850.0
ORD003244,PROD0013,1,0.0,16000.0,6000.0
ORD003245,PROD0016,4,0.0,28000.0,11200.0
ORD003246,PROD0018,4,0.0,2600.0,1280.0
ORD003247,PROD0004,1,0.05,1140.0,490.0
ORD003248,PROD0004,1,0.15,1020.0,370.0
ORD003249,PROD0007,2,0.1,39600.0,8600.0
ORD003250,PROD0005,1,0.05,4275.0,1575.0
ORD003250,PROD0020,2,0.2,38400.0,4400.0
ORD003251,PROD0003,1,0.15,89250.0,4250.0
ORD003252,PROD0009,3,0.0,165000.0,39000.0
ORD003253,PROD0019,1,0.05,14250.0,3750.0
ORD003253,PROD0002,2,0.15,110500.0,8500.0
ORD003254,PROD0020,2,0.0,48000.0,14000.0
ORD003255,PROD0010,3,0.05,62700.0,14700.0
ORD003256,PROD0023,3,0.1,6750.0,2850.0
ORD003257,PROD0005,2,0.1,8100.0,2700.0
ORD003258,PROD0008,2,0.0,30000.0,9000.0
ORD003258,PROD0015,1,0.05,8075.0,3075.0
ORD003258,PROD0004,1,0.0,1200.0,550.0
ORD003259,PROD0026,1,0.15,4675.0,1475.0
ORD003259,PROD0012,4,0.0,72000.0,28000.0
ORD003260,PROD0003,2,0.05,199500.0,29500.0
ORD003260,PROD0026,4,0.0,22000.0,9200.0
ORD003261,PROD0002,3,0.15,165750.0,12750.0
ORD003261,PROD0027,2,0.1,11700.0,3900.0
ORD003261,PROD0023,1,0.0,2500.0,1200.0
ORD003261,PROD0013,2,0.2,25600.0,5600.0
ORD003262,PROD0013,1,0.0,16000.0,6000.0
ORD003263,PROD0010,1,0.2,17600.0,1600.0
ORD003264,PROD0025,2,0.2,5600.0,2000.0
ORD003265,PROD0003,1,0.0,105000.0,20000.0
ORD003266,PROD0023,2,0.05,4750.0,2150.0
ORD003266,PROD0001,2,0.0,170000.0,34000.0
ORD003267,PROD0015,1,0.0,8500.0,3500.0
ORD003267,PROD0013,1,0.1,14400.0,4400.0
ORD003267,PROD0023,1,0.15,2125.0,825.0
ORD003268,PROD0015,4,0.0,34000.0,14000.0
ORD003269,PROD0004,2,0.0,2400.0,1100.0
ORD003269,PROD0002,1,0.2,52000.0,1000.0
ORD003270,PROD0002,1,0.1,58500.0,7500.0
ORD003271,PROD0002,2,0.0,130000.0,28000.0
ORD003272,PROD0005,1,0.2,3600.0,900.0
ORD003272,PROD0011,1,0.05,11400.0,3900.0
ORD003273,PROD0011,1,0.05,11400.0,3900.0
ORD003273,PROD0010,1,0.0,22000.0,6000.0
ORD003273,PROD0013,2,0.0,32000.0,12000.0
ORD003274,PROD0021,1,0.2,1440.0,490.0
ORD003274,PROD0001,1,0.0,85000.0,17000.0
ORD003274,PROD0008,1,0.15,12750.0,2250.0
ORD003275,PROD0013,1,0.2,12800.0,2800.0
ORD003276,PROD0022,1,0.2,720.0,270.0
ORD003276,PROD0014,2,0.0,56000.0,18000.0
ORD003276,PROD0028,1,0.05,1710.0,760.0
ORD003276,PROD0017,2,0.0,900.0,460.0
ORD003277,PROD0011,1,0.0,12000.0,4500.0
ORD003278,PROD0025,1,0.2,2800.0,1000.0
ORD003278,PROD0003,2,0.05,199500.0,29500.0
ORD003278,PROD0027,1,0.15,5525.0,1625.0
ORD003278,PROD0017,1,0.15,382.5,162.5
ORD003279,PROD0012,1,0.2,14400.0,3400.0
ORD003279,PROD0019,1,0.0,15000.0,4500.0
ORD003280,PROD0021,3,0.0,5400.0,2550.0
ORD003280,PROD0025,2,0.05,6650.0,3050.0
ORD003281,PROD0005,2,0.05,8550.0,3150.0
ORD003281,PROD0006,2,0.1,3960.0,1560.0
ORD003282,PROD0005,1,0.1,4050.0,1350.0
ORD003283,PROD0005,1,0.15,3825.0,1125.0
ORD003284,PROD0012,1,0.1,16200.0,5200.0
ORD003285,PROD0027,1,0.15,5525.0,1625.0
ORD003285,PROD0024,1,0.05,3990.0,1790.0
ORD003286,PROD0002,1,0.0,65000.0,14000.0
ORD003287,PROD0014,1,0.0,28000.0,9000.0
ORD003288,PROD0028,1,0.1,1620.0,670.0
ORD003289,PROD0026,1,0.0,5500.0,2300.0
ORD003290,PROD0005,1,0.2,3600.0,900.0
ORD003290,PROD0004,1,0.15,1020.0,370.0
ORD003291,PROD0010,1,0.0,22000.0,6000.0
ORD003291,PROD0022,1,0.15,765.0,315.0
ORD003292,PROD0003,2,0.15,178500.0,8500.0
ORD003293,PROD0010,1,0.0,22000.0,6000.0
ORD003293,PROD0019,2,0.0,30000.0,9000.0
ORD003294,PROD0014,2,0.15,47600.0,9600.0
ORD003295,PROD0011,2,0.1,21600.0,6600.0
ORD003295,PROD0007,1,0.0,22000.0,6500.0
ORD003296,PROD0022,2,0.05,1710.0,810.0
ORD003296,PROD0010,1,0.1,19800.0,3800.0
ORD003297,PROD0015,1,0.0,8500.0,3500.0
ORD003298,PROD0014,5,0.05,133000.0,38000.0
ORD003299,PROD0023,1,0.15,2125.0,825.0
ORD003299,PROD0018,3,0.15,1657.5,667.5
ORD003300,PROD0021,1,0.1,1620.0,670.0
ORD003300,PROD0010,1,0.15,18700.0,2700.0
ORD003300,PROD0007,2,0.15,37400.0,6400.0
ORD003301,PROD0011,1,0.0,12000.0,4500.0
ORD003302,PROD0021,1,0.1,1620.0,670.0
ORD003303,PROD0006,1,0.1,1980.0,780.0
ORD003304,PROD0005,3,0.2,10800.0,2700.0
ORD003304,PROD0007,1,0.05,20900.0,5400.0
ORD003305,PROD0006,1,0.0,2200.0,1000.0
ORD003305,PROD0016,2,0.05,13300.0,4900.0
ORD003306,PROD0027,2,0.05,12350.0,4550.0
ORD003306,PROD0023,4,0.15,8500.0,3300.0
ORD003306,PROD0020,2,0.05,45600.0,11600.0
ORD003307,PROD0025,2,0.0,7000.0,3400.0
ORD003308,PROD0009,3,0.05,156750.0,30750.0
ORD003309,PROD0004,1,0.0,1200.0,550.0
ORD003310,PROD0010,2,0.0,44000.0,12000.0
ORD003310,PROD0020,1,0.05,22800.0,5800.0
ORD003310,PROD0024,3,0.05,11970.0,5370.0
ORD003311,PROD0027,1,0.2,5200.0,1300.0
ORD003312,PROD0017,1,0.05,427.5,207.5
ORD003312,PROD0023,4,0.1,9000.0,3800.0
ORD003313,PROD0009,2,0.15,93500.0,9500.0
ORD003313,PROD0020,4,0.2,76800.0,8800.0
ORD003313,PROD0001,2,0.1,153000.0,17000.0
ORD003314,PROD0017,4,0.1,1620.0,740.0
ORD003315,PROD0014,1,0.15,23800.0,4800.0
ORD003315,PROD0026,1,0.0,5500.0,2300.0
ORD003316,PROD0018,2,0.2,1040.0,380.0
ORD003316,PROD0008,1,0.0,15000.0,4500.0
ORD003316,PROD0023,1,0.0,2500.0,1200.0
ORD003317,PROD0024,1,0.05,3990.0,1790.0
ORD003318,PROD0003,3,0.15,267750.0,12750.0
ORD003319,PROD0007,4,0.1,79200.0,17200.0
ORD003319,PROD0016,4,0.0,28000.0,11200.0
ORD003320,PROD0020,3,0.0,72000.0,21000.0
ORD003320,PROD0018,2,0.0,1300.0,640.0
ORD003321,PROD0026,1,0.05,5225.0,2025.0
ORD003322,PROD0017,2,0.0,900.0,460.0
ORD003323,PROD0021,1,0.1,1620.0,670.0
ORD003324,PROD0005,1,0.0,4500.0,1800.0
ORD003325,PROD0027,1,0.2,5200.0,1300.0
ORD003326,PROD0022,1,0.0,900.0,450.0
ORD003326,PROD0003,2,0.0,210000.0,40000.0
ORD003327,PROD0016,1,0.0,7000.0,2800.0
ORD003328,PROD0020,3,0.05,68400.0,17400.0
ORD003329,PROD0027,1,0.1,5850.0,1950.0
ORD003330,PROD0001,3,0.0,255000.0,51000.0
ORD003331,PROD0025,1,0.15,2975.0,1175.0
ORD003332,PROD0019,2,0.0,30000.0,9000.0
ORD003333,PROD0001,2,0.15,144500.0,8500.0
ORD003334,PROD0025,1,0.05,3325.0,1525.0
ORD003334,PROD0024,1,0.0,4200.0,2000.0
ORD003335,PROD0007,2,0.0,44000.0,13000.0
ORD003335,PROD0027,3,0.1,17550.0,5850.0
ORD003336,PROD0007,2,0.1,39600.0,8600.0
ORD003337,PROD0016,3,0.0,21000.0,8400.0
ORD003337,PROD0004,1,0.05,1140.0,490.0
ORD003337,PROD0012,1,0.1,16200.0,5200.0
ORD003338,PROD0015,4,0.0,34000.0,14000.0
ORD003339,PROD0023,1,0.05,2375.0,1075.0
ORD003339,PROD0018,1,0.0,650.0,320.0
ORD003339,PROD0015,3,0.2,20400.0,5400.0
ORD003340,PROD0002,2,0.15,110500.0,8500.0
ORD003341,PROD0024,3,0.15,10710.0,4110.0
ORD003341,PROD0017,1,0.15,382.5,162.5
ORD003341,PROD0001,2,0.15,144500.0,8500.0
ORD003341,PROD0028,1,0.2,1440.0,490.0
ORD003342,PROD0004,1,0.15,1020.0,370.0
ORD003343,PROD0012,3,0.2,43200.0,10200.0
ORD003344,PROD0006,2,0.1,3960.0,1560.0
ORD003344,PROD0009,1,0.15,46750.0,4750.0
ORD003345,PROD0012,2,0.05,34200.0,12200.0
ORD003345,PROD0006,1,0.0,2200.0,1000.0
ORD003346,PROD0002,1,0.0,65000.0,14000.0
ORD003346,PROD0006,1,0.05,2090.0,890.0
ORD003347,PROD0024,1,0.15,3570.0,1370.0
ORD003347,PROD0010,1,0.05,20900.0,4900.0
ORD003348,PROD0001,1,0.2,68000.0,0.0
ORD003349,PROD0015,1,0.0,8500.0,3500.0
ORD003350,PROD0015,3,0.1,22950.0,7950.0
ORD003350,PROD0026,1,0.0,5500.0,2300.0
ORD003351,PROD0001,1,0.0,85000.0,17000.0
ORD003351,PROD0006,1,0.2,1760.0,560.0
ORD003351,PROD0011,1,0.0,12000.0,4500.0
ORD003352,PROD0008,2,0.0,30000.0,9000.0
ORD003353,PROD0020,2,0.0,48000.0,14000.0
ORD003354,PROD0026,4,0.0,22000.0,9200.0
ORD003355,PROD0028,1,0.15,1530.0,580.0
ORD003356,PROD0026,1,0.1,4950.0,1750.0
ORD003357,PROD0025,1,0.15,2975.0,1175.0
ORD003358,PROD0015,1,0.0,8500.0,3500.0
ORD003359,PROD0009,1,0.0,55000.0,13000.0
ORD003360,PROD0014,4,0.05,106400.0,30400.0
ORD003361,PROD0026,1,0.0,5500.0,2300.0
ORD003362,PROD0020,1,0.15,20400.0,3400.0
ORD003363,PROD0021,2,0.0,3600.0,1700.0
ORD003364,PROD0013,2,0.2,25600.0,5600.0
ORD003364,PROD0009,1,0.1,49500.0,7500.0
ORD003365,PROD0011,2,0.0,24000.0,9000.0
ORD003366,PROD0006,1,0.05,2090.0,890.0
ORD003367,PROD0015,4,0.0,34000.0,14000.0
ORD003367,PROD0008,1,0.1,13500.0,3000.0
ORD003368,PROD0028,2,0.0,3600.0,1700.0
ORD003369,PROD0012,1,0.2,14400.0,3400.0
ORD003370,PROD0027,1,0.0,6500.0,2600.0
ORD003371,PROD0007,3,0.1,59400.0,12900.0
ORD003372,PROD0020,2,0.0,48000.0,14000.0
ORD003373,PROD0010,1,0.0,22000.0,6000.0
ORD003374,PROD0022,1,0.15,765.0,315.0
ORD003375,PROD0028,3,0.15,4590.0,1740.0
ORD003375,PROD0016,1,0.0,7000.0,2800.0
ORD003376,PROD0009,1,0.2,44000.0,2000.0
ORD003376,PROD0018,3,0.1,1755.0,765.0
ORD003377,PROD0017,2,0.0,900.0,460.0
ORD003378,PROD0003,3,0.2,252000.0,-3000.0
ORD003378,PROD0006,2,0.2,3520.0,1120.0
ORD003379,PROD0024,2,0.0,8400.0,4000.0
ORD003380,PROD0010,1,0.0,22000.0,6000.0
ORD003381,PROD0018,1,0.0,650.0,320.0
ORD003381,PROD0022,3,0.0,2700.0,1350.0
ORD003381,PROD0017,5,0.2,1800.0,700.0
ORD003382,PROD0011,2,0.05,22800.0,7800.0
ORD003383,PROD0013,1,0.0,16000.0,6000.0
ORD003383,PROD0015,2,0.0,17000.0,7000.0
ORD003384,PROD0019,1,0.0,15000.0,4500.0
ORD003385,PROD0002,2,0.2,104000.0,2000.0
ORD003386,PROD0014,1,0.0,28000.0,9000.0
ORD003387,PROD0016,2,0.0,14000.0,5600.0
ORD003387,PROD0028,1,0.0,1800.0,850.0
ORD003387,PROD0015,2,0.1,15300.0,5300.0
ORD003388,PROD0023,5,0.0,12500.0,6000.0
ORD003389,PROD0017,3,0.05,1282.5,622.5
ORD003390,PROD0005,1,0.0,4500.0,1800.0
ORD003391,PROD0002,3,0.15,165750.0,12750.0
ORD003391,PROD0020,2,0.15,40800.0,6800.0
ORD003392,PROD0009,1,0.1,49500.0,7500.0
ORD003393,PROD0008,1,0.1,13500.0,3000.0
ORD003394,PROD0015,4,0.1,30600.0,10600.0
ORD003395,PROD0007,2,0.15,37400.0,6400.0
ORD003395,PROD0021,1,0.15,1530.0,580.0
ORD003396,PROD0006,3,0.0,6600.0,3000.0
ORD003396,PROD0023,3,0.1,6750.0,2850.0
ORD003397,PROD0017,1,0.05,427.5,207.5
ORD003398,PROD0020,2,0.0,48000.0,14000.0
ORD003399,PROD0010,1,0.0,22000.0,6000.0
ORD003399,PROD0018,2,0.0,1300.0,640.0
ORD003400,PROD0008,2,0.05,28500.0,7500.0
ORD003400,PROD0011,2,0.0,24000.0,9000.0
ORD003401,PROD0008,2,0.1,27000.0,6000.0
ORD003402,PROD0014,1,0.0,28000.0,9000.0
ORD003402,PROD0022,2,0.0,1800.0,900.0
ORD003403,PROD0011,4,0.2,38400.0,8400.0
ORD003404,PROD0008,3,0.0,45000.0,13500.0
ORD003405,PROD0021,3,0.05,5130.0,2280.0
ORD003405,PROD0006,1,0.0,2200.0,1000.0
ORD003405,PROD0002,1,0.0,65000.0,14000.0
ORD003406,PROD0023,3,0.0,7500.0,3600.0
ORD003407,PROD0023,1,0.15,2125.0,825.0
ORD003408,PROD0006,1,0.2,1760.0,560.0
ORD003408,PROD0028,3,0.1,4860.0,2010.0
ORD003408,PROD0014,1,0.0,28000.0,9000.0
ORD003408,PROD0007,1,0.05,20900.0,5400.0
ORD003409,PROD0009,1,0.0,55000.0,13000.0
ORD003410,PROD0004,3,0.15,3060.0,1110.0
ORD003410,PROD0024,4,0.0,16800.0,8000.0
ORD003411,PROD0010,4,0.0,88000.0,24000.0
ORD003412,PROD0015,1,0.1,7650.0,2650.0
ORD003413,PROD0019,1,0.15,12750.0,2250.0
ORD003414,PROD0025,3,0.15,8925.0,3525.0
ORD003415,PROD0023,1,0.15,2125.0,825.0
ORD003415,PROD0010,2,0.05,41800.0,9800.0
ORD003416,PROD0004,3,0.0,3600.0,1650.0
ORD003417,PROD0004,1,0.05,1140.0,490.0
ORD003418,PROD0016,2,0.0,14000.0,5600.0
ORD003419,PROD0022,1,0.1,810.0,360.0
ORD003419,PROD0013,3,0.05,45600.0,15600.0
ORD003419,PROD0010,1,0.05,20900.0,4900.0
ORD003420,PROD0011,2,0.1,21600.0,6600.0
ORD003420,PROD0007,2,0.05,41800.0,10800.0
ORD003421,PROD0021,2,0.0,3600.0,1700.0
ORD003422,PROD0028,1,0.05,1710.0,760.0
ORD003423,PROD0004,1,0.15,1020.0,370.0
ORD003424,PROD0017,1,0.0,450.0,230.0
ORD003425,PROD0019,1,0.15,12750.0,2250.0
ORD003426,PROD0002,3,0.1,175500.0,22500.0
ORD003426,PROD0011,1,0.0,12000.0,4500.0
ORD003426,PROD0015,2,0.0,17000.0,7000.0
ORD003427,PROD0017,1,0.0,450.0,230.0
ORD003428,PROD0010,3,0.0,66000.0,18000.0
ORD003429,PROD0018,2,0.05,1235.0,575.0
ORD003429,PROD0021,4,0.0,7200.0,3400.0
ORD003430,PROD0002,5,0.15,276250.0,21250.0
ORD003431,PROD0009,2,0.0,110000.0,26000.0
ORD003432,PROD0024,2,0.05,7980.0,3580.0
ORD003433,PROD0001,1,0.2,68000.0,0.0
ORD003434,PROD0014,2,0.0,56000.0,18000.0
ORD003434,PROD0008,2,0.2,24000.0,3000.0
ORD003435,PROD0028,2,0.1,3240.0,1340.0
ORD003436,PROD0020,1,0.0,24000.0,7000.0
ORD003436,PROD0023,1,0.0,2500.0,1200.0
ORD003436,PROD0021,3,0.0,5400.0,2550.0
ORD003437,PROD0012,2,0.0,36000.0,14000.0
ORD003438,PROD0006,1,0.0,2200.0,1000.0
ORD003439,PROD0007,1,0.0,22000.0,6500.0
ORD003439,PROD0003,3,0.2,252000.0,-3000.0
ORD003440,PROD0016,1,0.2,5600.0,1400.0
ORD003441,PROD0014,5,0.2,112000.0,17000.0
ORD003441,PROD0026,1,0.0,5500.0,2300.0
ORD003442,PROD0004,1,0.05,1140.0,490.0
ORD003442,PROD0006,3,0.0,6600.0,3000.0
ORD003443,PROD0020,1,0.0,24000.0,7000.0
ORD003443,PROD0018,1,0.05,617.5,287.5
ORD003444,PROD0025,2,0.2,5600.0,2000.0
ORD003444,PROD0013,2,0.05,30400.0,10400.0
ORD003445,PROD0009,1,0.0,55000.0,13000.0
ORD003446,PROD0010,1,0.0,22000.0,6000.0
ORD003446,PROD0003,1,0.05,99750.0,14750.0
ORD003447,PROD0016,1,0.05,6650.0,2450.0
ORD003448,PROD0023,3,0.05,7125.0,3225.0
ORD003449,PROD0012,2,0.0,36000.0,14000.0
ORD003450,PROD0027,1,0.1,5850.0,1950.0
ORD003451,PROD0020,1,0.0,24000.0,7000.0
ORD003451,PROD0009,2,0.15,93500.0,9500.0
ORD003452,PROD0025,3,0.15,8925.0,3525.0
ORD003453,PROD0017,2,0.0,900.0,460.0
ORD003453,PROD0006,1,0.05,2090.0,890.0
ORD003454,PROD0016,2,0.1,12600.0,4200.0
ORD003455,PROD0028,1,0.05,1710.0,760.0
ORD003455,PROD0027,1,0.05,6175.0,2275.0
ORD003456,PROD0021,1,0.0,1800.0,850.0
ORD003457,PROD0020,2,0.1,43200.0,9200.0
ORD003457,PROD0009,1,0.0,55000.0,13000.0
ORD003458,PROD0027,1,0.0,6500.0,2600.0
ORD003458,PROD0028,4,0.0,7200.0,3400.0
ORD003459,PROD0014,1,0.0,28000.0,9000.0
ORD003459,PROD0024,2,0.15,7140.0,2740.0
ORD003459,PROD0001,1,0.15,72250.0,4250.0
ORD003459,PROD0028,4,0.05,6840.0,3040.0
ORD003460,PROD0028,1,0.0,1800.0,850.0
ORD003460,PROD0020,1,0.05,22800.0,5800.0
ORD003461,PROD0013,1,0.0,16000.0,6000.0
ORD003461,PROD0001,2,0.0,170000.0,34000.0
ORD003461,PROD0016,1,0.1,6300.0,2100.0
ORD003462,PROD0013,1,0.0,16000.0,6000.0
ORD003463,PROD0027,2,0.0,13000.0,5200.0
ORD003464,PROD0026,1,0.0,5500.0,2300.0
ORD003465,PROD0010,1,0.0,22000.0,6000.0
ORD003466,PROD0020,1,0.0,24000.0,7000.0
ORD003466,PROD0021,1,0.2,1440.0,490.0
ORD003466,PROD0008,1,0.0,15000.0,4500.0
ORD003466,PROD0011,1,0.05,11400.0,3900.0
ORD003467,PROD0019,1,0.05,14250.0,3750.0
ORD003467,PROD0011,2,0.05,22800.0,7800.0
ORD003468,PROD0012,1,0.0,18000.0,7000.0
ORD003468,PROD0025,1,0.2,2800.0,1000.0
ORD003468,PROD0011,1,0.2,9600.0,2100.0
ORD003469,PROD0024,2,0.15,7140.0,2740.0
ORD003469,PROD0012,1,0.0,18000.0,7000.0
ORD003470,PROD0011,4,0.15,40800.0,10800.0
ORD003471,PROD0010,1,0.1,19800.0,3800.0
ORD003471,PROD0014,3,0.0,84000.0,27000.0
ORD003472,PROD0016,3,0.2,16800.0,4200.0
ORD003473,PROD0006,3,0.1,5940.0,2340.0
ORD003474,PROD0006,1,0.15,1870.0,670.0
ORD003474,PROD0020,2,0.05,45600.0,11600.0
ORD003475,PROD0006,1,0.1,1980.0,780.0
ORD003476,PROD0009,2,0.1,99000.0,15000.0
ORD003477,PROD0019,1,0.2,12000.0,1500.0
ORD003477,PROD0020,1,0.1,21600.0,4600.0
ORD003477,PROD0002,1,0.0,65000.0,14000.0
ORD003478,PROD0002,2,0.2,104000.0,2000.0
ORD003479,PROD0019,2,0.0,30000.0,9000.0
ORD003480,PROD0014,2,0.0,56000.0,18000.0
ORD003481,PROD0011,1,0.15,10200.0,2700.0
ORD003482,PROD0003,2,0.0,210000.0,40000.0
ORD003483,PROD0020,1,0.15,20400.0,3400.0
ORD003483,PROD0028,1,0.0,1800.0,850.0
ORD003484,PROD0014,1,0.15,23800.0,4800.0
ORD003484,PROD0003,1,0.0,105000.0,20000.0
ORD003485,PROD0002,1,0.0,65000.0,14000.0
ORD003486,PROD0026,1,0.0,5500.0,2300.0
ORD003487,PROD0003,1,0.05,99750.0,14750.0
ORD003487,PROD0017,1,0.0,450.0,230.0
ORD003487,PROD0020,1,0.15,20400.0,3400.0
ORD003488,PROD0012,5,0.2,72000.0,17000.0
ORD003489,PROD0007,2,0.0,44000.0,13000.0
ORD003490,PROD0023,4,0.0,10000.0,4800.0
ORD003491,PROD0026,3,0.05,15675.0,6075.0
ORD003492,PROD0008,1,0.2,12000.0,1500.0
ORD003493,PROD0022,1,0.2,720.0,270.0
ORD003493,PROD0008,1,0.0,15000.0,4500.0
ORD003494,PROD0021,1,0.05,1710.0,760.0
ORD003495,PROD0028,1,0.0,1800.0,850.0
ORD003495,PROD0014,2,0.15,47600.0,9600.0
ORD003496,PROD0007,1,0.1,19800.0,4300.0
ORD003496,PROD0003,1,0.15,89250.0,4250.0
ORD003497,PROD0003,1,0.0,105000.0,20000.0
ORD003498,PROD0016,1,0.05,6650.0,2450.0
ORD003498,PROD0024,2,0.05,7980.0,3580.0
ORD003498,PROD0014,1,0.05,26600.0,7600.0
ORD003499,PROD0015,1,0.0,8500.0,3500.0
ORD003500,PROD0011,2,0.0,24000.0,9000.0
ORD003501,PROD0017,1,0.0,450.0,230.0
ORD003502,PROD0023,1,0.2,2000.0,700.0
ORD003502,PROD0009,2,0.0,110000.0,26000.0
ORD003503,PROD0002,1,0.1,58500.0,7500.0
ORD003504,PROD0011,1,0.0,12000.0,4500.0
ORD003505,PROD0018,2,0.0,1300.0,640.0
ORD003505,PROD0020,1,0.0,24000.0,7000.0
ORD003506,PROD0003,1,0.15,89250.0,4250.0
ORD003507,PROD0003,4,0.1,378000.0,38000.0
ORD003507,PROD0010,1,0.15,18700.0,2700.0
ORD003508,PROD0015,1,0.0,8500.0,3500.0
ORD003508,PROD0001,1,0.0,85000.0,17000.0
ORD003509,PROD0014,1,0.0,28000.0,9000.0
ORD003509,PROD0001,2,0.0,170000.0,34000.0
ORD003510,PROD0004,3,0.0,3600.0,1650.0
ORD003510,PROD0024,3,0.05,11970.0,5370.0
ORD003511,PROD0004,4,0.05,4560.0,1960.0
ORD003512,PROD0018,5,0.15,2762.5,1112.5
ORD003512,PROD0008,1,0.15,12750.0,2250.0
ORD003512,PROD0024,3,0.1,11340.0,4740.0
ORD003513,PROD0002,1,0.0,65000.0,14000.0
ORD003514,PROD0019,1,0.05,14250.0,3750.0
ORD003515,PROD0012,1,0.0,18000.0,7000.0
ORD003515,PROD0006,2,0.2,3520.0,1120.0
ORD003515,PROD0022,4,0.1,3240.0,1440.0
ORD003516,PROD0015,1,0.0,8500.0,3500.0
ORD003516,PROD0025,1,0.1,3150.0,1350.0
ORD003517,PROD0025,2,0.0,7000.0,3400.0
ORD003518,PROD0027,2,0.0,13000.0,5200.0
ORD003518,PROD0023,3,0.0,7500.0,3600.0
ORD003519,PROD0013,1,0.1,14400.0,4400.0
ORD003519,PROD0022,1,0.15,765.0,315.0
ORD003519,PROD0024,2,0.0,8400.0,4000.0
ORD003520,PROD0027,1,0.0,6500.0,2600.0
ORD003521,PROD0014,1,0.2,22400.0,3400.0
ORD003521,PROD0009,2,0.0,110000.0,26000.0
ORD003521,PROD0025,1,0.0,3500.0,1700.0
ORD003521,PROD0011,1,0.2,9600.0,2100.0
ORD003522,PROD0028,2,0.05,3420.0,1520.0
ORD003523,PROD0012,1,0.05,17100.0,6100.0
ORD003524,PROD0026,2,0.2,8800.0,2400.0
ORD003524,PROD0003,1,0.15,89250.0,4250.0
ORD003524,PROD0017,1,0.0,450.0,230.0
ORD003525,PROD0022,1,0.05,855.0,405.0
ORD003526,PROD0024,2,0.05,7980.0,3580.0
ORD003526,PROD0020,1,0.2,19200.0,2200.0
ORD003526,PROD0022,2,0.0,1800.0,900.0
ORD003527,PROD0024,2,0.0,8400.0,4000.0
ORD003527,PROD0005,2,0.0,9000.0,3600.0
ORD003527,PROD0017,2,0.05,855.0,415.0
ORD003528,PROD0023,1,0.15,2125.0,825.0
ORD003529,PROD0009,2,0.05,104500.0,20500.0
ORD003530,PROD0008,1,0.0,15000.0,4500.0
ORD003531,PROD0010,1,0.05,20900.0,4900.0
ORD003532,PROD0005,2,0.0,9000.0,3600.0
ORD003532,PROD0026,1,0.0,5500.0,2300.0
ORD003533,PROD0011,3,0.05,34200.0,11700.0
ORD003534,PROD0021,1,0.1,1620.0,670.0
ORD003535,PROD0022,1,0.0,900.0,450.0
ORD003535,PROD0028,2,0.2,2880.0,980.0
ORD003536,PROD0022,3,0.0,2700.0,1350.0
ORD003537,PROD0012,1,0.05,17100.0,6100.0
ORD003537,PROD0022,1,0.1,810.0,360.0
ORD003537,PROD0002,1,0.0,65000.0,14000.0
ORD003538,PROD0004,1,0.2,960.0,310.0
ORD003538,PROD0023,1,0.05,2375.0,1075.0
ORD003539,PROD0014,1,0.1,25200.0,6200.0
ORD003540,PROD0002,1,0.15,55250.0,4250.0
ORD003540,PROD0019,1,0.0,15000.0,4500.0
ORD003540,PROD0008,1,0.0,15000.0,4500.0
ORD003541,PROD0012,1,0.15,15300.0,4300.0
ORD003542,PROD0028,3,0.0,5400.0,2550.0
ORD003543,PROD0011,1,0.0,12000.0,4500.0
ORD003544,PROD0009,3,0.0,165000.0,39000.0
ORD003545,PROD0012,1,0.05,17100.0,6100.0
ORD003546,PROD0005,1,0.0,4500.0,1800.0
ORD003547,PROD0014,1,0.15,23800.0,4800.0
ORD003547,PROD0019,3,0.1,40500.0,9000.0
ORD003548,PROD0023,2,0.1,4500.0,1900.0
ORD003548,PROD0013,1,0.05,15200.0,5200.0
ORD003549,PROD0027,2,0.05,12350.0,4550.0
ORD003549,PROD0017,2,0.0,900.0,460.0
ORD003550,PROD0008,1,0.05,14250.0,3750.0
ORD003550,PROD0002,2,0.0,130000.0,28000.0
ORD003551,PROD0013,3,0.0,48000.0,18000.0
ORD003551,PROD0019,1,0.0,15000.0,4500.0
ORD003552,PROD0024,1,0.0,4200.0,2000.0
ORD003552,PROD0003,1,0.0,105000.0,20000.0
ORD003553,PROD0010,1,0.15,18700.0,2700.0
ORD003554,PROD0004,1,0.0,1200.0,550.0
ORD003554,PROD0016,2,0.0,14000.0,5600.0
ORD003555,PROD0017,1,0.05,427.5,207.5
ORD003555,PROD0028,5,0.15,7650.0,2900.0
ORD003556,PROD0017,1,0.0,450.0,230.0
ORD003557,PROD0013,1,0.2,12800.0,2800.0
ORD003558,PROD0007,1,0.0,22000.0,6500.0
ORD003559,PROD0016,1,0.15,5950.0,1750.0
ORD003560,PROD0015,1,0.1,7650.0,2650.0
ORD003561,PROD0006,2,0.0,4400.0,2000.0
ORD003561,PROD0025,3,0.0,10500.0,5100.0
ORD003562,PROD0001,4,0.0,340000.0,68000.0
ORD003562,PROD0027,1,0.15,5525.0,1625.0
ORD003563,PROD0007,1,0.2,17600.0,2100.0
ORD003564,PROD0025,1,0.15,2975.0,1175.0
ORD003565,PROD0028,2,0.05,3420.0,1520.0
ORD003566,PROD0026,1,0.15,4675.0,1475.0
ORD003567,PROD0026,3,0.0,16500.0,6900.0
ORD003567,PROD0011,1,0.1,10800.0,3300.0
ORD003568,PROD0005,4,0.2,14400.0,3600.0
ORD003568,PROD0001,4,0.0,340000.0,68000.0
ORD003569,PROD0014,3,0.15,71400.0,14400.0
ORD003569,PROD0028,2,0.0,3600.0,1700.0
ORD003570,PROD0014,4,0.15,95200.0,19200.0
ORD003571,PROD0011,1,0.15,10200.0,2700.0
ORD003572,PROD0028,1,0.15,1530.0,580.0
ORD003572,PROD0003,4,0.1,378000.0,38000.0
ORD003572,PROD0023,2,0.05,4750.0,2150.0
ORD003573,PROD0020,1,0.0,24000.0,7000.0
ORD003574,PROD0014,1,0.05,26600.0,7600.0
ORD003574,PROD0013,2,0.1,28800.0,8800.0
ORD003575,PROD0006,1,0.15,1870.0,670.0
ORD003576,PROD0014,4,0.0,112000.0,36000.0
ORD003577,PROD0009,1,0.0,55000.0,13000.0
ORD003577,PROD0011,4,0.05,45600.0,15600.0
ORD003578,PROD0023,2,0.1,4500.0,1900.0
ORD003578,PROD0006,1,0.0,2200.0,1000.0
ORD003579,PROD0016,1,0.15,5950.0,1750.0
ORD003579,PROD0012,2,0.15,30600.0,8600.0
ORD003580,PROD0022,1,0.0,900.0,450.0
ORD003580,PROD0007,2,0.0,44000.0,13000.0
ORD003581,PROD0015,1,0.05,8075.0,3075.0
ORD003581,PROD0023,3,0.1,6750.0,2850.0
ORD003582,PROD0002,3,0.2,156000.0,3000.0
ORD003582,PROD0027,2,0.0,13000.0,5200.0
ORD003583,PROD0017,1,0.0,450.0,230.0
ORD003584,PROD0003,1,0.2,84000.0,-1000.0
ORD003585,PROD0011,1,0.2,9600.0,2100.0
ORD003585,PROD0005,2,0.2,7200.0,1800.0
ORD003586,PROD0003,1,0.0,105000.0,20000.0
ORD003587,PROD0020,1,0.1,21600.0,4600.0
ORD003587,PROD0017,3,0.0,1350.0,690.0
ORD003588,PROD0003,1,0.05,99750.0,14750.0
ORD003588,PROD0011,1,0.05,11400.0,3900.0
ORD003588,PROD0004,1,0.0,1200.0,550.0
ORD003589,PROD0024,1,0.2,3360.0,1160.0
ORD003590,PROD0014,3,0.0,84000.0,27000.0
ORD003591,PROD0006,4,0.15,7480.0,2680.0
ORD003592,PROD0025,3,0.15,8925.0,3525.0
ORD003592,PROD0013,1,0.0,16000.0,6000.0
ORD003592,PROD0004,2,0.1,2160.0,860.0
ORD003593,PROD0001,4,0.1,306000.0,34000.0
ORD003593,PROD0028,1,0.2,1440.0,490.0
ORD003594,PROD0025,1,0.15,2975.0,1175.0
ORD003595,PROD0027,3,0.05,18525.0,6825.0
ORD003595,PROD0009,1,0.2,44000.0,2000.0
ORD003595,PROD0024,5,0.2,16800.0,5800.0
ORD003596,PROD0024,3,0.1,11340.0,4740.0
ORD003597,PROD0014,1,0.0,28000.0,9000.0
ORD003598,PROD0024,4,0.0,16800.0,8000.0
ORD003599,PROD0019,1,0.0,15000.0,4500.0
ORD003599,PROD0028,2,0.15,3060.0,1160.0
ORD003600,PROD0015,1,0.0,8500.0,3500.0
ORD003601,PROD0019,4,0.2,48000.0,6000.0
ORD003601,PROD0023,2,0.2,4000.0,1400.0
ORD003601,PROD0021,2,0.0,3600.0,1700.0
ORD003602,PROD0001,4,0.1,306000.0,34000.0
ORD003603,PROD0003,2,0.0,210000.0,40000.0
ORD003603,PROD0005,1,0.0,4500.0,1800.0
ORD003604,PROD0011,1,0.0,12000.0,4500.0
ORD003604,PROD0022,2,0.05,1710.0,810.0
ORD003605,PROD0015,1,0.15,7225.0,2225.0
ORD003606,PROD0028,3,0.15,4590.0,1740.0
ORD003607,PROD0018,4,0.0,2600.0,1280.0
ORD003607,PROD0004,1,0.1,1080.0,430.0
ORD003608,PROD0013,1,0.0,16000.0,6000.0
ORD003608,PROD0028,1,0.0,1800.0,850.0
ORD003609,PROD0015,1,0.2,6800.0,1800.0
ORD003610,PROD0008,5,0.05,71250.0,18750.0
ORD003611,PROD0016,1,0.15,5950.0,1750.0
ORD003612,PROD0021,2,0.0,3600.0,1700.0
ORD003613,PROD0028,1,0.2,1440.0,490.0
ORD003614,PROD0028,3,0.1,4860.0,2010.0
ORD003615,PROD0016,1,0.0,7000.0,2800.0
ORD003616,PROD0015,1,0.0,8500.0,3500.0
ORD003617,PROD0009,2,0.0,110000.0,26000.0
ORD003618,PROD0024,1,0.05,3990.0,1790.0
ORD003618,PROD0011,3,0.15,30600.0,8100.0
ORD003619,PROD0024,4,0.15,14280.0,5480.0
ORD003620,PROD0025,1,0.1,3150.0,1350.0
ORD003620,PROD0012,1,0.0,18000.0,7000.0
ORD003621,PROD0006,1,0.0,2200.0,1000.0
ORD003622,PROD0019,3,0.05,42750.0,11250.0
ORD003623,PROD0014,1,0.05,26600.0,7600.0
ORD003623,PROD0005,2,0.0,9000.0,3600.0
ORD003624,PROD0019,1,0.0,15000.0,4500.0
ORD003624,PROD0011,1,0.0,12000.0,4500.0
ORD003625,PROD0013,3,0.1,43200.0,13200.0
ORD003625,PROD0004,2,0.2,1920.0,620.0
ORD003626,PROD0002,1,0.1,58500.0,7500.0
ORD003626,PROD0001,2,0.0,170000.0,34000.0
ORD003627,PROD0017,1,0.0,450.0,230.0
ORD003628,PROD0015,3,0.15,21675.0,6675.0
ORD003629,PROD0010,2,0.0,44000.0,12000.0
ORD003630,PROD0013,2,0.0,32000.0,12000.0
ORD003631,PROD0021,2,0.0,3600.0,1700.0
ORD003631,PROD0002,1,0.0,65000.0,14000.0
ORD003632,PROD0011,1,0.0,12000.0,4500.0
ORD003632,PROD0019,1,0.0,15000.0,4500.0
ORD003633,PROD0001,1,0.0,85000.0,17000.0
ORD003634,PROD0018,2,0.15,1105.0,445.0
ORD003634,PROD0021,1,0.15,1530.0,580.0
ORD003634,PROD0009,1,0.0,55000.0,13000.0
ORD003635,PROD0019,1,0.0,15000.0,4500.0
ORD003635,PROD0021,2,0.2,2880.0,980.0
ORD003635,PROD0002,2,0.1,117000.0,15000.0
ORD003636,PROD0022,2,0.0,1800.0,900.0
ORD003637,PROD0011,1,0.1,10800.0,3300.0
ORD003637,PROD0019,2,0.1,27000.0,6000.0
ORD003638,PROD0022,1,0.2,720.0,270.0
ORD003639,PROD0018,1,0.05,617.5,287.5
ORD003640,PROD0015,3,0.0,25500.0,10500.0
ORD003640,PROD0013,5,0.05,76000.0,26000.0
ORD003641,PROD0027,1,0.0,6500.0,2600.0
ORD003641,PROD0024,3,0.2,10080.0,3480.0
ORD003642,PROD0007,2,0.2,35200.0,4200.0
ORD003643,PROD0021,1,0.1,1620.0,670.0
ORD003644,PROD0016,1,0.05,6650.0,2450.0
ORD003644,PROD0018,1,0.15,552.5,222.5
ORD003645,PROD0007,1,0.1,19800.0,4300.0
ORD003645,PROD0001,1,0.0,85000.0,17000.0
ORD003646,PROD0025,2,0.0,7000.0,3400.0
ORD003647,PROD0028,3,0.15,4590.0,1740.0
ORD003647,PROD0022,1,0.05,855.0,405.0
ORD003648,PROD0008,1,0.0,15000.0,4500.0
ORD003648,PROD0017,1,0.0,450.0,230.0
ORD003649,PROD0018,1,0.0,650.0,320.0
ORD003649,PROD0003,3,0.0,315000.0,60000.0
ORD003649,PROD0011,1,0.05,11400.0,3900.0
ORD003650,PROD0002,1,0.2,52000.0,1000.0
ORD003651,PROD0027,1,0.0,6500.0,2600.0
ORD003652,PROD0023,3,0.15,6375.0,2475.0
ORD003652,PROD0026,2,0.1,9900.0,3500.0
ORD003653,PROD0002,3,0.0,195000.0,42000.0
ORD003654,PROD0017,3,0.0,1350.0,690.0
ORD003654,PROD0015,1,0.1,7650.0,2650.0
ORD003654,PROD0011,2,0.0,24000.0,9000.0
ORD003655,PROD0027,1,0.05,6175.0,2275.0
ORD003656,PROD0015,1,0.05,8075.0,3075.0
ORD003657,PROD0028,2,0.0,3600.0,1700.0
ORD003658,PROD0016,4,0.05,26600.0,9800.0
ORD003658,PROD0022,1,0.2,720.0,270.0
ORD003659,PROD0003,1,0.2,84000.0,-1000.0
ORD003659,PROD0007,1,0.0,22000.0,6500.0
ORD003659,PROD0013,2,0.0,32000.0,12000.0
ORD003660,PROD0010,1,0.0,22000.0,6000.0
ORD003660,PROD0011,2,0.0,24000.0,9000.0
ORD003661,PROD0010,4,0.0,88000.0,24000.0
ORD003662,PROD0027,1,0.2,5200.0,1300.0
ORD003662,PROD0017,1,0.15,382.5,162.5
ORD003663,PROD0027,4,0.1,23400.0,7800.0
ORD003664,PROD0023,1,0.0,2500.0,1200.0
ORD003664,PROD0004,2,0.0,2400.0,1100.0
ORD003664,PROD0027,3,0.0,19500.0,7800.0
ORD003665,PROD0016,2,0.1,12600.0,4200.0
ORD003665,PROD0008,3,0.0,45000.0,13500.0
ORD003666,PROD0014,1,0.05,26600.0,7600.0
ORD003667,PROD0002,2,0.0,130000.0,28000.0
ORD003668,PROD0025,3,0.1,9450.0,4050.0
ORD003668,PROD0028,1,0.1,1620.0,670.0
ORD003669,PROD0017,2,0.0,900.0,460.0
ORD003670,PROD0008,1,0.0,15000.0,4500.0
ORD003670,PROD0009,1,0.05,52250.0,10250.0
ORD003670,PROD0014,1,0.05,26600.0,7600.0
ORD003671,PROD0021,1,0.15,1530.0,580.0
ORD003672,PROD0013,1,0.0,16000.0,6000.0
ORD003672,PROD0007,2,0.1,39600.0,8600.0
ORD003672,PROD0023,1,0.0,2500.0,1200.0
ORD003673,PROD0012,1,0.0,18000.0,7000.0
ORD003673,PROD0005,1,0.0,4500.0,1800.0
ORD003674,PROD0028,3,0.0,5400.0,2550.0
ORD003675,PROD0028,4,0.15,6120.0,2320.0
ORD003675,PROD0017,1,0.0,450.0,230.0
ORD003676,PROD0001,3,0.0,255000.0,51000.0
ORD003677,PROD0009,2,0.0,110000.0,26000.0
ORD003677,PROD0022,1,0.05,855.0,405.0
ORD003678,PROD0017,2,0.05,855.0,415.0
ORD003679,PROD0023,3,0.05,7125.0,3225.0
ORD003679,PROD0017,2,0.05,855.0,415.0
ORD003680,PROD0009,2,0.0,110000.0,26000.0
ORD003680,PROD0016,4,0.0,28000.0,11200.0
ORD003680,PROD0014,2,0.0,56000.0,18000.0
ORD003681,PROD0018,1,0.0,650.0,320.0
ORD003682,PROD0025,1,0.2,2800.0,1000.0
ORD003683,PROD0014,1,0.2,22400.0,3400.0
ORD003683,PROD0017,1,0.0,450.0,230.0
ORD003684,PROD0005,2,0.0,9000.0,3600.0
ORD003684,PROD0006,1,0.2,1760.0,560.0
ORD003685,PROD0006,1,0.1,1980.0,780.0
ORD003685,PROD0023,2,0.0,5000.0,2400.0
ORD003686,PROD0025,1,0.0,3500.0,1700.0
ORD003686,PROD0028,2,0.0,3600.0,1700.0
ORD003686,PROD0013,3,0.0,48000.0,18000.0
ORD003687,PROD0012,1,0.0,18000.0,7000.0
ORD003687,PROD0009,3,0.1,148500.0,22500.0
ORD003687,PROD0011,1,0.1,10800.0,3300.0
ORD003688,PROD0008,2,0.0,30000.0,9000.0
ORD003688,PROD0003,3,0.0,315000.0,60000.0
ORD003688,PROD0009,1,0.0,55000.0,13000.0
ORD003689,PROD0006,1,0.05,2090.0,890.0
ORD003690,PROD0011,2,0.2,19200.0,4200.0
ORD003691,PROD0010,2,0.2,35200.0,3200.0
ORD003691,PROD0015,1,0.05,8075.0,3075.0
ORD003692,PROD0004,1,0.2,960.0,310.0
ORD003693,PROD0023,1,0.0,2500.0,1200.0
ORD003694,PROD0005,2,0.2,7200.0,1800.0
ORD003695,PROD0017,1,0.2,360.0,140.0
ORD003696,PROD0018,1,0.0,650.0,320.0
ORD003697,PROD0007,1,0.15,18700.0,3200.0
ORD003697,PROD0010,2,0.2,35200.0,3200.0
ORD003697,PROD0015,3,0.1,22950.0,7950.0
ORD003698,PROD0001,2,0.2,136000.0,0.0
ORD003699,PROD0015,1,0.1,7650.0,2650.0
ORD003700,PROD0021,1,0.15,1530.0,580.0
ORD003700,PROD0010,1,0.0,22000.0,6000.0
ORD003701,PROD0007,1,0.2,17600.0,2100.0
ORD003702,PROD0013,1,0.0,16000.0,6000.0
ORD003702,PROD0002,2,0.0,130000.0,28000.0
ORD003703,PROD0001,1,0.0,85000.0,17000.0
ORD003704,PROD0013,2,0.1,28800.0,8800.0
ORD003704,PROD0010,3,0.0,66000.0,18000.0
ORD003705,PROD0022,1,0.0,900.0,450.0
ORD003705,PROD0016,2,0.05,13300.0,4900.0
ORD003706,PROD0008,3,0.15,38250.0,6750.0
ORD003706,PROD0009,1,0.15,46750.0,4750.0
ORD003707,PROD0004,1,0.15,1020.0,370.0
ORD003708,PROD0014,1,0.05,26600.0,7600.0
ORD003709,PROD0025,4,0.1,12600.0,5400.0
ORD003710,PROD0027,1,0.0,6500.0,2600.0
ORD003711,PROD0001,1,0.0,85000.0,17000.0
ORD003712,PROD0028,4,0.0,7200.0,3400.0
ORD003713,PROD0019,1,0.2,12000.0,1500.0
ORD003714,PROD0021,1,0.1,1620.0,670.0
ORD003714,PROD0001,1,0.0,85000.0,17000.0
ORD003715,PROD0025,1,0.0,3500.0,1700.0
ORD003716,PROD0026,1,0.05,5225.0,2025.0
ORD003716,PROD0002,3,0.0,195000.0,42000.0
ORD003717,PROD0001,2,0.05,161500.0,25500.0
ORD003718,PROD0022,1,0.1,810.0,360.0
ORD003719,PROD0020,3,0.15,61200.0,10200.0
ORD003719,PROD0004,1,0.2,960.0,310.0
ORD003720,PROD0010,1,0.0,22000.0,6000.0
ORD003721,PROD0021,1,0.1,1620.0,670.0
ORD003722,PROD0016,3,0.0,21000.0,8400.0
ORD003723,PROD0005,1,0.0,4500.0,1800.0
ORD003723,PROD0003,3,0.15,267750.0,12750.0
ORD003724,PROD0007,2,0.1,39600.0,8600.0
ORD003725,PROD0009,2,0.2,88000.0,4000.0
ORD003726,PROD0015,3,0.15,21675.0,6675.0
ORD003726,PROD0003,4,0.15,357000.0,17000.0
ORD003727,PROD0006,2,0.0,4400.0,2000.0
ORD003728,PROD0008,2,0.0,30000.0,9000.0
ORD003729,PROD0021,1,0.05,1710.0,760.0
ORD003729,PROD0024,1,0.1,3780.0,1580.0
ORD003729,PROD0001,1,0.0,85000.0,17000.0
ORD003729,PROD0027,2,0.2,10400.0,2600.0
ORD003730,PROD0025,1,0.05,3325.0,1525.0
ORD003731,PROD0011,1,0.2,9600.0,2100.0
ORD003731,PROD0012,1,0.1,16200.0,5200.0
ORD003732,PROD0028,1,0.2,1440.0,490.0
ORD003732,PROD0018,2,0.0,1300.0,640.0
ORD003732,PROD0023,1,0.2,2000.0,700.0
ORD003733,PROD0017,3,0.0,1350.0,690.0
ORD003733,PROD0022,1,0.15,765.0,315.0
ORD003734,PROD0017,2,0.15,765.0,325.0
ORD003735,PROD0004,3,0.2,2880.0,930.0
ORD003736,PROD0001,1,0.2,68000.0,0.0
ORD003737,PROD0020,1,0.0,24000.0,7000.0
ORD003738,PROD0028,1,0.15,1530.0,580.0
ORD003738,PROD0011,1,0.15,10200.0,2700.0
ORD003738,PROD0025,1,0.15,2975.0,1175.0
ORD003739,PROD0003,1,0.0,105000.0,20000.0
ORD003739,PROD0008,1,0.15,12750.0,2250.0
ORD003739,PROD0020,2,0.0,48000.0,14000.0
ORD003740,PROD0025,1,0.0,3500.0,1700.0
ORD003741,PROD0027,2,0.0,13000.0,5200.0
ORD003741,PROD0005,2,0.1,8100.0,2700.0
ORD003742,PROD0010,3,0.15,56100.0,8100.0
ORD003742,PROD0002,3,0.05,185250.0,32250.0
ORD003742,PROD0025,2,0.0,7000.0,3400.0
ORD003743,PROD0020,2,0.0,48000.0,14000.0
ORD003744,PROD0024,2,0.0,8400.0,4000.0
ORD003745,PROD0001,1,0.0,85000.0,17000.0
ORD003745,PROD0007,1,0.15,18700.0,3200.0
ORD003746,PROD0004,1,0.05,1140.0,490.0
ORD003747,PROD0027,2,0.0,13000.0,5200.0
ORD003747,PROD0005,1,0.2,3600.0,900.0
ORD003748,PROD0002,2,0.0,130000.0,28000.0
ORD003749,PROD0017,2,0.0,900.0,460.0
ORD003749,PROD0028,2,0.2,2880.0,980.0
ORD003749,PROD0016,1,0.1,6300.0,2100.0
ORD003750,PROD0007,1,0.0,22000.0,6500.0
ORD003751,PROD0020,1,0.0,24000.0,7000.0
ORD003752,PROD0016,2,0.0,14000.0,5600.0
ORD003753,PROD0023,1,0.05,2375.0,1075.0
ORD003753,PROD0003,4,0.2,336000.0,-4000.0
ORD003754,PROD0001,2,0.0,170000.0,34000.0
ORD003754,PROD0007,1,0.15,18700.0,3200.0
ORD003755,PROD0023,1,0.15,2125.0,825.0
ORD003755,PROD0009,4,0.2,176000.0,8000.0
ORD003755,PROD0017,1,0.0,450.0,230.0
ORD003756,PROD0020,1,0.0,24000.0,7000.0
ORD003756,PROD0013,1,0.0,16000.0,6000.0
ORD003757,PROD0024,1,0.0,4200.0,2000.0
ORD003758,PROD0026,1,0.0,5500.0,2300.0
ORD003758,PROD0016,2,0.1,12600.0,4200.0
ORD003758,PROD0009,1,0.05,52250.0,10250.0
ORD003759,PROD0007,1,0.0,22000.0,6500.0
ORD003760,PROD0028,1,0.1,1620.0,670.0
ORD003761,PROD0019,1,0.0,15000.0,4500.0
ORD003761,PROD0021,1,0.0,1800.0,850.0
ORD003762,PROD0004,1,0.05,1140.0,490.0
ORD003762,PROD0013,2,0.15,27200.0,7200.0
ORD003763,PROD0015,1,0.15,7225.0,2225.0
ORD003764,PROD0014,4,0.0,112000.0,36000.0
ORD003764,PROD0018,1,0.15,552.5,222.5
ORD003764,PROD0010,1,0.0,22000.0,6000.0
ORD003765,PROD0017,1,0.0,450.0,230.0
ORD003766,PROD0027,2,0.0,13000.0,5200.0
ORD003767,PROD0008,1,0.0,15000.0,4500.0
ORD003768,PROD0027,3,0.1,17550.0,5850.0
ORD003769,PROD0020,1,0.0,24000.0,7000.0
ORD003770,PROD0025,2,0.0,7000.0,3400.0
ORD003770,PROD0012,2,0.2,28800.0,6800.0
ORD003770,PROD0008,1,0.1,13500.0,3000.0
ORD003771,PROD0012,1,0.2,14400.0,3400.0
ORD003771,PROD0007,2,0.05,41800.0,10800.0
ORD003772,PROD0010,1,0.0,22000.0,6000.0
ORD003772,PROD0023,1,0.2,2000.0,700.0
ORD003772,PROD0028,2,0.2,2880.0,980.0
ORD003773,PROD0015,1,0.05,8075.0,3075.0
ORD003773,PROD0011,1,0.2,9600.0,2100.0
ORD003774,PROD0028,1,0.2,1440.0,490.0
ORD003774,PROD0015,2,0.1,15300.0,5300.0
ORD003775,PROD0014,1,0.0,28000.0,9000.0
ORD003776,PROD0012,2,0.2,28800.0,6800.0
ORD003776,PROD0027,1,0.05,6175.0,2275.0
ORD003777,PROD0008,1,0.0,15000.0,4500.0
ORD003777,PROD0020,2,0.2,38400.0,4400.0
ORD003777,PROD0013,2,0.0,32000.0,12000.0
ORD003778,PROD0007,3,0.05,62700.0,16200.0
ORD003779,PROD0028,2,0.0,3600.0,1700.0
ORD003780,PROD0017,1,0.2,360.0,140.0
ORD003780,PROD0028,1,0.15,1530.0,580.0
ORD003780,PROD0024,1,0.0,4200.0,2000.0
ORD003781,PROD0021,1,0.0,1800.0,850.0
ORD003782,PROD0028,2,0.0,3600.0,1700.0
ORD003783,PROD0022,2,0.1,1620.0,720.0
ORD003783,PROD0017,1,0.05,427.5,207.5
ORD003784,PROD0022,1,0.1,810.0,360.0
ORD003784,PROD0024,2,0.05,7980.0,3580.0
ORD003785,PROD0015,1,0.05,8075.0,3075.0
ORD003786,PROD0025,1,0.0,3500.0,1700.0
ORD003787,PROD0028,1,0.1,1620.0,670.0
ORD003788,PROD0014,4,0.05,106400.0,30400.0
ORD003788,PROD0015,1,0.05,8075.0,3075.0
ORD003788,PROD0004,2,0.1,2160.0,860.0
ORD003789,PROD0018,3,0.1,1755.0,765.0
ORD003789,PROD0005,3,0.0,13500.0,5400.0
ORD003790,PROD0025,2,0.2,5600.0,2000.0
ORD003790,PROD0018,1,0.0,650.0,320.0
ORD003791,PROD0006,4,0.1,7920.0,3120.0
ORD003791,PROD0009,1,0.05,52250.0,10250.0
ORD003791,PROD0019,1,0.1,13500.0,3000.0
ORD003792,PROD0024,2,0.15,7140.0,2740.0
ORD003793,PROD0025,1,0.0,3500.0,1700.0
ORD003793,PROD0011,1,0.2,9600.0,2100.0
ORD003793,PROD0012,1,0.05,17100.0,6100.0
ORD003793,PROD0007,3,0.0,66000.0,19500.0
ORD003794,PROD0011,1,0.05,11400.0,3900.0
ORD003795,PROD0001,1,0.1,76500.0,8500.0
ORD003795,PROD0016,3,0.0,21000.0,8400.0
ORD003795,PROD0027,1,0.2,5200.0,1300.0
ORD003795,PROD0004,1,0.15,1020.0,370.0
ORD003796,PROD0001,1,0.15,72250.0,4250.0
ORD003797,PROD0026,1,0.05,5225.0,2025.0
ORD003798,PROD0008,2,0.0,30000.0,9000.0
ORD003799,PROD0014,1,0.2,22400.0,3400.0
ORD003800,PROD0025,5,0.05,16625.0,7625.0
ORD003801,PROD0014,1,0.0,28000.0,9000.0
ORD003802,PROD0018,1,0.0,650.0,320.0
ORD003803,PROD0010,1,0.0,22000.0,6000.0
ORD003803,PROD0005,2,0.0,9000.0,3600.0
ORD003804,PROD0023,2,0.0,5000.0,2400.0
ORD003804,PROD0016,3,0.0,21000.0,8400.0
ORD003804,PROD0019,1,0.2,12000.0,1500.0
ORD003804,PROD0027,2,0.1,11700.0,3900.0
ORD003805,PROD0007,3,0.05,62700.0,16200.0
ORD003806,PROD0011,1,0.0,12000.0,4500.0
ORD003806,PROD0009,1,0.2,44000.0,2000.0
ORD003807,PROD0018,2,0.15,1105.0,445.0
ORD003808,PROD0008,3,0.0,45000.0,13500.0
ORD003808,PROD0022,3,0.0,2700.0,1350.0
ORD003808,PROD0016,1,0.1,6300.0,2100.0
ORD003809,PROD0005,2,0.1,8100.0,2700.0
ORD003809,PROD0012,1,0.05,17100.0,6100.0
ORD003810,PROD0016,1,0.0,7000.0,2800.0
ORD003810,PROD0015,1,0.05,8075.0,3075.0
ORD003811,PROD0021,1,0.0,1800.0,850.0
ORD003812,PROD0023,1,0.0,2500.0,1200.0
ORD003812,PROD0001,1,0.2,68000.0,0.0
ORD003812,PROD0009,1,0.0,55000.0,13000.0
ORD003813,PROD0004,1,0.05,1140.0,490.0
ORD003814,PROD0015,1,0.2,6800.0,1800.0
ORD003814,PROD0012,5,0.05,85500.0,30500.0
ORD003815,PROD0005,3,0.1,12150.0,4050.0
ORD003816,PROD0024,1,0.0,4200.0,2000.0
ORD003816,PROD0023,2,0.0,5000.0,2400.0
ORD003816,PROD0015,1,0.2,6800.0,1800.0
ORD003816,PROD0004,2,0.0,2400.0,1100.0
ORD003817,PROD0023,1,0.1,2250.0,950.0
ORD003818,PROD0001,1,0.1,76500.0,8500.0
ORD003818,PROD0023,1,0.0,2500.0,1200.0
ORD003819,PROD0024,1,0.05,3990.0,1790.0
ORD003820,PROD0028,1,0.05,1710.0,760.0
ORD003821,PROD0024,1,0.0,4200.0,2000.0
ORD003822,PROD0013,2,0.0,32000.0,12000.0
ORD003822,PROD0021,1,0.05,1710.0,760.0
ORD003822,PROD0008,1,0.05,14250.0,3750.0
ORD003823,PROD0014,1,0.0,28000.0,9000.0
ORD003824,PROD0015,5,0.1,38250.0,13250.0
ORD003825,PROD0021,1,0.0,1800.0,850.0
ORD003826,PROD0001,1,0.0,85000.0,17000.0
ORD003827,PROD0026,2,0.0,11000.0,4600.0
ORD003828,PROD0006,3,0.0,6600.0,3000.0
ORD003828,PROD0013,1,0.15,13600.0,3600.0
ORD003829,PROD0016,1,0.0,7000.0,2800.0
ORD003829,PROD0008,1,0.2,12000.0,1500.0
ORD003830,PROD0027,1,0.05,6175.0,2275.0
ORD003830,PROD0023,1,0.0,2500.0,1200.0
ORD003831,PROD0001,1,0.15,72250.0,4250.0
ORD003832,PROD0009,2,0.15,93500.0,9500.0
ORD003832,PROD0006,1,0.2,1760.0,560.0
ORD003833,PROD0019,1,0.0,15000.0,4500.0
ORD003834,PROD0006,4,0.1,7920.0,3120.0
ORD003835,PROD0003,2,0.0,210000.0,40000.0
ORD003835,PROD0015,1,0.0,8500.0,3500.0
ORD003836,PROD0017,1,0.0,450.0,230.0
ORD003837,PROD0006,1,0.05,2090.0,890.0
ORD003838,PROD0015,2,0.15,14450.0,4450.0
ORD003838,PROD0028,2,0.0,3600.0,1700.0
ORD003839,PROD0027,1,0.05,6175.0,2275.0
ORD003840,PROD0004,1,0.0,1200.0,550.0
ORD003841,PROD0012,1,0.0,18000.0,7000.0
ORD003841,PROD0022,2,0.0,1800.0,900.0
ORD003841,PROD0016,1,0.05,6650.0,2450.0
ORD003841,PROD0001,1,0.2,68000.0,0.0
ORD003842,PROD0003,1,0.0,105000.0,20000.0
ORD003843,PROD0022,2,0.2,1440.0,540.0
ORD003844,PROD0023,1,0.0,2500.0,1200.0
ORD003844,PROD0018,4,0.0,2600.0,1280.0
ORD003844,PROD0019,2,0.1,27000.0,6000.0
ORD003845,PROD0013,1,0.05,15200.0,5200.0
ORD003846,PROD0013,2,0.0,32000.0,12000.0
ORD003847,PROD0003,1,0.2,84000.0,-1000.0
ORD003847,PROD0012,2,0.1,32400.0,10400.0
ORD003848,PROD0015,1,0.1,7650.0,2650.0
ORD003848,PROD0023,1,0.1,2250.0,950.0
ORD003848,PROD0012,1,0.0,18000.0,7000.0
ORD003849,PROD0027,4,0.05,24700.0,9100.0
ORD003850,PROD0009,3,0.2,132000.0,6000.0
ORD003850,PROD0025,3,0.1,9450.0,4050.0
ORD003851,PROD0022,2,0.05,1710.0,810.0
ORD003851,PROD0003,1,0.0,105000.0,20000.0
ORD003852,PROD0009,1,0.0,55000.0,13000.0
ORD003853,PROD0022,1,0.0,900.0,450.0
ORD003854,PROD0023,3,0.05,7125.0,3225.0
ORD003855,PROD0008,3,0.0,45000.0,13500.0
ORD003855,PROD0005,3,0.2,10800.0,2700.0
ORD003856,PROD0025,1,0.15,2975.0,1175.0
ORD003857,PROD0004,1,0.1,1080.0,430.0
ORD003857,PROD0001,2,0.0,170000.0,34000.0
ORD003858,PROD0015,2,0.1,15300.0,5300.0
ORD003858,PROD0003,1,0.2,84000.0,-1000.0
ORD003859,PROD0020,1,0.05,22800.0,5800.0
ORD003859,PROD0022,2,0.0,1800.0,900.0
ORD003860,PROD0025,2,0.2,5600.0,2000.0
ORD003860,PROD0028,2,0.0,3600.0,1700.0
ORD003861,PROD0013,1,0.2,12800.0,2800.0
ORD003861,PROD0017,4,0.0,1800.0,920.0
ORD003862,PROD0001,1,0.0,85000.0,17000.0
ORD003863,PROD0018,3,0.1,1755.0,765.0
ORD003864,PROD0011,3,0.1,32400.0,9900.0
ORD003864,PROD0028,1,0.0,1800.0,850.0
ORD003864,PROD0021,1,0.0,1800.0,850.0
ORD003865,PROD0023,3,0.0,7500.0,3600.0
ORD003866,PROD0018,2,0.0,1300.0,640.0
ORD003866,PROD0027,1,0.15,5525.0,1625.0
ORD003866,PROD0024,1,0.15,3570.0,1370.0
ORD003866,PROD0004,1,0.2,960.0,310.0
ORD003867,PROD0026,2,0.15,9350.0,2950.0
ORD003867,PROD0019,1,0.0,15000.0,4500.0
ORD003868,PROD0003,1,0.05,99750.0,14750.0
ORD003868,PROD0004,2,0.05,2280.0,980.0
ORD003869,PROD0005,4,0.0,18000.0,7200.0
ORD003870,PROD0010,3,0.05,62700.0,14700.0
ORD003871,PROD0025,1,0.0,3500.0,1700.0
ORD003871,PROD0009,1,0.15,46750.0,4750.0
ORD003872,PROD0012,1,0.0,18000.0,7000.0
ORD003872,PROD0019,1,0.0,15000.0,4500.0
ORD003873,PROD0027,3,0.1,17550.0,5850.0
ORD003874,PROD0018,2,0.0,1300.0,640.0
ORD003875,PROD0023,1,0.0,2500.0,1200.0
ORD003875,PROD0024,3,0.05,11970.0,5370.0
ORD003876,PROD0019,1,0.0,15000.0,4500.0
ORD003877,PROD0024,3,0.15,10710.0,4110.0
ORD003878,PROD0014,4,0.0,112000.0,36000.0
ORD003879,PROD0028,1,0.05,1710.0,760.0
ORD003880,PROD0016,3,0.1,18900.0,6300.0
ORD003881,PROD0007,1,0.1,19800.0,4300.0
ORD003881,PROD0001,2,0.2,136000.0,0.0
ORD003882,PROD0008,4,0.1,54000.0,12000.0
ORD003883,PROD0013,2,0.05,30400.0,10400.0
ORD003883,PROD0010,1,0.0,22000.0,6000.0
ORD003884,PROD0005,3,0.15,11475.0,3375.0
ORD003885,PROD0011,3,0.2,28800.0,6300.0
ORD003885,PROD0007,1,0.0,22000.0,6500.0
ORD003885,PROD0026,1,0.0,5500.0,2300.0
ORD003886,PROD0024,1,0.0,4200.0,2000.0
ORD003886,PROD0018,1,0.0,650.0,320.0
ORD003886,PROD0016,2,0.1,12600.0,4200.0
ORD003886,PROD0013,1,0.2,12800.0,2800.0
ORD003887,PROD0012,1,0.05,17100.0,6100.0
ORD003887,PROD0016,1,0.15,5950.0,1750.0
ORD003887,PROD0009,1,0.0,55000.0,13000.0
ORD003888,PROD0007,1,0.0,22000.0,6500.0
ORD003888,PROD0019,1,0.0,15000.0,4500.0
ORD003888,PROD0008,1,0.2,12000.0,1500.0
ORD003889,PROD0027,2,0.1,11700.0,3900.0
ORD003889,PROD0005,1,0.1,4050.0,1350.0
ORD003889,PROD0022,1,0.1,810.0,360.0
ORD003890,PROD0006,1,0.1,1980.0,780.0
ORD003891,PROD0013,2,0.0,32000.0,12000.0
ORD003892,PROD0020,1,0.0,24000.0,7000.0
ORD003893,PROD0014,1,0.05,26600.0,7600.0
ORD003893,PROD0023,1,0.0,2500.0,1200.0
ORD003893,PROD0006,3,0.05,6270.0,2670.0
ORD003894,PROD0009,1,0.0,55000.0,13000.0
ORD003895,PROD0020,2,0.0,48000.0,14000.0
ORD003895,PROD0023,4,0.15,8500.0,3300.0
ORD003896,PROD0027,4,0.0,26000.0,10400.0
ORD003896,PROD0018,3,0.2,1560.0,570.0
ORD003896,PROD0024,4,0.2,13440.0,4640.0
ORD003896,PROD0025,3,0.1,9450.0,4050.0
ORD003897,PROD0028,1,0.0,1800.0,850.0
ORD003898,PROD0001,1,0.0,85000.0,17000.0
ORD003898,PROD0014,1,0.0,28000.0,9000.0
ORD003899,PROD0013,2,0.1,28800.0,8800.0
ORD003900,PROD0015,1,0.0,8500.0,3500.0
ORD003901,PROD0009,5,0.2,220000.0,10000.0
ORD003901,PROD0004,2,0.15,2040.0,740.0
ORD003902,PROD0003,1,0.0,105000.0,20000.0
ORD003903,PROD0008,2,0.0,30000.0,9000.0
ORD003904,PROD0014,2,0.05,53200.0,15200.0
ORD003904,PROD0027,4,0.2,20800.0,5200.0
ORD003905,PROD0002,1,0.05,61750.0,10750.0
ORD003905,PROD0014,4,0.0,112000.0,36000.0
ORD003906,PROD0021,2,0.2,2880.0,980.0
ORD003907,PROD0004,1,0.2,960.0,310.0
ORD003908,PROD0001,2,0.1,153000.0,17000.0
ORD003909,PROD0024,1,0.1,3780.0,1580.0
ORD003910,PROD0001,2,0.15,144500.0,8500.0
ORD003911,PROD0016,2,0.2,11200.0,2800.0
ORD003912,PROD0012,1,0.2,14400.0,3400.0
ORD003912,PROD0021,4,0.0,7200.0,3400.0
ORD003913,PROD0011,1,0.0,12000.0,4500.0
ORD003914,PROD0005,3,0.05,12825.0,4725.0
ORD003914,PROD0009,1,0.2,44000.0,2000.0
ORD003914,PROD0012,1,0.05,17100.0,6100.0
ORD003915,PROD0015,2,0.0,17000.0,7000.0
ORD003916,PROD0004,2,0.1,2160.0,860.0
ORD003917,PROD0012,1,0.0,18000.0,7000.0
ORD003918,PROD0010,5,0.0,110000.0,30000.0
ORD003918,PROD0017,2,0.0,900.0,460.0
ORD003918,PROD0014,1,0.1,25200.0,6200.0
ORD003919,PROD0023,1,0.1,2250.0,950.0
ORD003919,PROD0025,3,0.2,8400.0,3000.0
ORD003920,PROD0026,2,0.2,8800.0,2400.0
ORD003921,PROD0022,1,0.15,765.0,315.0
ORD003921,PROD0010,2,0.1,39600.0,7600.0
ORD003922,PROD0008,2,0.2,24000.0,3000.0
ORD003922,PROD0012,2,0.05,34200.0,12200.0
ORD003923,PROD0002,2,0.15,110500.0,8500.0
ORD003923,PROD0013,3,0.15,40800.0,10800.0
ORD003924,PROD0017,1,0.15,382.5,162.5
ORD003924,PROD0011,2,0.0,24000.0,9000.0
ORD003925,PROD0011,3,0.15,30600.0,8100.0
ORD003925,PROD0010,2,0.15,37400.0,5400.0
ORD003925,PROD0014,1,0.0,28000.0,9000.0
ORD003925,PROD0003,1,0.05,99750.0,14750.0
ORD003926,PROD0017,2,0.1,810.0,370.0
ORD003926,PROD0022,5,0.1,4050.0,1800.0
ORD003927,PROD0014,1,0.05,26600.0,7600.0
ORD003928,PROD0003,1,0.1,94500.0,9500.0
ORD003928,PROD0028,1,0.15,1530.0,580.0
ORD003929,PROD0021,1,0.2,1440.0,490.0
ORD003930,PROD0023,1,0.1,2250.0,950.0
ORD003930,PROD0003,1,0.05,99750.0,14750.0
ORD003931,PROD0021,1,0.15,1530.0,580.0
ORD003932,PROD0020,1,0.0,24000.0,7000.0
ORD003933,PROD0019,1,0.05,14250.0,3750.0
ORD003934,PROD0017,2,0.2,720.0,280.0
ORD003934,PROD0026,1,0.2,4400.0,1200.0
ORD003935,PROD0020,1,0.0,24000.0,7000.0
ORD003935,PROD0016,2,0.1,12600.0,4200.0
ORD003935,PROD0022,2,0.0,1800.0,900.0
ORD003936,PROD0026,1,0.1,4950.0,1750.0
ORD003936,PROD0005,2,0.0,9000.0,3600.0
ORD003937,PROD0001,1,0.0,85000.0,17000.0
ORD003938,PROD0027,1,0.05,6175.0,2275.0
ORD003939,PROD0013,1,0.0,16000.0,6000.0
ORD003939,PROD0006,1,0.1,1980.0,780.0
ORD003940,PROD0009,3,0.2,132000.0,6000.0
ORD003941,PROD0002,2,0.05,123500.0,21500.0
ORD003941,PROD0019,1,0.15,12750.0,2250.0
ORD003942,PROD0026,2,0.0,11000.0,4600.0
ORD003942,PROD0001,1,0.0,85000.0,17000.0
ORD003943,PROD0012,2,0.0,36000.0,14000.0
ORD003943,PROD0017,1,0.15,382.5,162.5
ORD003944,PROD0028,2,0.15,3060.0,1160.0
ORD003945,PROD0024,2,0.05,7980.0,3580.0
ORD003946,PROD0023,2,0.1,4500.0,1900.0
ORD003947,PROD0017,1,0.0,450.0,230.0
ORD003948,PROD0012,1,0.05,17100.0,6100.0
ORD003948,PROD0004,1,0.0,1200.0,550.0
ORD003948,PROD0015,1,0.15,7225.0,2225.0
ORD003949,PROD0009,1,0.0,55000.0,13000.0
ORD003950,PROD0014,1,0.15,23800.0,4800.0
ORD003951,PROD0016,1,0.0,7000.0,2800.0
ORD003952,PROD0024,2,0.0,8400.0,4000.0
ORD003953,PROD0027,2,0.1,11700.0,3900.0
ORD003954,PROD0011,2,0.0,24000.0,9000.0
ORD003954,PROD0002,1,0.15,55250.0,4250.0
ORD003954,PROD0007,2,0.1,39600.0,8600.0
ORD003955,PROD0001,1,0.05,80750.0,12750.0
ORD003956,PROD0022,2,0.2,1440.0,540.0
ORD003957,PROD0026,1,0.15,4675.0,1475.0
ORD003958,PROD0020,1,0.05,22800.0,5800.0
ORD003958,PROD0002,1,0.15,55250.0,4250.0
ORD003958,PROD0016,4,0.1,25200.0,8400.0
ORD003958,PROD0027,2,0.2,10400.0,2600.0
ORD003959,PROD0016,2,0.15,11900.0,3500.0
ORD003959,PROD0005,1,0.0,4500.0,1800.0
ORD003960,PROD0006,2,0.0,4400.0,2000.0
ORD003960,PROD0010,1,0.1,19800.0,3800.0
ORD003961,PROD0008,5,0.0,75000.0,22500.0
ORD003961,PROD0026,1,0.0,5500.0,2300.0
ORD003962,PROD0013,3,0.0,48000.0,18000.0
ORD003962,PROD0028,2,0.0,3600.0,1700.0
ORD003963,PROD0015,2,0.05,16150.0,6150.0
ORD003964,PROD0011,2,0.05,22800.0,7800.0
ORD003965,PROD0025,1,0.05,3325.0,1525.0
ORD003965,PROD0003,1,0.15,89250.0,4250.0
ORD003965,PROD0024,1,0.1,3780.0,1580.0
ORD003966,PROD0015,3,0.0,25500.0,10500.0
ORD003967,PROD0014,4,0.0,112000.0,36000.0
ORD003967,PROD0024,1,0.05,3990.0,1790.0
ORD003967,PROD0022,1,0.1,810.0,360.0
ORD003968,PROD0026,1,0.05,5225.0,2025.0
ORD003968,PROD0020,2,0.0,48000.0,14000.0
ORD003969,PROD0019,1,0.2,12000.0,1500.0
ORD003970,PROD0015,2,0.0,17000.0,7000.0
ORD003970,PROD0011,1,0.2,9600.0,2100.0
ORD003970,PROD0013,2,0.1,28800.0,8800.0
ORD003971,PROD0021,2,0.0,3600.0,1700.0
ORD003972,PROD0013,1,0.0,16000.0,6000.0
ORD003973,PROD0013,1,0.0,16000.0,6000.0
ORD003974,PROD0004,5,0.0,6000.0,2750.0
ORD003974,PROD0026,2,0.05,10450.0,4050.0
ORD003975,PROD0015,1,0.2,6800.0,1800.0
ORD003976,PROD0026,3,0.0,16500.0,6900.0
ORD003976,PROD0023,3,0.2,6000.0,2100.0
ORD003977,PROD0004,2,0.0,2400.0,1100.0
ORD003977,PROD0003,2,0.2,168000.0,-2000.0
ORD003977,PROD0007,1,0.15,18700.0,3200.0
ORD003978,PROD0024,5,0.15,17850.0,6850.0
ORD003978,PROD0021,1,0.05,1710.0,760.0
ORD003979,PROD0006,1,0.15,1870.0,670.0
ORD003980,PROD0025,1,0.15,2975.0,1175.0
ORD003980,PROD0026,1,0.05,5225.0,2025.0
ORD003980,PROD0020,1,0.15,20400.0,3400.0
ORD003981,PROD0012,1,0.1,16200.0,5200.0
ORD003982,PROD0025,1,0.0,3500.0,1700.0
ORD003982,PROD0002,2,0.1,117000.0,15000.0
ORD003983,PROD0025,2,0.0,7000.0,3400.0
ORD003984,PROD0023,1,0.2,2000.0,700.0
ORD003985,PROD0001,1,0.0,85000.0,17000.0
ORD003985,PROD0002,1,0.15,55250.0,4250.0
ORD003985,PROD0022,3,0.0,2700.0,1350.0
ORD003986,PROD0013,1,0.0,16000.0,6000.0
ORD003986,PROD0017,1,0.0,450.0,230.0
ORD003986,PROD0019,1,0.05,14250.0,3750.0
ORD003986,PROD0007,2,0.2,35200.0,4200.0
ORD003987,PROD0003,1,0.05,99750.0,14750.0
ORD003988,PROD0005,2,0.0,9000.0,3600.0
ORD003989,PROD0006,2,0.15,3740.0,1340.0
ORD003990,PROD0024,2,0.2,6720.0,2320.0
ORD003991,PROD0003,1,0.15,89250.0,4250.0
ORD003992,PROD0012,1,0.0,18000.0,7000.0
ORD003992,PROD0011,2,0.0,24000.0,9000.0
ORD003992,PROD0018,3,0.15,1657.5,667.5
ORD003992,PROD0020,1,0.1,21600.0,4600.0
ORD003993,PROD0001,3,0.05,242250.0,38250.0
ORD003994,PROD0026,2,0.2,8800.0,2400.0
ORD003995,PROD0025,3,0.0,10500.0,5100.0
ORD003996,PROD0008,1,0.0,15000.0,4500.0
ORD003996,PROD0026,1,0.05,5225.0,2025.0
ORD003997,PROD0016,1,0.15,5950.0,1750.0
ORD003998,PROD0012,2,0.0,36000.0,14000.0
ORD003998,PROD0026,1,0.0,5500.0,2300.0
ORD003998,PROD0020,1,0.15,20400.0,3400.0
ORD003999,PROD0024,1,0.05,3990.0,1790.0
ORD004000,PROD0012,1,0.05,17100.0,6100.0
ORD004001,PROD0017,1,0.0,450.0,230.0
ORD004001,PROD0008,4,0.0,60000.0,18000.0
ORD004002,PROD0012,1,0.0,18000.0,7000.0
ORD004002,PROD0024,4,0.05,15960.0,7160.0
ORD004002,PROD0022,1,0.15,765.0,315.0
ORD004002,PROD0002,1,0.0,65000.0,14000.0
ORD004003,PROD0024,1,0.0,4200.0,2000.0
ORD004003,PROD0022,2,0.0,1800.0,900.0
ORD004004,PROD0004,1,0.15,1020.0,370.0
ORD004005,PROD0022,1,0.1,810.0,360.0
ORD004005,PROD0027,1,0.0,6500.0,2600.0
ORD004006,PROD0014,1,0.0,28000.0,9000.0
ORD004007,PROD0026,2,0.1,9900.0,3500.0
ORD004008,PROD0013,1,0.15,13600.0,3600.0
ORD004008,PROD0007,1,0.2,17600.0,2100.0
ORD004008,PROD0027,1,0.0,6500.0,2600.0
ORD004009,PROD0027,1,0.0,6500.0,2600.0
ORD004010,PROD0014,1,0.05,26600.0,7600.0
ORD004010,PROD0008,2,0.2,24000.0,3000.0
ORD004011,PROD0026,3,0.15,14025.0,4425.0
ORD004012,PROD0006,1,0.1,1980.0,780.0
ORD004013,PROD0012,1,0.0,18000.0,7000.0
ORD004013,PROD0001,1,0.15,72250.0,4250.0
ORD004013,PROD0006,1,0.0,2200.0,1000.0
ORD004014,PROD0002,2,0.0,130000.0,28000.0
ORD004014,PROD0011,1,0.15,10200.0,2700.0
ORD004014,PROD0006,1,0.05,2090.0,890.0
ORD004014,PROD0004,1,0.05,1140.0,490.0
ORD004015,PROD0016,3,0.15,17850.0,5250.0
ORD004016,PROD0006,1,0.0,2200.0,1000.0
ORD004016,PROD0020,4,0.05,91200.0,23200.0
ORD004017,PROD0014,1,0.1,25200.0,6200.0
ORD004018,PROD0024,4,0.1,15120.0,6320.0
ORD004019,PROD0018,1,0.2,520.0,190.0
ORD004020,PROD0024,1,0.05,3990.0,1790.0
ORD004021,PROD0020,1,0.1,21600.0,4600.0
ORD004022,PROD0017,1,0.0,450.0,230.0
ORD004023,PROD0020,2,0.0,48000.0,14000.0
ORD004024,PROD0028,1,0.0,1800.0,850.0
ORD004024,PROD0012,2,0.1,32400.0,10400.0
ORD004024,PROD0015,1,0.0,8500.0,3500.0
ORD004025,PROD0026,2,0.05,10450.0,4050.0
ORD004026,PROD0014,1,0.1,25200.0,6200.0
ORD004027,PROD0011,1,0.05,11400.0,3900.0
ORD004028,PROD0009,1,0.15,46750.0,4750.0
ORD004029,PROD0005,1,0.0,4500.0,1800.0
ORD004030,PROD0015,1,0.2,6800.0,1800.0
ORD004031,PROD0028,3,0.0,5400.0,2550.0
ORD004032,PROD0025,1,0.0,3500.0,1700.0
ORD004032,PROD0019,1,0.1,13500.0,3000.0
ORD004032,PROD0027,3,0.1,17550.0,5850.0
ORD004033,PROD0008,2,0.2,24000.0,3000.0
ORD004033,PROD0005,2,0.15,7650.0,2250.0
ORD004034,PROD0002,2,0.0,130000.0,28000.0
ORD004034,PROD0011,1,0.15,10200.0,2700.0
ORD004035,PROD0008,1,0.1,13500.0,3000.0
ORD004036,PROD0002,1,0.1,58500.0,7500.0
ORD004037,PROD0008,1,0.0,15000.0,4500.0
ORD004038,PROD0005,3,0.15,11475.0,3375.0
ORD004039,PROD0004,2,0.0,2400.0,1100.0
ORD004039,PROD0005,4,0.0,18000.0,7200.0
ORD004039,PROD0007,2,0.2,35200.0,4200.0
ORD004040,PROD0008,1,0.2,12000.0,1500.0
ORD004041,PROD0023,1,0.05,2375.0,1075.0
ORD004042,PROD0027,2,0.1,11700.0,3900.0
ORD004043,PROD0013,5,0.0,80000.0,30000.0
ORD004044,PROD0024,2,0.1,7560.0,3160.0
ORD004045,PROD0001,1,0.1,76500.0,8500.0
ORD004046,PROD0021,1,0.05,1710.0,760.0
ORD004047,PROD0028,2,0.2,2880.0,980.0
ORD004048,PROD0016,1,0.05,6650.0,2450.0
ORD004048,PROD0007,1,0.1,19800.0,4300.0
ORD004049,PROD0015,2,0.1,15300.0,5300.0
ORD004049,PROD0008,2,0.2,24000.0,3000.0
ORD004049,PROD0019,1,0.05,14250.0,3750.0
ORD004050,PROD0019,1,0.1,13500.0,3000.0
ORD004051,PROD0017,2,0.2,720.0,280.0
ORD004051,PROD0026,1,0.15,4675.0,1475.0
ORD004051,PROD0011,1,0.0,12000.0,4500.0
ORD004051,PROD0001,2,0.05,161500.0,25500.0
ORD004052,PROD0020,1,0.1,21600.0,4600.0
ORD004052,PROD0013,3,0.15,40800.0,10800.0
ORD004053,PROD0025,1,0.05,3325.0,1525.0
ORD004053,PROD0024,2,0.15,7140.0,2740.0
ORD004053,PROD0001,1,0.0,85000.0,17000.0
ORD004053,PROD0022,1,0.0,900.0,450.0
ORD004054,PROD0006,1,0.05,2090.0,890.0
ORD004055,PROD0011,2,0.15,20400.0,5400.0
ORD004056,PROD0012,1,0.0,18000.0,7000.0
ORD004057,PROD0015,1,0.1,7650.0,2650.0
ORD004058,PROD0025,4,0.05,13300.0,6100.0
ORD004058,PROD0024,1,0.2,3360.0,1160.0
ORD004059,PROD0018,2,0.1,1170.0,510.0
ORD004059,PROD0003,2,0.2,168000.0,-2000.0
ORD004060,PROD0022,5,0.15,3825.0,1575.0
ORD004060,PROD0002,1,0.0,65000.0,14000.0
ORD004061,PROD0023,1,0.0,2500.0,1200.0
ORD004062,PROD0026,1,0.15,4675.0,1475.0
ORD004062,PROD0001,1,0.1,76500.0,8500.0
ORD004063,PROD0005,1,0.2,3600.0,900.0
ORD004063,PROD0014,2,0.0,56000.0,18000.0
ORD004064,PROD0015,2,0.0,17000.0,7000.0
ORD004065,PROD0026,1,0.0,5500.0,2300.0
ORD004066,PROD0014,1,0.0,28000.0,9000.0
ORD004067,PROD0018,1,0.1,585.0,255.0
ORD004067,PROD0004,1,0.05,1140.0,490.0
ORD004068,PROD0027,1,0.1,5850.0,1950.0
ORD004068,PROD0006,4,0.0,8800.0,4000.0
ORD004069,PROD0027,2,0.0,13000.0,5200.0
ORD004070,PROD0024,2,0.0,8400.0,4000.0
ORD004071,PROD0016,1,0.0,7000.0,2800.0
ORD004072,PROD0014,2,0.1,50400.0,12400.0
ORD004073,PROD0017,1,0.0,450.0,230.0
ORD004074,PROD0018,1,0.1,585.0,255.0
ORD004075,PROD0028,1,0.2,1440.0,490.0
ORD004076,PROD0004,1,0.0,1200.0,550.0
ORD004077,PROD0013,1,0.15,13600.0,3600.0
ORD004078,PROD0013,1,0.0,16000.0,6000.0
ORD004079,PROD0012,1,0.2,14400.0,3400.0
ORD004079,PROD0019,2,0.0,30000.0,9000.0
ORD004079,PROD0015,1,0.0,8500.0,3500.0
ORD004079,PROD0026,1,0.15,4675.0,1475.0
ORD004080,PROD0022,1,0.15,765.0,315.0
ORD004080,PROD0015,1,0.0,8500.0,3500.0
ORD004081,PROD0006,1,0.2,1760.0,560.0
ORD004082,PROD0018,2,0.1,1170.0,510.0
ORD004082,PROD0021,1,0.0,1800.0,850.0
ORD004083,PROD0011,1,0.05,11400.0,3900.0
ORD004083,PROD0026,1,0.0,5500.0,2300.0
ORD004084,PROD0010,2,0.2,35200.0,3200.0
ORD004085,PROD0005,1,0.0,4500.0,1800.0
ORD004086,PROD0004,1,0.0,1200.0,550.0
ORD004087,PROD0002,2,0.15,110500.0,8500.0
ORD004088,PROD0025,1,0.05,3325.0,1525.0
ORD004088,PROD0010,1,0.1,19800.0,3800.0
ORD004088,PROD0019,2,0.05,28500.0,7500.0
ORD004089,PROD0027,1,0.15,5525.0,1625.0
ORD004089,PROD0004,1,0.05,1140.0,490.0
ORD004090,PROD0003,1,0.15,89250.0,4250.0
ORD004090,PROD0008,1,0.15,12750.0,2250.0
ORD004090,PROD0021,2,0.0,3600.0,1700.0
ORD004091,PROD0028,3,0.0,5400.0,2550.0
ORD004092,PROD0002,2,0.0,130000.0,28000.0
ORD004092,PROD0021,1,0.05,1710.0,760.0
ORD004093,PROD0028,3,0.1,4860.0,2010.0
ORD004094,PROD0021,1,0.2,1440.0,490.0
ORD004094,PROD0013,1,0.0,16000.0,6000.0
ORD004095,PROD0021,1,0.15,1530.0,580.0
ORD004096,PROD0021,4,0.15,6120.0,2320.0
ORD004096,PROD0027,1,0.15,5525.0,1625.0
ORD004096,PROD0017,1,0.1,405.0,185.0
ORD004097,PROD0010,1,0.2,17600.0,1600.0
ORD004098,PROD0012,1,0.1,16200.0,5200.0
ORD004099,PROD0004,1,0.0,1200.0,550.0
ORD004099,PROD0016,1,0.0,7000.0,2800.0
ORD004099,PROD0002,2,0.2,104000.0,2000.0
ORD004100,PROD0021,2,0.0,3600.0,1700.0
ORD004101,PROD0021,3,0.1,4860.0,2010.0
ORD004102,PROD0023,1,0.0,2500.0,1200.0
ORD004102,PROD0014,2,0.0,56000.0,18000.0
ORD004103,PROD0024,1,0.0,4200.0,2000.0
ORD004103,PROD0002,2,0.15,110500.0,8500.0
ORD004104,PROD0009,2,0.2,88000.0,4000.0
ORD004105,PROD0018,1,0.15,552.5,222.5
ORD004105,PROD0028,1,0.15,1530.0,580.0
ORD004105,PROD0025,1,0.0,3500.0,1700.0
ORD004106,PROD0001,2,0.05,161500.0,25500.0
ORD004107,PROD0015,1,0.1,7650.0,2650.0
ORD004108,PROD0015,1,0.05,8075.0,3075.0
ORD004109,PROD0019,4,0.05,57000.0,15000.0
ORD004109,PROD0017,4,0.1,1620.0,740.0
ORD004110,PROD0004,1,0.15,1020.0,370.0
ORD004110,PROD0008,1,0.05,14250.0,3750.0
ORD004110,PROD0001,2,0.15,144500.0,8500.0
ORD004111,PROD0004,1,0.0,1200.0,550.0
ORD004112,PROD0011,1,0.05,11400.0,3900.0
ORD004113,PROD0005,1,0.0,4500.0,1800.0
ORD004114,PROD0028,1,0.05,1710.0,760.0
ORD004115,PROD0015,1,0.1,7650.0,2650.0
ORD004116,PROD0006,2,0.0,4400.0,2000.0
ORD004117,PROD0019,4,0.2,48000.0,6000.0
ORD004117,PROD0012,2,0.1,32400.0,10400.0
ORD004118,PROD0016,1,0.0,7000.0,2800.0
ORD004118,PROD0009,2,0.15,93500.0,9500.0
ORD004118,PROD0012,1,0.2,14400.0,3400.0
ORD004119,PROD0015,3,0.15,21675.0,6675.0
ORD004120,PROD0025,1,0.05,3325.0,1525.0
ORD004121,PROD0014,1,0.0,28000.0,9000.0
ORD004122,PROD0027,1,0.2,5200.0,1300.0
ORD004123,PROD0009,3,0.0,165000.0,39000.0
ORD004123,PROD0015,1,0.0,8500.0,3500.0
ORD004123,PROD0003,1,0.0,105000.0,20000.0
ORD004124,PROD0014,1,0.0,28000.0,9000.0
ORD004125,PROD0017,2,0.1,810.0,370.0
ORD004125,PROD0024,3,0.05,11970.0,5370.0
ORD004126,PROD0010,5,0.0,110000.0,30000.0
ORD004126,PROD0024,1,0.15,3570.0,1370.0
ORD004127,PROD0026,3,0.15,14025.0,4425.0
ORD004127,PROD0004,3,0.1,3240.0,1290.0
ORD004128,PROD0020,1,0.2,19200.0,2200.0
ORD004129,PROD0001,2,0.2,136000.0,0.0
ORD004130,PROD0007,1,0.1,19800.0,4300.0
ORD004131,PROD0011,2,0.0,24000.0,9000.0
ORD004132,PROD0027,1,0.15,5525.0,1625.0
ORD004132,PROD0016,3,0.0,21000.0,8400.0
ORD004132,PROD0022,2,0.0,1800.0,900.0
ORD004133,PROD0009,3,0.0,165000.0,39000.0
ORD004134,PROD0006,1,0.0,2200.0,1000.0
ORD004135,PROD0007,1,0.0,22000.0,6500.0
ORD004136,PROD0013,1,0.0,16000.0,6000.0
ORD004137,PROD0014,2,0.2,44800.0,6800.0
ORD004138,PROD0018,1,0.0,650.0,320.0
ORD004139,PROD0012,1,0.15,15300.0,4300.0
ORD004139,PROD0003,1,0.0,105000.0,20000.0
ORD004139,PROD0027,3,0.15,16575.0,4875.0
ORD004140,PROD0005,3,0.0,13500.0,5400.0
ORD004141,PROD0013,3,0.1,43200.0,13200.0
ORD004142,PROD0017,2,0.1,810.0,370.0
ORD004142,PROD0009,4,0.15,187000.0,19000.0
ORD004143,PROD0006,1,0.0,2200.0,1000.0
ORD004144,PROD0007,1,0.15,18700.0,3200.0
ORD004145,PROD0022,1,0.1,810.0,360.0
ORD004145,PROD0020,4,0.15,81600.0,13600.0
ORD004146,PROD0005,1,0.05,4275.0,1575.0
ORD004146,PROD0014,1,0.0,28000.0,9000.0
ORD004147,PROD0005,1,0.0,4500.0,1800.0
ORD004147,PROD0015,1,0.1,7650.0,2650.0
ORD004147,PROD0024,1,0.1,3780.0,1580.0
ORD004148,PROD0028,2,0.2,2880.0,980.0
ORD004148,PROD0004,1,0.05,1140.0,490.0
ORD004149,PROD0015,2,0.05,16150.0,6150.0
ORD004150,PROD0019,1,0.1,13500.0,3000.0
ORD004150,PROD0022,1,0.1,810.0,360.0
ORD004151,PROD0026,1,0.05,5225.0,2025.0
ORD004151,PROD0003,1,0.05,99750.0,14750.0
ORD004152,PROD0028,3,0.2,4320.0,1470.0
ORD004153,PROD0014,2,0.1,50400.0,12400.0
ORD004153,PROD0017,4,0.0,1800.0,920.0
ORD004153,PROD0009,3,0.0,165000.0,39000.0
ORD004154,PROD0021,1,0.05,1710.0,760.0
ORD004155,PROD0007,1,0.0,22000.0,6500.0
ORD004155,PROD0025,1,0.0,3500.0,1700.0
ORD004156,PROD0023,3,0.05,7125.0,3225.0
ORD004156,PROD0025,1,0.0,3500.0,1700.0
ORD004156,PROD0007,1,0.0,22000.0,6500.0
ORD004157,PROD0007,2,0.1,39600.0,8600.0
ORD004158,PROD0007,1,0.0,22000.0,6500.0
ORD004159,PROD0022,1,0.0,900.0,450.0
ORD004159,PROD0024,1,0.05,3990.0,1790.0
ORD004160,PROD0027,1,0.0,6500.0,2600.0
ORD004161,PROD0018,1,0.0,650.0,320.0
ORD004162,PROD0008,2,0.1,27000.0,6000.0
ORD004162,PROD0017,2,0.0,900.0,460.0
ORD004162,PROD0027,4,0.0,26000.0,10400.0
ORD004163,PROD0009,2,0.15,93500.0,9500.0
ORD004164,PROD0019,3,0.0,45000.0,13500.0
ORD004164,PROD0016,1,0.0,7000.0,2800.0
ORD004164,PROD0018,3,0.2,1560.0,570.0
ORD004165,PROD0026,1,0.15,4675.0,1475.0
ORD004166,PROD0014,1,0.05,26600.0,7600.0
ORD004167,PROD0008,1,0.0,15000.0,4500.0
ORD004167,PROD0023,1,0.0,2500.0,1200.0
ORD004168,PROD0014,3,0.0,84000.0,27000.0
ORD004168,PROD0021,3,0.05,5130.0,2280.0
ORD004168,PROD0006,2,0.1,3960.0,1560.0
ORD004169,PROD0011,1,0.2,9600.0,2100.0
ORD004170,PROD0023,3,0.05,7125.0,3225.0
ORD004170,PROD0005,4,0.0,18000.0,7200.0
ORD004171,PROD0025,1,0.05,3325.0,1525.0
ORD004171,PROD0008,1,0.0,15000.0,4500.0
ORD004171,PROD0011,1,0.0,12000.0,4500.0
ORD004172,PROD0028,1,0.1,1620.0,670.0
ORD004173,PROD0016,1,0.15,5950.0,1750.0
ORD004173,PROD0021,2,0.1,3240.0,1340.0
ORD004173,PROD0001,1,0.1,76500.0,8500.0
ORD004174,PROD0016,3,0.05,19950.0,7350.0
ORD004174,PROD0021,1,0.05,1710.0,760.0
ORD004174,PROD0012,4,0.0,72000.0,28000.0
ORD004174,PROD0006,5,0.0,11000.0,5000.0
ORD004175,PROD0003,2,0.1,189000.0,19000.0
ORD004176,PROD0022,1,0.05,855.0,405.0
ORD004176,PROD0006,4,0.05,8360.0,3560.0
ORD004176,PROD0004,5,0.0,6000.0,2750.0
ORD004177,PROD0015,1,0.0,8500.0,3500.0
ORD004178,PROD0019,1,0.0,15000.0,4500.0
ORD004178,PROD0001,2,0.0,170000.0,34000.0
ORD004179,PROD0002,1,0.2,52000.0,1000.0
ORD004180,PROD0013,1,0.0,16000.0,6000.0
ORD004180,PROD0006,1,0.15,1870.0,670.0
ORD004181,PROD0021,4,0.05,6840.0,3040.0
ORD004182,PROD0027,1,0.15,5525.0,1625.0
ORD004183,PROD0017,2,0.2,720.0,280.0
ORD004184,PROD0006,1,0.0,2200.0,1000.0
ORD004185,PROD0018,1,0.0,650.0,320.0
ORD004186,PROD0005,3,0.0,13500.0,5400.0
ORD004186,PROD0020,1,0.05,22800.0,5800.0
ORD004186,PROD0026,2,0.0,11000.0,4600.0
ORD004187,PROD0011,1,0.1,10800.0,3300.0
ORD004187,PROD0009,2,0.15,93500.0,9500.0
ORD004187,PROD0002,1,0.15,55250.0,4250.0
ORD004188,PROD0010,3,0.0,66000.0,18000.0
ORD004188,PROD0016,1,0.0,7000.0,2800.0
ORD004188,PROD0025,1,0.05,3325.0,1525.0
ORD004189,PROD0012,1,0.1,16200.0,5200.0
ORD004189,PROD0020,1,0.05,22800.0,5800.0
ORD004190,PROD0027,1,0.0,6500.0,2600.0
ORD004190,PROD0019,2,0.0,30000.0,9000.0
ORD004191,PROD0020,3,0.0,72000.0,21000.0
ORD004192,PROD0012,1,0.15,15300.0,4300.0
ORD004193,PROD0021,1,0.0,1800.0,850.0
ORD004193,PROD0001,1,0.1,76500.0,8500.0
ORD004194,PROD0002,1,0.15,55250.0,4250.0
ORD004195,PROD0015,4,0.1,30600.0,10600.0
ORD004196,PROD0024,1,0.2,3360.0,1160.0
ORD004196,PROD0007,1,0.15,18700.0,3200.0
ORD004197,PROD0026,1,0.1,4950.0,1750.0
ORD004197,PROD0008,2,0.0,30000.0,9000.0
ORD004197,PROD0025,1,0.0,3500.0,1700.0
ORD004198,PROD0026,2,0.15,9350.0,2950.0
ORD004199,PROD0014,1,0.0,28000.0,9000.0
ORD004200,PROD0010,1,0.0,22000.0,6000.0
ORD004201,PROD0022,1,0.2,720.0,270.0
ORD004201,PROD0007,4,0.0,88000.0,26000.0
ORD004201,PROD0011,5,0.2,48000.0,10500.0
ORD004202,PROD0002,1,0.05,61750.0,10750.0
ORD004202,PROD0022,2,0.0,1800.0,900.0
ORD004202,PROD0019,2,0.05,28500.0,7500.0
ORD004202,PROD0007,3,0.0,66000.0,19500.0
ORD004203,PROD0013,1,0.0,16000.0,6000.0
ORD004204,PROD0005,1,0.05,4275.0,1575.0
ORD004204,PROD0007,1,0.05,20900.0,5400.0
ORD004204,PROD0004,1,0.2,960.0,310.0
ORD004205,PROD0011,4,0.0,48000.0,18000.0
ORD004205,PROD0015,1,0.2,6800.0,1800.0
ORD004206,PROD0022,2,0.0,1800.0,900.0
ORD004207,PROD0003,2,0.15,178500.0,8500.0
ORD004208,PROD0027,3,0.2,15600.0,3900.0
ORD004209,PROD0025,1,0.2,2800.0,1000.0
ORD004210,PROD0012,1,0.05,17100.0,6100.0
ORD004211,PROD0012,2,0.0,36000.0,14000.0
ORD004211,PROD0020,1,0.0,24000.0,7000.0
ORD004211,PROD0003,1,0.15,89250.0,4250.0
ORD004211,PROD0016,4,0.0,28000.0,11200.0
ORD004212,PROD0026,2,0.05,10450.0,4050.0
ORD004212,PROD0017,1,0.0,450.0,230.0
ORD004213,PROD0014,1,0.05,26600.0,7600.0
ORD004214,PROD0010,2,0.0,44000.0,12000.0
ORD004215,PROD0015,1,0.0,8500.0,3500.0
ORD004216,PROD0010,2,0.0,44000.0,12000.0
ORD004217,PROD0016,1,0.0,7000.0,2800.0
ORD004218,PROD0016,3,0.1,18900.0,6300.0
ORD004219,PROD0028,2,0.15,3060.0,1160.0
ORD004219,PROD0027,2,0.0,13000.0,5200.0
ORD004219,PROD0016,1,0.0,7000.0,2800.0
ORD004220,PROD0015,4,0.1,30600.0,10600.0
ORD004221,PROD0028,2,0.15,3060.0,1160.0
ORD004221,PROD0017,1,0.2,360.0,140.0
ORD004222,PROD0028,1,0.0,1800.0,850.0
ORD004222,PROD0008,1,0.0,15000.0,4500.0
ORD004223,PROD0009,1,0.0,55000.0,13000.0
ORD004224,PROD0010,2,0.1,39600.0,7600.0
ORD004225,PROD0012,3,0.05,51300.0,18300.0
ORD004226,PROD0003,3,0.0,315000.0,60000.0
ORD004227,PROD0024,1,0.2,3360.0,1160.0
ORD004228,PROD0009,3,0.0,165000.0,39000.0
ORD004228,PROD0003,2,0.05,199500.0,29500.0
ORD004228,PROD0019,2,0.0,30000.0,9000.0
ORD004229,PROD0011,1,0.05,11400.0,3900.0
ORD004229,PROD0021,2,0.0,3600.0,1700.0
ORD004229,PROD0002,1,0.0,65000.0,14000.0
ORD004230,PROD0021,4,0.05,6840.0,3040.0
ORD004230,PROD0026,3,0.0,16500.0,6900.0
ORD004230,PROD0003,1,0.05,99750.0,14750.0
ORD004231,PROD0021,3,0.0,5400.0,2550.0
ORD004232,PROD0005,1,0.1,4050.0,1350.0
ORD004233,PROD0003,2,0.1,189000.0,19000.0
ORD004234,PROD0021,1,0.0,1800.0,850.0
ORD004234,PROD0003,4,0.0,420000.0,80000.0
ORD004235,PROD0013,1,0.2,12800.0,2800.0
ORD004236,PROD0001,1,0.1,76500.0,8500.0
ORD004237,PROD0025,3,0.15,8925.0,3525.0
ORD004238,PROD0010,2,0.15,37400.0,5400.0
ORD004238,PROD0028,1,0.2,1440.0,490.0
ORD004238,PROD0005,1,0.2,3600.0,900.0
ORD004239,PROD0028,1,0.2,1440.0,490.0
ORD004239,PROD0010,1,0.0,22000.0,6000.0
ORD004239,PROD0003,2,0.0,210000.0,40000.0
ORD004240,PROD0022,2,0.2,1440.0,540.0
ORD004241,PROD0004,1,0.05,1140.0,490.0
ORD004242,PROD0010,2,0.05,41800.0,9800.0
ORD004243,PROD0025,1,0.0,3500.0,1700.0
ORD004244,PROD0027,1,0.05,6175.0,2275.0
ORD004245,PROD0010,1,0.0,22000.0,6000.0
ORD004245,PROD0005,1,0.1,4050.0,1350.0
ORD004245,PROD0024,1,0.0,4200.0,2000.0
ORD004246,PROD0026,4,0.1,19800.0,7000.0
ORD004247,PROD0004,2,0.1,2160.0,860.0
ORD004247,PROD0021,1,0.0,1800.0,850.0
ORD004248,PROD0014,1,0.2,22400.0,3400.0
ORD004248,PROD0013,2,0.0,32000.0,12000.0
ORD004248,PROD0011,1,0.0,12000.0,4500.0
ORD004249,PROD0008,1,0.05,14250.0,3750.0
ORD004250,PROD0009,2,0.0,110000.0,26000.0
ORD004250,PROD0019,1,0.2,12000.0,1500.0
ORD004251,PROD0027,1,0.0,6500.0,2600.0
ORD004252,PROD0007,5,0.15,93500.0,16000.0
ORD004252,PROD0016,1,0.0,7000.0,2800.0
ORD004253,PROD0010,1,0.2,17600.0,1600.0
ORD004253,PROD0021,1,0.0,1800.0,850.0
ORD004254,PROD0001,1,0.2,68000.0,0.0
ORD004254,PROD0016,2,0.15,11900.0,3500.0
ORD004255,PROD0014,2,0.15,47600.0,9600.0
ORD004256,PROD0015,1,0.0,8500.0,3500.0
ORD004256,PROD0024,2,0.2,6720.0,2320.0
ORD004257,PROD0001,1,0.15,72250.0,4250.0
ORD004258,PROD0021,4,0.15,6120.0,2320.0
ORD004258,PROD0028,1,0.0,1800.0,850.0
ORD004259,PROD0008,2,0.0,30000.0,9000.0
ORD004259,PROD0009,5,0.2,220000.0,10000.0
ORD004260,PROD0020,1,0.2,19200.0,2200.0
ORD004260,PROD0016,2,0.0,14000.0,5600.0
ORD004261,PROD0014,1,0.0,28000.0,9000.0
ORD004262,PROD0012,3,0.0,54000.0,21000.0
ORD004263,PROD0027,1,0.2,5200.0,1300.0
ORD004263,PROD0023,1,0.0,2500.0,1200.0
ORD004264,PROD0026,1,0.15,4675.0,1475.0
ORD004264,PROD0019,1,0.0,15000.0,4500.0
ORD004264,PROD0007,2,0.1,39600.0,8600.0
ORD004264,PROD0016,2,0.05,13300.0,4900.0
ORD004265,PROD0001,2,0.0,170000.0,34000.0
ORD004266,PROD0001,1,0.2,68000.0,0.0
ORD004267,PROD0012,2,0.05,34200.0,12200.0
ORD004267,PROD0002,4,0.0,260000.0,56000.0
ORD004268,PROD0017,1,0.15,382.5,162.5
ORD004269,PROD0013,1,0.05,15200.0,5200.0
ORD004270,PROD0024,3,0.0,12600.0,6000.0
ORD004270,PROD0020,1,0.15,20400.0,3400.0
ORD004270,PROD0021,1,0.1,1620.0,670.0
ORD004271,PROD0009,1,0.15,46750.0,4750.0
ORD004272,PROD0021,4,0.05,6840.0,3040.0
ORD004272,PROD0027,1,0.05,6175.0,2275.0
ORD004273,PROD0020,1,0.1,21600.0,4600.0
ORD004274,PROD0024,1,0.0,4200.0,2000.0
ORD004274,PROD0021,1,0.0,1800.0,850.0
ORD004274,PROD0002,1,0.15,55250.0,4250.0
ORD004274,PROD0013,3,0.05,45600.0,15600.0
ORD004275,PROD0011,3,0.0,36000.0,13500.0
ORD004275,PROD0020,2,0.0,48000.0,14000.0
ORD004275,PROD0005,1,0.0,4500.0,1800.0
ORD004276,PROD0013,1,0.0,16000.0,6000.0
ORD004277,PROD0027,2,0.2,10400.0,2600.0
ORD004278,PROD0028,1,0.2,1440.0,490.0
ORD004279,PROD0004,2,0.15,2040.0,740.0
ORD004279,PROD0014,1,0.0,28000.0,9000.0
ORD004279,PROD0006,1,0.0,2200.0,1000.0
ORD004280,PROD0016,2,0.0,14000.0,5600.0
ORD004280,PROD0021,1,0.0,1800.0,850.0
ORD004281,PROD0008,1,0.0,15000.0,4500.0
ORD004281,PROD0023,1,0.2,2000.0,700.0
ORD004282,PROD0010,2,0.0,44000.0,12000.0
ORD004283,PROD0006,1,0.0,2200.0,1000.0
ORD004283,PROD0002,3,0.0,195000.0,42000.0
ORD004284,PROD0021,1,0.0,1800.0,850.0
ORD004285,PROD0020,1,0.0,24000.0,7000.0
ORD004285,PROD0010,4,0.15,74800.0,10800.0
ORD004286,PROD0019,1,0.2,12000.0,1500.0
ORD004287,PROD0008,3,0.2,36000.0,4500.0
ORD004287,PROD0028,3,0.2,4320.0,1470.0
ORD004288,PROD0012,3,0.15,45900.0,12900.0
ORD004288,PROD0023,1,0.05,2375.0,1075.0
ORD004289,PROD0023,1,0.0,2500.0,1200.0
ORD004289,PROD0020,2,0.0,48000.0,14000.0
ORD004290,PROD0015,2,0.05,16150.0,6150.0
ORD004291,PROD0017,2,0.0,900.0,460.0
ORD004292,PROD0022,2,0.0,1800.0,900.0
ORD004293,PROD0005,1,0.0,4500.0,1800.0
ORD004294,PROD0022,3,0.0,2700.0,1350.0
ORD004295,PROD0007,1,0.0,22000.0,6500.0
ORD004296,PROD0007,1,0.2,17600.0,2100.0
ORD004297,PROD0006,1,0.1,1980.0,780.0
ORD004297,PROD0028,1,0.1,1620.0,670.0
ORD004298,PROD0027,2,0.0,13000.0,5200.0
ORD004298,PROD0010,1,0.0,22000.0,6000.0
ORD004299,PROD0005,1,0.0,4500.0,1800.0
ORD004299,PROD0006,3,0.1,5940.0,2340.0
ORD004300,PROD0008,1,0.0,15000.0,4500.0
ORD004301,PROD0028,1,0.2,1440.0,490.0
ORD004301,PROD0026,2,0.15,9350.0,2950.0
ORD004301,PROD0016,2,0.0,14000.0,5600.0
ORD004302,PROD0027,1,0.0,6500.0,2600.0
ORD004302,PROD0004,5,0.0,6000.0,2750.0
ORD004303,PROD0015,1,0.1,7650.0,2650.0
ORD004303,PROD0017,1,0.0,450.0,230.0
ORD004304,PROD0004,4,0.1,4320.0,1720.0
ORD004304,PROD0014,1,0.05,26600.0,7600.0
ORD004304,PROD0027,2,0.1,11700.0,3900.0
ORD004305,PROD0026,2,0.05,10450.0,4050.0
ORD004306,PROD0004,2,0.0,2400.0,1100.0
ORD004307,PROD0027,1,0.1,5850.0,1950.0
ORD004307,PROD0018,1,0.2,520.0,190.0
ORD004307,PROD0010,2,0.0,44000.0,12000.0
ORD004308,PROD0007,1,0.0,22000.0,6500.0
ORD004309,PROD0015,1,0.0,8500.0,3500.0
ORD004309,PROD0024,1,0.0,4200.0,2000.0
ORD004309,PROD0026,1,0.15,4675.0,1475.0
ORD004309,PROD0008,1,0.0,15000.0,4500.0
ORD004310,PROD0010,3,0.0,66000.0,18000.0
ORD004311,PROD0015,3,0.0,25500.0,10500.0
ORD004312,PROD0008,3,0.0,45000.0,13500.0
ORD004313,PROD0017,3,0.0,1350.0,690.0
ORD004313,PROD0005,2,0.0,9000.0,3600.0
ORD004314,PROD0025,1,0.1,3150.0,1350.0
ORD004314,PROD0017,3,0.1,1215.0,555.0
ORD004315,PROD0008,5,0.0,75000.0,22500.0
ORD004315,PROD0017,3,0.0,1350.0,690.0
ORD004316,PROD0018,1,0.1,585.0,255.0
ORD004316,PROD0009,4,0.2,176000.0,8000.0
ORD004317,PROD0011,1,0.15,10200.0,2700.0
ORD004318,PROD0015,1,0.0,8500.0,3500.0
ORD004319,PROD0010,1,0.2,17600.0,1600.0
ORD004320,PROD0008,2,0.05,28500.0,7500.0
ORD004320,PROD0007,2,0.05,41800.0,10800.0
ORD004321,PROD0022,3,0.0,2700.0,1350.0
ORD004322,PROD0022,1,0.2,720.0,270.0
ORD004322,PROD0023,3,0.0,7500.0,3600.0
ORD004323,PROD0026,5,0.15,23375.0,7375.0
ORD004324,PROD0003,5,0.1,472500.0,47500.0
ORD004325,PROD0024,1,0.1,3780.0,1580.0
ORD004326,PROD0007,2,0.2,35200.0,4200.0
ORD004327,PROD0022,1,0.05,855.0,405.0
ORD004328,PROD0003,4,0.0,420000.0,80000.0
ORD004329,PROD0007,2,0.15,37400.0,6400.0
ORD004329,PROD0016,1,0.05,6650.0,2450.0
ORD004330,PROD0018,2,0.0,1300.0,640.0
ORD004331,PROD0010,1,0.05,20900.0,4900.0
ORD004331,PROD0012,1,0.0,18000.0,7000.0
ORD004331,PROD0017,1,0.2,360.0,140.0
ORD004332,PROD0023,1,0.0,2500.0,1200.0
ORD004333,PROD0009,4,0.0,220000.0,52000.0
ORD004334,PROD0026,4,0.0,22000.0,9200.0
ORD004335,PROD0011,1,0.15,10200.0,2700.0
ORD004335,PROD0027,2,0.0,13000.0,5200.0
ORD004336,PROD0008,3,0.05,42750.0,11250.0
ORD004336,PROD0013,2,0.0,32000.0,12000.0
ORD004337,PROD0027,1,0.0,6500.0,2600.0
ORD004338,PROD0024,1,0.1,3780.0,1580.0
ORD004338,PROD0002,3,0.1,175500.0,22500.0
ORD004338,PROD0020,1,0.0,24000.0,7000.0
ORD004339,PROD0023,1,0.1,2250.0,950.0
ORD004340,PROD0020,2,0.2,38400.0,4400.0
ORD004341,PROD0014,3,0.15,71400.0,14400.0
ORD004341,PROD0018,1,0.0,650.0,320.0
ORD004341,PROD0028,1,0.15,1530.0,580.0
ORD004342,PROD0024,2,0.1,7560.0,3160.0
ORD004343,PROD0027,1,0.0,6500.0,2600.0
ORD004343,PROD0024,5,0.0,21000.0,10000.0
ORD004344,PROD0009,1,0.0,55000.0,13000.0
ORD004344,PROD0002,4,0.0,260000.0,56000.0
ORD004344,PROD0021,4,0.15,6120.0,2320.0
ORD004345,PROD0016,2,0.0,14000.0,5600.0
ORD004346,PROD0026,1,0.0,5500.0,2300.0
ORD004347,PROD0021,2,0.1,3240.0,1340.0
ORD004347,PROD0016,2,0.15,11900.0,3500.0
ORD004348,PROD0001,1,0.0,85000.0,17000.0
ORD004349,PROD0003,1,0.15,89250.0,4250.0
ORD004349,PROD0010,2,0.0,44000.0,12000.0
ORD004349,PROD0028,1,0.05,1710.0,760.0
ORD004350,PROD0003,3,0.2,252000.0,-3000.0
ORD004351,PROD0014,1,0.0,28000.0,9000.0
ORD004351,PROD0012,1,0.0,18000.0,7000.0
ORD004352,PROD0010,1,0.0,22000.0,6000.0
ORD004353,PROD0009,1,0.1,49500.0,7500.0
ORD004353,PROD0028,1,0.1,1620.0,670.0
ORD004354,PROD0010,4,0.2,70400.0,6400.0
ORD004354,PROD0024,1,0.0,4200.0,2000.0
ORD004355,PROD0001,1,0.1,76500.0,8500.0
ORD004356,PROD0005,1,0.05,4275.0,1575.0
ORD004356,PROD0028,1,0.05,1710.0,760.0
ORD004357,PROD0003,4,0.1,378000.0,38000.0
ORD004358,PROD0016,2,0.15,11900.0,3500.0
ORD004359,PROD0017,1,0.15,382.5,162.5
ORD004360,PROD0026,1,0.15,4675.0,1475.0
ORD004360,PROD0027,2,0.0,13000.0,5200.0
ORD004360,PROD0013,2,0.0,32000.0,12000.0
ORD004361,PROD0011,2,0.0,24000.0,9000.0
ORD004362,PROD0011,4,0.05,45600.0,15600.0
ORD004363,PROD0028,1,0.0,1800.0,850.0
ORD004363,PROD0003,2,0.15,178500.0,8500.0
ORD004363,PROD0025,1,0.2,2800.0,1000.0
ORD004364,PROD0025,4,0.15,11900.0,4700.0
ORD004365,PROD0007,3,0.2,52800.0,6300.0
ORD004366,PROD0021,2,0.0,3600.0,1700.0
ORD004366,PROD0002,2,0.0,130000.0,28000.0
ORD004367,PROD0004,1,0.05,1140.0,490.0
ORD004367,PROD0019,1,0.0,15000.0,4500.0
ORD004368,PROD0013,1,0.1,14400.0,4400.0
ORD004369,PROD0010,1,0.1,19800.0,3800.0
ORD004370,PROD0012,2,0.15,30600.0,8600.0
ORD004371,PROD0025,1,0.15,2975.0,1175.0
ORD004372,PROD0022,1,0.0,900.0,450.0
ORD004373,PROD0025,1,0.0,3500.0,1700.0
ORD004374,PROD0026,1,0.0,5500.0,2300.0
ORD004374,PROD0008,1,0.15,12750.0,2250.0
ORD004374,PROD0028,2,0.0,3600.0,1700.0
ORD004375,PROD0023,3,0.0,7500.0,3600.0
ORD004375,PROD0020,2,0.05,45600.0,11600.0
ORD004376,PROD0011,1,0.2,9600.0,2100.0
ORD004376,PROD0019,1,0.2,12000.0,1500.0
ORD004377,PROD0017,3,0.1,1215.0,555.0
ORD004378,PROD0001,1,0.2,68000.0,0.0
ORD004378,PROD0019,2,0.1,27000.0,6000.0
ORD004378,PROD0022,1,0.05,855.0,405.0
ORD004378,PROD0010,1,0.2,17600.0,1600.0
ORD004379,PROD0021,1,0.15,1530.0,580.0
ORD004379,PROD0024,3,0.1,11340.0,4740.0
ORD004380,PROD0001,2,0.05,161500.0,25500.0
ORD004381,PROD0016,2,0.15,11900.0,3500.0
ORD004381,PROD0013,3,0.05,45600.0,15600.0
ORD004382,PROD0028,1,0.0,1800.0,850.0
ORD004382,PROD0019,1,0.0,15000.0,4500.0
ORD004383,PROD0009,3,0.0,165000.0,39000.0
ORD004384,PROD0004,3,0.05,3420.0,1470.0
ORD004385,PROD0005,3,0.1,12150.0,4050.0
ORD004386,PROD0015,1,0.05,8075.0,3075.0
ORD004387,PROD0023,4,0.2,8000.0,2800.0
ORD004388,PROD0020,1,0.0,24000.0,7000.0
ORD004389,PROD0012,1,0.0,18000.0,7000.0
ORD004389,PROD0006,1,0.1,1980.0,780.0
ORD004390,PROD0020,1,0.05,22800.0,5800.0
ORD004390,PROD0007,3,0.05,62700.0,16200.0
ORD004391,PROD0028,1,0.0,1800.0,850.0
ORD004391,PROD0001,1,0.2,68000.0,0.0
ORD004392,PROD0019,1,0.15,12750.0,2250.0
ORD004393,PROD0021,1,0.2,1440.0,490.0
ORD004394,PROD0024,2,0.15,7140.0,2740.0
ORD004395,PROD0014,1,0.0,28000.0,9000.0
ORD004395,PROD0016,3,0.2,16800.0,4200.0
ORD004396,PROD0016,3,0.0,21000.0,8400.0
ORD004397,PROD0012,3,0.2,43200.0,10200.0
ORD004398,PROD0002,4,0.15,221000.0,17000.0
ORD004398,PROD0005,1,0.0,4500.0,1800.0
ORD004399,PROD0010,1,0.0,22000.0,6000.0
ORD004400,PROD0027,2,0.15,11050.0,3250.0
ORD004401,PROD0018,1,0.0,650.0,320.0
ORD004401,PROD0011,1,0.05,11400.0,3900.0
ORD004402,PROD0007,1,0.0,22000.0,6500.0
ORD004402,PROD0016,1,0.0,7000.0,2800.0
ORD004402,PROD0009,2,0.15,93500.0,9500.0
ORD004402,PROD0024,1,0.2,3360.0,1160.0
ORD004403,PROD0022,1,0.0,900.0,450.0
ORD004403,PROD0014,2,0.0,56000.0,18000.0
ORD004403,PROD0007,1,0.0,22000.0,6500.0
ORD004404,PROD0019,3,0.0,45000.0,13500.0
ORD004405,PROD0022,1,0.15,765.0,315.0
ORD004405,PROD0015,1,0.1,7650.0,2650.0
ORD004406,PROD0023,1,0.05,2375.0,1075.0
ORD004406,PROD0025,2,0.15,5950.0,2350.0
ORD004407,PROD0018,1,0.15,552.5,222.5
ORD004408,PROD0009,4,0.0,220000.0,52000.0
ORD004408,PROD0027,2,0.15,11050.0,3250.0
ORD004409,PROD0027,1,0.05,6175.0,2275.0
ORD004409,PROD0013,3,0.1,43200.0,13200.0
ORD004409,PROD0001,1,0.15,72250.0,4250.0
ORD004409,PROD0008,1,0.05,14250.0,3750.0
ORD004410,PROD0010,1,0.0,22000.0,6000.0
ORD004411,PROD0025,4,0.2,11200.0,4000.0
ORD004411,PROD0020,5,0.0,120000.0,35000.0
ORD004412,PROD0002,2,0.05,123500.0,21500.0
ORD004412,PROD0016,3,0.05,19950.0,7350.0
ORD004413,PROD0016,1,0.2,5600.0,1400.0
ORD004414,PROD0017,1,0.0,450.0,230.0
ORD004415,PROD0014,5,0.1,126000.0,31000.0
ORD004416,PROD0019,4,0.05,57000.0,15000.0
ORD004416,PROD0004,2,0.0,2400.0,1100.0
ORD004416,PROD0013,3,0.15,40800.0,10800.0
ORD004416,PROD0007,1,0.0,22000.0,6500.0
ORD004417,PROD0006,1,0.0,2200.0,1000.0
ORD004418,PROD0003,1,0.1,94500.0,9500.0
ORD004419,PROD0002,1,0.1,58500.0,7500.0
ORD004420,PROD0002,1,0.0,65000.0,14000.0
ORD004421,PROD0003,1,0.2,84000.0,-1000.0
ORD004422,PROD0010,2,0.0,44000.0,12000.0
ORD004422,PROD0027,1,0.2,5200.0,1300.0
ORD004423,PROD0008,1,0.05,14250.0,3750.0
ORD004424,PROD0023,2,0.0,5000.0,2400.0
ORD004424,PROD0006,2,0.0,4400.0,2000.0
ORD004425,PROD0003,1,0.1,94500.0,9500.0
ORD004425,PROD0023,2,0.1,4500.0,1900.0
ORD004426,PROD0004,2,0.1,2160.0,860.0
ORD004426,PROD0021,3,0.05,5130.0,2280.0
ORD004427,PROD0002,5,0.1,292500.0,37500.0
ORD004427,PROD0008,1,0.05,14250.0,3750.0
ORD004427,PROD0003,5,0.0,525000.0,100000.0
ORD004428,PROD0012,2,0.0,36000.0,14000.0
ORD004429,PROD0021,1,0.0,1800.0,850.0
ORD004429,PROD0005,2,0.15,7650.0,2250.0
ORD004429,PROD0001,5,0.0,425000.0,85000.0
ORD004429,PROD0026,2,0.05,10450.0,4050.0
ORD004430,PROD0022,1,0.0,900.0,450.0
ORD004430,PROD0014,2,0.0,56000.0,18000.0
ORD004430,PROD0021,3,0.1,4860.0,2010.0
ORD004430,PROD0019,2,0.15,25500.0,4500.0
ORD004431,PROD0028,2,0.0,3600.0,1700.0
ORD004432,PROD0017,1,0.15,382.5,162.5
ORD004432,PROD0010,1,0.0,22000.0,6000.0
ORD004432,PROD0013,2,0.15,27200.0,7200.0
ORD004433,PROD0002,1,0.2,52000.0,1000.0
ORD004433,PROD0024,5,0.0,21000.0,10000.0
ORD004434,PROD0016,2,0.0,14000.0,5600.0
ORD004434,PROD0026,5,0.1,24750.0,8750.0
ORD004434,PROD0005,1,0.0,4500.0,1800.0
ORD004435,PROD0012,1,0.2,14400.0,3400.0
ORD004436,PROD0007,1,0.05,20900.0,5400.0
ORD004437,PROD0005,3,0.15,11475.0,3375.0
ORD004437,PROD0009,2,0.15,93500.0,9500.0
ORD004438,PROD0017,2,0.0,900.0,460.0
ORD004438,PROD0008,1,0.1,13500.0,3000.0
ORD004439,PROD0025,1,0.0,3500.0,1700.0
ORD004439,PROD0023,2,0.15,4250.0,1650.0
ORD004440,PROD0027,1,0.1,5850.0,1950.0
ORD004441,PROD0006,3,0.05,6270.0,2670.0
ORD004442,PROD0017,1,0.0,450.0,230.0
ORD004443,PROD0018,1,0.1,585.0,255.0
ORD004444,PROD0010,1,0.05,20900.0,4900.0
ORD004445,PROD0028,1,0.05,1710.0,760.0
ORD004445,PROD0026,3,0.2,13200.0,3600.0
ORD004446,PROD0006,3,0.0,6600.0,3000.0
ORD004447,PROD0011,1,0.0,12000.0,4500.0
ORD004448,PROD0002,1,0.0,65000.0,14000.0
ORD004448,PROD0005,1,0.15,3825.0,1125.0
ORD004449,PROD0015,2,0.0,17000.0,7000.0
ORD004449,PROD0026,2,0.2,8800.0,2400.0
ORD004449,PROD0004,1,0.2,960.0,310.0
ORD004450,PROD0015,5,0.0,42500.0,17500.0
ORD004450,PROD0002,1,0.05,61750.0,10750.0
ORD004451,PROD0004,1,0.05,1140.0,490.0
ORD004452,PROD0012,1,0.0,18000.0,7000.0
ORD004453,PROD0012,3,0.15,45900.0,12900.0
ORD004453,PROD0007,1,0.0,22000.0,6500.0
ORD004454,PROD0017,1,0.05,427.5,207.5
ORD004454,PROD0010,3,0.0,66000.0,18000.0
ORD004455,PROD0016,2,0.15,11900.0,3500.0
ORD004455,PROD0002,2,0.0,130000.0,28000.0
ORD004456,PROD0023,1,0.05,2375.0,1075.0
ORD004456,PROD0015,1,0.0,8500.0,3500.0
ORD004456,PROD0009,3,0.0,165000.0,39000.0
ORD004456,PROD0019,1,0.0,15000.0,4500.0
ORD004457,PROD0023,4,0.0,10000.0,4800.0
ORD004457,PROD0028,1,0.0,1800.0,850.0
ORD004458,PROD0016,2,0.0,14000.0,5600.0
ORD004458,PROD0026,1,0.2,4400.0,1200.0
ORD004459,PROD0022,3,0.0,2700.0,1350.0
ORD004460,PROD0014,1,0.2,22400.0,3400.0
ORD004460,PROD0006,4,0.1,7920.0,3120.0
ORD004461,PROD0028,2,0.0,3600.0,1700.0
ORD004461,PROD0006,1,0.0,2200.0,1000.0
ORD004461,PROD0024,1,0.0,4200.0,2000.0
ORD004462,PROD0011,1,0.15,10200.0,2700.0
ORD004463,PROD0013,1,0.15,13600.0,3600.0
ORD004463,PROD0002,1,0.0,65000.0,14000.0
ORD004464,PROD0009,2,0.2,88000.0,4000.0
ORD004464,PROD0008,1,0.05,14250.0,3750.0
ORD004464,PROD0011,1,0.2,9600.0,2100.0
ORD004464,PROD0018,2,0.2,1040.0,380.0
ORD004465,PROD0026,1,0.0,5500.0,2300.0
ORD004466,PROD0003,3,0.15,267750.0,12750.0
ORD004467,PROD0003,2,0.1,189000.0,19000.0
ORD004468,PROD0020,1,0.2,19200.0,2200.0
ORD004468,PROD0027,4,0.05,24700.0,9100.0
ORD004468,PROD0021,1,0.2,1440.0,490.0
ORD004469,PROD0023,3,0.2,6000.0,2100.0
ORD004470,PROD0025,1,0.0,3500.0,1700.0
ORD004470,PROD0016,3,0.0,21000.0,8400.0
ORD004470,PROD0020,3,0.2,57600.0,6600.0
ORD004471,PROD0013,1,0.0,16000.0,6000.0
ORD004471,PROD0005,3,0.0,13500.0,5400.0
ORD004471,PROD0011,1,0.05,11400.0,3900.0
ORD004472,PROD0025,2,0.0,7000.0,3400.0
ORD004472,PROD0002,2,0.15,110500.0,8500.0
ORD004472,PROD0013,1,0.2,12800.0,2800.0
ORD004473,PROD0024,2,0.0,8400.0,4000.0
ORD004474,PROD0004,1,0.2,960.0,310.0
ORD004474,PROD0024,1,0.2,3360.0,1160.0
ORD004474,PROD0017,1,0.1,405.0,185.0
ORD004475,PROD0026,1,0.0,5500.0,2300.0
ORD004475,PROD0004,4,0.0,4800.0,2200.0
ORD004476,PROD0019,2,0.0,30000.0,9000.0
ORD004476,PROD0016,1,0.05,6650.0,2450.0
ORD004476,PROD0022,1,0.0,900.0,450.0
ORD004477,PROD0024,1,0.2,3360.0,1160.0
ORD004478,PROD0002,1,0.0,65000.0,14000.0
ORD004478,PROD0009,3,0.0,165000.0,39000.0
ORD004478,PROD0024,2,0.1,7560.0,3160.0
ORD004479,PROD0009,1,0.2,44000.0,2000.0
ORD004479,PROD0025,2,0.1,6300.0,2700.0
ORD004479,PROD0005,1,0.15,3825.0,1125.0
ORD004479,PROD0024,1,0.0,4200.0,2000.0
ORD004480,PROD0027,1,0.05,6175.0,2275.0
ORD004481,PROD0022,4,0.0,3600.0,1800.0
ORD004481,PROD0014,1,0.0,28000.0,9000.0
ORD004482,PROD0015,1,0.0,8500.0,3500.0
ORD004482,PROD0002,1,0.1,58500.0,7500.0
ORD004482,PROD0010,2,0.0,44000.0,12000.0
ORD004483,PROD0028,3,0.0,5400.0,2550.0
ORD004484,PROD0013,2,0.0,32000.0,12000.0
ORD004485,PROD0001,1,0.1,76500.0,8500.0
ORD004486,PROD0009,1,0.0,55000.0,13000.0
ORD004487,PROD0005,4,0.1,16200.0,5400.0
ORD004487,PROD0022,2,0.2,1440.0,540.0
ORD004488,PROD0014,2,0.15,47600.0,9600.0
ORD004489,PROD0009,1,0.05,52250.0,10250.0
ORD004490,PROD0011,1,0.05,11400.0,3900.0
ORD004490,PROD0002,1,0.0,65000.0,14000.0
ORD004491,PROD0028,1,0.0,1800.0,850.0
ORD004491,PROD0015,2,0.1,15300.0,5300.0
ORD004492,PROD0001,2,0.0,170000.0,34000.0
ORD004492,PROD0015,1,0.0,8500.0,3500.0
ORD004492,PROD0016,1,0.05,6650.0,2450.0
ORD004493,PROD0021,1,0.05,1710.0,760.0
ORD004494,PROD0002,1,0.05,61750.0,10750.0
ORD004495,PROD0003,2,0.0,210000.0,40000.0
ORD004496,PROD0006,2,0.0,4400.0,2000.0
ORD004496,PROD0018,2,0.0,1300.0,640.0
ORD004497,PROD0001,4,0.1,306000.0,34000.0
ORD004498,PROD0004,1,0.0,1200.0,550.0
ORD004498,PROD0012,2,0.1,32400.0,10400.0
ORD004499,PROD0008,1,0.2,12000.0,1500.0
ORD004500,PROD0009,2,0.0,110000.0,26000.0
ORD004501,PROD0022,1,0.2,720.0,270.0
ORD004501,PROD0019,1,0.1,13500.0,3000.0
ORD004501,PROD0004,2,0.0,2400.0,1100.0
ORD004502,PROD0023,2,0.2,4000.0,1400.0
ORD004502,PROD0015,1,0.15,7225.0,2225.0
ORD004503,PROD0028,1,0.0,1800.0,850.0
ORD004503,PROD0018,2,0.0,1300.0,640.0
ORD004504,PROD0013,2,0.0,32000.0,12000.0
ORD004505,PROD0014,1,0.0,28000.0,9000.0
ORD004506,PROD0018,1,0.2,520.0,190.0
ORD004506,PROD0002,2,0.2,104000.0,2000.0
ORD004506,PROD0005,1,0.05,4275.0,1575.0
ORD004507,PROD0006,2,0.05,4180.0,1780.0
ORD004507,PROD0023,2,0.05,4750.0,2150.0
ORD004507,PROD0002,1,0.0,65000.0,14000.0
ORD004508,PROD0020,1,0.05,22800.0,5800.0
ORD004508,PROD0012,1,0.05,17100.0,6100.0
ORD004508,PROD0004,2,0.05,2280.0,980.0
ORD004509,PROD0005,1,0.2,3600.0,900.0
ORD004509,PROD0019,4,0.1,54000.0,12000.0
ORD004510,PROD0028,1,0.0,1800.0,850.0
ORD004510,PROD0024,1,0.0,4200.0,2000.0
ORD004510,PROD0007,1,0.2,17600.0,2100.0
ORD004511,PROD0016,1,0.0,7000.0,2800.0
ORD004512,PROD0020,1,0.2,19200.0,2200.0
ORD004512,PROD0005,1,0.0,4500.0,1800.0
ORD004513,PROD0001,2,0.0,170000.0,34000.0
ORD004513,PROD0013,2,0.1,28800.0,8800.0
ORD004514,PROD0015,1,0.15,7225.0,2225.0
ORD004514,PROD0027,3,0.05,18525.0,6825.0
ORD004515,PROD0027,2,0.0,13000.0,5200.0
ORD004515,PROD0018,3,0.2,1560.0,570.0
ORD004515,PROD0007,1,0.0,22000.0,6500.0
ORD004516,PROD0014,1,0.0,28000.0,9000.0
ORD004516,PROD0013,1,0.0,16000.0,6000.0
ORD004517,PROD0025,1,0.0,3500.0,1700.0
ORD004517,PROD0026,2,0.0,11000.0,4600.0
ORD004517,PROD0019,1,0.0,15000.0,4500.0
ORD004518,PROD0011,2,0.05,22800.0,7800.0
ORD004518,PROD0027,1,0.1,5850.0,1950.0
ORD004519,PROD0028,1,0.0,1800.0,850.0
ORD004519,PROD0021,1,0.1,1620.0,670.0
ORD004520,PROD0022,1,0.2,720.0,270.0
ORD004520,PROD0008,1,0.0,15000.0,4500.0
ORD004520,PROD0016,1,0.1,6300.0,2100.0
ORD004521,PROD0021,2,0.0,3600.0,1700.0
ORD004521,PROD0027,1,0.05,6175.0,2275.0
ORD004521,PROD0011,1,0.05,11400.0,3900.0
ORD004521,PROD0024,2,0.1,7560.0,3160.0
ORD004522,PROD0028,1,0.0,1800.0,850.0
ORD004523,PROD0007,1,0.2,17600.0,2100.0
ORD004524,PROD0021,2,0.2,2880.0,980.0
ORD004525,PROD0020,1,0.0,24000.0,7000.0
ORD004526,PROD0011,1,0.1,10800.0,3300.0
ORD004526,PROD0010,1,0.0,22000.0,6000.0
ORD004526,PROD0016,1,0.0,7000.0,2800.0
ORD004527,PROD0001,1,0.1,76500.0,8500.0
ORD004528,PROD0011,2,0.05,22800.0,7800.0
ORD004529,PROD0011,1,0.0,12000.0,4500.0
ORD004530,PROD0005,4,0.0,18000.0,7200.0
ORD004531,PROD0027,1,0.0,6500.0,2600.0
ORD004532,PROD0011,1,0.05,11400.0,3900.0
ORD004533,PROD0026,1,0.1,4950.0,1750.0
ORD004534,PROD0025,5,0.0,17500.0,8500.0
ORD004535,PROD0012,1,0.2,14400.0,3400.0
ORD004536,PROD0023,3,0.15,6375.0,2475.0
ORD004536,PROD0004,1,0.1,1080.0,430.0
ORD004537,PROD0024,1,0.0,4200.0,2000.0
ORD004538,PROD0001,4,0.2,272000.0,0.0
ORD004539,PROD0009,2,0.0,110000.0,26000.0
ORD004540,PROD0024,1,0.1,3780.0,1580.0
ORD004540,PROD0012,3,0.0,54000.0,21000.0
ORD004540,PROD0003,1,0.2,84000.0,-1000.0
ORD004540,PROD0011,1,0.05,11400.0,3900.0
ORD004541,PROD0005,2,0.1,8100.0,2700.0
ORD004541,PROD0026,2,0.1,9900.0,3500.0
ORD004542,PROD0008,1,0.2,12000.0,1500.0
ORD004543,PROD0002,4,0.15,221000.0,17000.0
ORD004543,PROD0019,1,0.2,12000.0,1500.0
ORD004544,PROD0002,1,0.0,65000.0,14000.0
ORD004545,PROD0007,1,0.0,22000.0,6500.0
ORD004546,PROD0005,1,0.2,3600.0,900.0
ORD004547,PROD0007,1,0.2,17600.0,2100.0
ORD004547,PROD0016,1,0.0,7000.0,2800.0
ORD004548,PROD0011,1,0.2,9600.0,2100.0
ORD004549,PROD0008,3,0.05,42750.0,11250.0
ORD004550,PROD0028,1,0.0,1800.0,850.0
ORD004550,PROD0007,4,0.0,88000.0,26000.0
ORD004551,PROD0007,2,0.15,37400.0,6400.0
ORD004551,PROD0003,4,0.15,357000.0,17000.0
ORD004552,PROD0026,4,0.1,19800.0,7000.0
ORD004552,PROD0009,2,0.0,110000.0,26000.0
ORD004552,PROD0012,1,0.1,16200.0,5200.0
ORD004553,PROD0004,1,0.0,1200.0,550.0
ORD004553,PROD0010,2,0.0,44000.0,12000.0
ORD004554,PROD0020,2,0.05,45600.0,11600.0
ORD004555,PROD0025,2,0.0,7000.0,3400.0
ORD004555,PROD0008,1,0.0,15000.0,4500.0
ORD004555,PROD0022,1,0.2,720.0,270.0
ORD004556,PROD0027,1,0.1,5850.0,1950.0
ORD004557,PROD0025,1,0.15,2975.0,1175.0
ORD004558,PROD0001,1,0.0,85000.0,17000.0
ORD004558,PROD0025,2,0.15,5950.0,2350.0
ORD004559,PROD0016,1,0.0,7000.0,2800.0
ORD004559,PROD0001,2,0.0,170000.0,34000.0
ORD004560,PROD0018,4,0.05,2470.0,1150.0
ORD004560,PROD0014,1,0.05,26600.0,7600.0
ORD004561,PROD0016,2,0.05,13300.0,4900.0
ORD004562,PROD0006,1,0.05,2090.0,890.0
ORD004563,PROD0020,4,0.0,96000.0,28000.0
ORD004563,PROD0014,1,0.0,28000.0,9000.0
ORD004564,PROD0016,1,0.0,7000.0,2800.0
ORD004565,PROD0025,4,0.0,14000.0,6800.0
ORD004565,PROD0017,1,0.2,360.0,140.0
ORD004566,PROD0015,1,0.1,7650.0,2650.0
ORD004567,PROD0019,1,0.05,14250.0,3750.0
ORD004567,PROD0018,1,0.15,552.5,222.5
ORD004568,PROD0012,1,0.05,17100.0,6100.0
ORD004568,PROD0004,1,0.0,1200.0,550.0
ORD004569,PROD0022,3,0.15,2295.0,945.0
ORD004569,PROD0021,3,0.05,5130.0,2280.0
ORD004570,PROD0013,1,0.15,13600.0,3600.0
ORD004570,PROD0015,1,0.15,7225.0,2225.0
ORD004571,PROD0014,4,0.05,106400.0,30400.0
ORD004571,PROD0018,1,0.05,617.5,287.5
ORD004572,PROD0013,2,0.15,27200.0,7200.0
ORD004572,PROD0028,3,0.0,5400.0,2550.0
ORD004573,PROD0006,1,0.15,1870.0,670.0
ORD004573,PROD0016,3,0.0,21000.0,8400.0
ORD004573,PROD0019,1,0.15,12750.0,2250.0
ORD004574,PROD0011,1,0.0,12000.0,4500.0
ORD004575,PROD0025,1,0.05,3325.0,1525.0
ORD004576,PROD0006,1,0.15,1870.0,670.0
ORD004576,PROD0021,2,0.2,2880.0,980.0
ORD004577,PROD0020,1,0.0,24000.0,7000.0
ORD004578,PROD0018,1,0.0,650.0,320.0
ORD004579,PROD0024,1,0.1,3780.0,1580.0
ORD004580,PROD0012,1,0.1,16200.0,5200.0
ORD004580,PROD0024,5,0.1,18900.0,7900.0
ORD004580,PROD0009,2,0.2,88000.0,4000.0
ORD004581,PROD0009,1,0.0,55000.0,13000.0
ORD004581,PROD0018,1,0.2,520.0,190.0
ORD004582,PROD0013,3,0.05,45600.0,15600.0
ORD004583,PROD0021,1,0.0,1800.0,850.0
ORD004583,PROD0005,1,0.15,3825.0,1125.0
ORD004583,PROD0013,5,0.15,68000.0,18000.0
ORD004584,PROD0023,1,0.15,2125.0,825.0
ORD004585,PROD0002,1,0.15,55250.0,4250.0
ORD004586,PROD0019,2,0.0,30000.0,9000.0
ORD004586,PROD0016,1,0.0,7000.0,2800.0
ORD004587,PROD0024,2,0.2,6720.0,2320.0
ORD004588,PROD0015,1,0.15,7225.0,2225.0
ORD004588,PROD0017,2,0.15,765.0,325.0
ORD004589,PROD0008,1,0.15,12750.0,2250.0
ORD004589,PROD0015,3,0.1,22950.0,7950.0
ORD004589,PROD0004,1,0.0,1200.0,550.0
ORD004590,PROD0003,1,0.0,105000.0,20000.0
ORD004591,PROD0021,1,0.15,1530.0,580.0
ORD004592,PROD0007,1,0.2,17600.0,2100.0
ORD004592,PROD0023,1,0.0,2500.0,1200.0
ORD004593,PROD0022,1,0.0,900.0,450.0
ORD004593,PROD0011,1,0.1,10800.0,3300.0
ORD004594,PROD0024,1,0.2,3360.0,1160.0
ORD004594,PROD0009,1,0.1,49500.0,7500.0
ORD004595,PROD0008,2,0.0,30000.0,9000.0
ORD004596,PROD0028,2,0.05,3420.0,1520.0
ORD004597,PROD0002,1,0.2,52000.0,1000.0
ORD004598,PROD0015,1,0.15,7225.0,2225.0
ORD004599,PROD0009,1,0.05,52250.0,10250.0
ORD004599,PROD0001,1,0.05,80750.0,12750.0
ORD004599,PROD0025,4,0.0,14000.0,6800.0
ORD004600,PROD0020,2,0.1,43200.0,9200.0
ORD004601,PROD0027,1,0.0,6500.0,2600.0
ORD004601,PROD0014,1,0.0,28000.0,9000.0
ORD004602,PROD0010,1,0.1,19800.0,3800.0
ORD004602,PROD0005,2,0.05,8550.0,3150.0
ORD004603,PROD0020,1,0.1,21600.0,4600.0
ORD004604,PROD0015,1,0.15,7225.0,2225.0
ORD004605,PROD0020,1,0.05,22800.0,5800.0
ORD004606,PROD0004,5,0.0,6000.0,2750.0
ORD004606,PROD0011,1,0.1,10800.0,3300.0
ORD004607,PROD0023,4,0.0,10000.0,4800.0
ORD004608,PROD0022,1,0.0,900.0,450.0
ORD004608,PROD0018,2,0.2,1040.0,380.0
ORD004609,PROD0018,2,0.1,1170.0,510.0
ORD004610,PROD0005,1,0.15,3825.0,1125.0
ORD004611,PROD0014,2,0.0,56000.0,18000.0
ORD004611,PROD0021,2,0.05,3420.0,1520.0
ORD004611,PROD0017,5,0.0,2250.0,1150.0
ORD004612,PROD0013,1,0.0,16000.0,6000.0
ORD004613,PROD0002,3,0.0,195000.0,42000.0
ORD004613,PROD0018,1,0.0,650.0,320.0
ORD004614,PROD0027,2,0.05,12350.0,4550.0
ORD004614,PROD0025,1,0.0,3500.0,1700.0
ORD004615,PROD0001,1,0.0,85000.0,17000.0
ORD004615,PROD0021,2,0.0,3600.0,1700.0
ORD004616,PROD0014,1,0.05,26600.0,7600.0
ORD004616,PROD0028,2,0.0,3600.0,1700.0
ORD004617,PROD0014,1,0.2,22400.0,3400.0
ORD004617,PROD0003,1,0.2,84000.0,-1000.0
ORD004618,PROD0002,2,0.05,123500.0,21500.0
ORD004619,PROD0027,2,0.2,10400.0,2600.0
ORD004620,PROD0011,4,0.15,40800.0,10800.0
ORD004621,PROD0002,1,0.1,58500.0,7500.0
ORD004622,PROD0028,2,0.2,2880.0,980.0
ORD004622,PROD0013,1,0.0,16000.0,6000.0
ORD004622,PROD0005,3,0.15,11475.0,3375.0
ORD004623,PROD0026,1,0.15,4675.0,1475.0
ORD004623,PROD0027,1,0.2,5200.0,1300.0
ORD004624,PROD0011,2,0.1,21600.0,6600.0
ORD004624,PROD0022,1,0.05,855.0,405.0
ORD004625,PROD0027,1,0.2,5200.0,1300.0
ORD004625,PROD0007,4,0.0,88000.0,26000.0
ORD004626,PROD0013,1,0.2,12800.0,2800.0
ORD004627,PROD0019,2,0.0,30000.0,9000.0
ORD004627,PROD0004,2,0.15,2040.0,740.0
ORD004627,PROD0002,2,0.2,104000.0,2000.0
ORD004628,PROD0028,1,0.0,1800.0,850.0
ORD004628,PROD0004,2,0.0,2400.0,1100.0
ORD004628,PROD0027,1,0.0,6500.0,2600.0
ORD004629,PROD0001,1,0.0,85000.0,17000.0
ORD004630,PROD0015,5,0.2,34000.0,9000.0
ORD004631,PROD0010,3,0.15,56100.0,8100.0
ORD004632,PROD0022,1,0.0,900.0,450.0
ORD004633,PROD0022,3,0.0,2700.0,1350.0
ORD004633,PROD0012,1,0.05,17100.0,6100.0
ORD004633,PROD0002,2,0.0,130000.0,28000.0
ORD004634,PROD0014,1,0.1,25200.0,6200.0
ORD004635,PROD0019,3,0.0,45000.0,13500.0
ORD004636,PROD0018,1,0.0,650.0,320.0
ORD004636,PROD0024,2,0.1,7560.0,3160.0
ORD004637,PROD0011,2,0.15,20400.0,5400.0
ORD004638,PROD0009,2,0.15,93500.0,9500.0
ORD004639,PROD0011,1,0.2,9600.0,2100.0
ORD004640,PROD0024,3,0.2,10080.0,3480.0
ORD004640,PROD0026,1,0.2,4400.0,1200.0
ORD004640,PROD0027,3,0.05,18525.0,6825.0
ORD004641,PROD0009,1,0.15,46750.0,4750.0
ORD004641,PROD0024,1,0.0,4200.0,2000.0
ORD004641,PROD0008,2,0.05,28500.0,7500.0
ORD004642,PROD0009,1,0.2,44000.0,2000.0
ORD004643,PROD0008,2,0.0,30000.0,9000.0
ORD004644,PROD0010,2,0.1,39600.0,7600.0
ORD004644,PROD0012,1,0.05,17100.0,6100.0
ORD004645,PROD0024,3,0.0,12600.0,6000.0
ORD004645,PROD0010,1,0.2,17600.0,1600.0
ORD004646,PROD0015,2,0.2,13600.0,3600.0
ORD004646,PROD0005,1,0.0,4500.0,1800.0
ORD004646,PROD0009,3,0.05,156750.0,30750.0
ORD004647,PROD0028,2,0.2,2880.0,980.0
ORD004648,PROD0022,2,0.0,1800.0,900.0
ORD004649,PROD0001,1,0.2,68000.0,0.0
ORD004649,PROD0014,2,0.0,56000.0,18000.0
ORD004650,PROD0020,2,0.1,43200.0,9200.0
ORD004651,PROD0006,2,0.0,4400.0,2000.0
ORD004652,PROD0008,1,0.0,15000.0,4500.0
ORD004652,PROD0003,1,0.0,105000.0,20000.0
ORD004653,PROD0014,1,0.0,28000.0,9000.0
ORD004654,PROD0016,4,0.2,22400.0,5600.0
ORD004654,PROD0025,2,0.0,7000.0,3400.0
ORD004654,PROD0002,1,0.0,65000.0,14000.0
ORD004655,PROD0021,1,0.1,1620.0,670.0
ORD004656,PROD0003,2,0.2,168000.0,-2000.0
ORD004656,PROD0012,1,0.0,18000.0,7000.0
ORD004657,PROD0022,5,0.05,4275.0,2025.0
ORD004658,PROD0004,2,0.2,1920.0,620.0
ORD004659,PROD0007,3,0.0,66000.0,19500.0
ORD004660,PROD0028,1,0.0,1800.0,850.0
ORD004661,PROD0001,1,0.15,72250.0,4250.0
ORD004662,PROD0024,1,0.0,4200.0,2000.0
ORD004663,PROD0010,1,0.05,20900.0,4900.0
ORD004663,PROD0008,1,0.2,12000.0,1500.0
ORD004664,PROD0009,1,0.0,55000.0,13000.0
ORD004664,PROD0028,2,0.0,3600.0,1700.0
ORD004665,PROD0024,1,0.0,4200.0,2000.0
ORD004665,PROD0027,2,0.2,10400.0,2600.0
ORD004665,PROD0004,1,0.05,1140.0,490.0
ORD004665,PROD0005,1,0.0,4500.0,1800.0
ORD004666,PROD0022,1,0.0,900.0,450.0
ORD004667,PROD0025,1,0.1,3150.0,1350.0
ORD004668,PROD0007,2,0.15,37400.0,6400.0
ORD004669,PROD0002,1,0.0,65000.0,14000.0
ORD004669,PROD0016,2,0.15,11900.0,3500.0
ORD004669,PROD0012,2,0.15,30600.0,8600.0
ORD004669,PROD0028,1,0.0,1800.0,850.0
ORD004670,PROD0007,1,0.05,20900.0,5400.0
ORD004671,PROD0009,2,0.2,88000.0,4000.0
ORD004672,PROD0007,1,0.05,20900.0,5400.0
ORD004672,PROD0005,1,0.2,3600.0,900.0
ORD004673,PROD0017,1,0.15,382.5,162.5
ORD004674,PROD0016,1,0.2,5600.0,1400.0
ORD004675,PROD0021,1,0.1,1620.0,670.0
ORD004675,PROD0008,1,0.15,12750.0,2250.0
ORD004676,PROD0023,4,0.0,10000.0,4800.0
ORD004677,PROD0020,3,0.0,72000.0,21000.0
ORD004677,PROD0014,1,0.2,22400.0,3400.0
ORD004678,PROD0017,1,0.0,450.0,230.0
ORD004679,PROD0028,2,0.1,3240.0,1340.0
ORD004680,PROD0008,5,0.0,75000.0,22500.0
ORD004681,PROD0023,3,0.0,7500.0,3600.0
ORD004682,PROD0013,3,0.15,40800.0,10800.0
ORD004683,PROD0004,3,0.0,3600.0,1650.0
ORD004683,PROD0014,1,0.1,25200.0,6200.0
ORD004684,PROD0011,1,0.0,12000.0,4500.0
ORD004684,PROD0006,1,0.2,1760.0,560.0
ORD004685,PROD0024,5,0.0,21000.0,10000.0
ORD004686,PROD0011,2,0.0,24000.0,9000.0
ORD004687,PROD0003,2,0.2,168000.0,-2000.0
ORD004687,PROD0021,1,0.2,1440.0,490.0
ORD004687,PROD0015,2,0.15,14450.0,4450.0
ORD004688,PROD0016,1,0.05,6650.0,2450.0
ORD004689,PROD0020,2,0.2,38400.0,4400.0
ORD004689,PROD0027,1,0.0,6500.0,2600.0
ORD004689,PROD0014,2,0.0,56000.0,18000.0
ORD004690,PROD0001,3,0.2,204000.0,0.0
ORD004691,PROD0016,1,0.0,7000.0,2800.0
ORD004692,PROD0025,1,0.2,2800.0,1000.0
ORD004692,PROD0019,3,0.15,38250.0,6750.0
ORD004693,PROD0028,2,0.0,3600.0,1700.0
ORD004693,PROD0015,1,0.0,8500.0,3500.0
ORD004693,PROD0002,4,0.0,260000.0,56000.0
ORD004694,PROD0021,1,0.15,1530.0,580.0
ORD004695,PROD0007,2,0.0,44000.0,13000.0
ORD004695,PROD0004,1,0.0,1200.0,550.0
ORD004696,PROD0027,1,0.15,5525.0,1625.0
ORD004696,PROD0013,2,0.15,27200.0,7200.0
ORD004696,PROD0020,2,0.2,38400.0,4400.0
ORD004697,PROD0023,4,0.05,9500.0,4300.0
ORD004697,PROD0028,1,0.2,1440.0,490.0
ORD004698,PROD0025,1,0.1,3150.0,1350.0
ORD004698,PROD0006,2,0.05,4180.0,1780.0
ORD004699,PROD0003,1,0.0,105000.0,20000.0
ORD004700,PROD0009,2,0.0,110000.0,26000.0
ORD004701,PROD0005,3,0.0,13500.0,5400.0
ORD004702,PROD0015,2,0.15,14450.0,4450.0
ORD004703,PROD0028,2,0.0,3600.0,1700.0
ORD004704,PROD0009,2,0.0,110000.0,26000.0
ORD004704,PROD0026,2,0.1,9900.0,3500.0
ORD004705,PROD0009,1,0.15,46750.0,4750.0
ORD004706,PROD0025,1,0.15,2975.0,1175.0
ORD004706,PROD0021,1,0.0,1800.0,850.0
ORD004707,PROD0001,4,0.15,289000.0,17000.0
ORD004707,PROD0019,3,0.2,36000.0,4500.0
ORD004708,PROD0022,1,0.0,900.0,450.0
ORD004709,PROD0008,2,0.05,28500.0,7500.0
ORD004710,PROD0001,2,0.0,170000.0,34000.0
ORD004711,PROD0004,3,0.0,3600.0,1650.0
ORD004712,PROD0021,3,0.2,4320.0,1470.0
ORD004713,PROD0007,1,0.1,19800.0,4300.0
ORD004714,PROD0005,5,0.05,21375.0,7875.0
ORD004715,PROD0004,1,0.2,960.0,310.0
ORD004716,PROD0014,2,0.2,44800.0,6800.0
ORD004716,PROD0003,1,0.05,99750.0,14750.0
ORD004717,PROD0026,4,0.15,18700.0,5900.0
ORD004717,PROD0001,1,0.15,72250.0,4250.0
ORD004718,PROD0009,5,0.2,220000.0,10000.0
ORD004719,PROD0006,1,0.0,2200.0,1000.0
ORD004720,PROD0013,2,0.05,30400.0,10400.0
ORD004721,PROD0028,2,0.2,2880.0,980.0
ORD004722,PROD0013,2,0.0,32000.0,12000.0
ORD004722,PROD0012,2,0.1,32400.0,10400.0
ORD004723,PROD0016,1,0.0,7000.0,2800.0
ORD004723,PROD0010,1,0.05,20900.0,4900.0
ORD004724,PROD0020,1,0.2,19200.0,2200.0
ORD004725,PROD0005,1,0.1,4050.0,1350.0
ORD004725,PROD0008,2,0.2,24000.0,3000.0
ORD004726,PROD0023,1,0.0,2500.0,1200.0
ORD004727,PROD0021,3,0.2,4320.0,1470.0
ORD004727,PROD0001,1,0.05,80750.0,12750.0
ORD004728,PROD0011,3,0.05,34200.0,11700.0
ORD004728,PROD0008,1,0.2,12000.0,1500.0
ORD004728,PROD0028,2,0.0,3600.0,1700.0
ORD004729,PROD0028,1,0.1,1620.0,670.0
ORD004730,PROD0016,1,0.15,5950.0,1750.0
ORD004730,PROD0023,3,0.05,7125.0,3225.0
ORD004731,PROD0007,1,0.1,19800.0,4300.0
ORD004732,PROD0013,1,0.0,16000.0,6000.0
ORD004732,PROD0004,1,0.2,960.0,310.0
ORD004733,PROD0014,1,0.1,25200.0,6200.0
ORD004733,PROD0013,1,0.05,15200.0,5200.0
ORD004734,PROD0015,1,0.0,8500.0,3500.0
ORD004734,PROD0002,1,0.0,65000.0,14000.0
ORD004735,PROD0027,2,0.2,10400.0,2600.0
ORD004736,PROD0015,1,0.0,8500.0,3500.0
ORD004736,PROD0020,1,0.1,21600.0,4600.0
ORD004737,PROD0014,4,0.05,106400.0,30400.0
ORD004737,PROD0015,2,0.1,15300.0,5300.0
ORD004737,PROD0002,1,0.1,58500.0,7500.0
ORD004737,PROD0019,1,0.0,15000.0,4500.0
ORD004738,PROD0005,4,0.0,18000.0,7200.0
ORD004738,PROD0020,1,0.15,20400.0,3400.0
ORD004738,PROD0028,2,0.1,3240.0,1340.0
ORD004739,PROD0023,1,0.2,2000.0,700.0
ORD004740,PROD0017,1,0.0,450.0,230.0
ORD004740,PROD0005,1,0.1,4050.0,1350.0
ORD004741,PROD0017,2,0.1,810.0,370.0
ORD004742,PROD0006,5,0.1,9900.0,3900.0
ORD004742,PROD0015,1,0.15,7225.0,2225.0
ORD004743,PROD0028,2,0.0,3600.0,1700.0
ORD004744,PROD0015,3,0.0,25500.0,10500.0
ORD004744,PROD0003,1,0.0,105000.0,20000.0
ORD004745,PROD0012,1,0.0,18000.0,7000.0
ORD004745,PROD0001,3,0.2,204000.0,0.0
ORD004746,PROD0013,1,0.15,13600.0,3600.0
ORD004746,PROD0015,1,0.2,6800.0,1800.0
ORD004746,PROD0028,1,0.05,1710.0,760.0
ORD004747,PROD0017,1,0.1,405.0,185.0
ORD004747,PROD0003,1,0.1,94500.0,9500.0
ORD004748,PROD0010,2,0.05,41800.0,9800.0
ORD004749,PROD0020,2,0.2,38400.0,4400.0
ORD004750,PROD0027,2,0.05,12350.0,4550.0
ORD004750,PROD0004,1,0.2,960.0,310.0
ORD004751,PROD0019,1,0.15,12750.0,2250.0
ORD004752,PROD0026,2,0.15,9350.0,2950.0
ORD004753,PROD0019,1,0.0,15000.0,4500.0
ORD004754,PROD0018,1,0.0,650.0,320.0
ORD004755,PROD0021,3,0.0,5400.0,2550.0
ORD004756,PROD0017,2,0.15,765.0,325.0
ORD004757,PROD0026,2,0.0,11000.0,4600.0
ORD004758,PROD0015,2,0.0,17000.0,7000.0
ORD004759,PROD0010,1,0.0,22000.0,6000.0
ORD004760,PROD0012,2,0.1,32400.0,10400.0
ORD004761,PROD0004,2,0.0,2400.0,1100.0
ORD004762,PROD0005,2,0.0,9000.0,3600.0
ORD004762,PROD0016,5,0.15,29750.0,8750.0
ORD004763,PROD0003,4,0.0,420000.0,80000.0
ORD004763,PROD0020,1,0.2,19200.0,2200.0
ORD004764,PROD0002,1,0.1,58500.0,7500.0
ORD004765,PROD0014,1,0.05,26600.0,7600.0
ORD004765,PROD0022,3,0.1,2430.0,1080.0
ORD004766,PROD0027,1,0.2,5200.0,1300.0
ORD004767,PROD0021,1,0.15,1530.0,580.0
ORD004768,PROD0004,1,0.05,1140.0,490.0
ORD004769,PROD0027,1,0.0,6500.0,2600.0
ORD004769,PROD0020,1,0.2,19200.0,2200.0
ORD004770,PROD0018,4,0.0,2600.0,1280.0
ORD004771,PROD0024,2,0.0,8400.0,4000.0
ORD004771,PROD0012,5,0.0,90000.0,35000.0
ORD004772,PROD0021,1,0.15,1530.0,580.0
ORD004773,PROD0023,2,0.0,5000.0,2400.0
ORD004773,PROD0011,1,0.0,12000.0,4500.0
ORD004774,PROD0002,1,0.0,65000.0,14000.0
ORD004775,PROD0026,1,0.05,5225.0,2025.0
ORD004776,PROD0012,2,0.1,32400.0,10400.0
ORD004777,PROD0025,1,0.0,3500.0,1700.0
ORD004778,PROD0021,1,0.15,1530.0,580.0
ORD004778,PROD0015,4,0.1,30600.0,10600.0
ORD004779,PROD0027,1,0.1,5850.0,1950.0
ORD004780,PROD0006,2,0.0,4400.0,2000.0
ORD004780,PROD0012,1,0.0,18000.0,7000.0
ORD004780,PROD0003,3,0.2,252000.0,-3000.0
ORD004781,PROD0007,1,0.1,19800.0,4300.0
ORD004782,PROD0005,3,0.05,12825.0,4725.0
ORD004782,PROD0015,2,0.05,16150.0,6150.0
ORD004783,PROD0011,2,0.2,19200.0,4200.0
ORD004784,PROD0014,1,0.1,25200.0,6200.0
ORD004784,PROD0017,2,0.0,900.0,460.0
ORD004785,PROD0009,2,0.0,110000.0,26000.0
ORD004785,PROD0007,1,0.0,22000.0,6500.0
ORD004786,PROD0017,2,0.0,900.0,460.0
ORD004787,PROD0021,3,0.05,5130.0,2280.0
ORD004788,PROD0009,2,0.15,93500.0,9500.0
ORD004789,PROD0028,2,0.2,2880.0,980.0
ORD004789,PROD0004,3,0.0,3600.0,1650.0
ORD004789,PROD0007,3,0.0,66000.0,19500.0
ORD004790,PROD0007,1,0.0,22000.0,6500.0
ORD004791,PROD0007,2,0.0,44000.0,13000.0
ORD004792,PROD0011,3,0.2,28800.0,6300.0
ORD004793,PROD0022,5,0.0,4500.0,2250.0
ORD004794,PROD0008,1,0.0,15000.0,4500.0
ORD004795,PROD0007,2,0.2,35200.0,4200.0
ORD004796,PROD0026,3,0.0,16500.0,6900.0
ORD004796,PROD0019,4,0.0,60000.0,18000.0
ORD004797,PROD0016,3,0.0,21000.0,8400.0
ORD004797,PROD0007,1,0.05,20900.0,5400.0
ORD004798,PROD0028,1,0.0,1800.0,850.0
ORD004798,PROD0023,2,0.0,5000.0,2400.0
ORD004799,PROD0010,2,0.0,44000.0,12000.0
ORD004799,PROD0026,1,0.2,4400.0,1200.0
ORD004799,PROD0017,2,0.0,900.0,460.0
ORD004799,PROD0006,1,0.0,2200.0,1000.0
ORD004800,PROD0012,1,0.15,15300.0,4300.0
ORD004801,PROD0007,3,0.15,56100.0,9600.0
ORD004802,PROD0025,1,0.2,2800.0,1000.0
ORD004803,PROD0021,1,0.1,1620.0,670.0
ORD004804,PROD0024,1,0.0,4200.0,2000.0
ORD004804,PROD0007,1,0.1,19800.0,4300.0
ORD004804,PROD0013,1,0.15,13600.0,3600.0
ORD004805,PROD0005,2,0.15,7650.0,2250.0
ORD004806,PROD0014,1,0.0,28000.0,9000.0
ORD004806,PROD0015,1,0.0,8500.0,3500.0
ORD004807,PROD0005,2,0.05,8550.0,3150.0
ORD004808,PROD0025,3,0.2,8400.0,3000.0
ORD004808,PROD0007,1,0.2,17600.0,2100.0
ORD004809,PROD0015,1,0.0,8500.0,3500.0
ORD004810,PROD0028,1,0.15,1530.0,580.0
ORD004810,PROD0023,2,0.0,5000.0,2400.0
ORD004811,PROD0003,5,0.1,472500.0,47500.0
ORD004811,PROD0008,2,0.05,28500.0,7500.0
ORD004812,PROD0001,3,0.15,216750.0,12750.0
ORD004813,PROD0011,1,0.1,10800.0,3300.0
ORD004813,PROD0008,2,0.0,30000.0,9000.0
ORD004813,PROD0017,2,0.15,765.0,325.0
ORD004813,PROD0006,1,0.2,1760.0,560.0
ORD004814,PROD0022,2,0.2,1440.0,540.0
ORD004814,PROD0028,3,0.05,5130.0,2280.0
ORD004815,PROD0012,1,0.15,15300.0,4300.0
ORD004815,PROD0028,1,0.2,1440.0,490.0
ORD004816,PROD0026,1,0.0,5500.0,2300.0
ORD004817,PROD0011,4,0.0,48000.0,18000.0
ORD004818,PROD0005,4,0.15,15300.0,4500.0
ORD004818,PROD0001,1,0.0,85000.0,17000.0
ORD004818,PROD0018,2,0.2,1040.0,380.0
ORD004819,PROD0009,2,0.0,110000.0,26000.0
ORD004820,PROD0022,1,0.0,900.0,450.0
ORD004820,PROD0024,1,0.05,3990.0,1790.0
ORD004821,PROD0022,3,0.05,2565.0,1215.0
ORD004822,PROD0024,1,0.1,3780.0,1580.0
ORD004823,PROD0007,2,0.0,44000.0,13000.0
ORD004823,PROD0020,1,0.05,22800.0,5800.0
ORD004824,PROD0017,1,0.0,450.0,230.0
ORD004824,PROD0007,2,0.0,44000.0,13000.0
ORD004825,PROD0019,1,0.15,12750.0,2250.0
ORD004826,PROD0010,2,0.05,41800.0,9800.0
ORD004827,PROD0023,1,0.2,2000.0,700.0
ORD004828,PROD0002,1,0.15,55250.0,4250.0
ORD004829,PROD0001,1,0.1,76500.0,8500.0
ORD004830,PROD0021,2,0.0,3600.0,1700.0
ORD004831,PROD0002,2,0.05,123500.0,21500.0
ORD004832,PROD0003,1,0.0,105000.0,20000.0
ORD004832,PROD0005,1,0.1,4050.0,1350.0
ORD004833,PROD0022,3,0.15,2295.0,945.0
ORD004833,PROD0026,4,0.1,19800.0,7000.0
ORD004834,PROD0025,2,0.1,6300.0,2700.0
ORD004834,PROD0017,1,0.0,450.0,230.0
ORD004834,PROD0013,1,0.0,16000.0,6000.0
ORD004835,PROD0006,2,0.0,4400.0,2000.0
ORD004835,PROD0007,1,0.05,20900.0,5400.0
ORD004836,PROD0017,2,0.1,810.0,370.0
ORD004837,PROD0010,2,0.0,44000.0,12000.0
ORD004837,PROD0009,1,0.2,44000.0,2000.0
ORD004838,PROD0025,1,0.0,3500.0,1700.0
ORD004839,PROD0028,2,0.15,3060.0,1160.0
ORD004840,PROD0016,3,0.0,21000.0,8400.0
ORD004841,PROD0026,4,0.15,18700.0,5900.0
ORD004841,PROD0008,2,0.15,25500.0,4500.0
ORD004841,PROD0025,4,0.0,14000.0,6800.0
ORD004842,PROD0008,3,0.15,38250.0,6750.0
ORD004842,PROD0017,1,0.2,360.0,140.0
ORD004843,PROD0016,4,0.0,28000.0,11200.0
ORD004843,PROD0019,4,0.05,57000.0,15000.0
ORD004844,PROD0026,1,0.0,5500.0,2300.0
ORD004845,PROD0018,4,0.0,2600.0,1280.0
ORD004845,PROD0025,3,0.2,8400.0,3000.0
ORD004846,PROD0009,1,0.0,55000.0,13000.0
ORD004846,PROD0015,2,0.15,14450.0,4450.0
ORD004847,PROD0004,1,0.15,1020.0,370.0
ORD004847,PROD0006,1,0.05,2090.0,890.0
ORD004847,PROD0013,1,0.0,16000.0,6000.0
ORD004848,PROD0007,1,0.0,22000.0,6500.0
ORD004849,PROD0004,1,0.2,960.0,310.0
ORD004850,PROD0006,2,0.2,3520.0,1120.0
ORD004851,PROD0028,1,0.1,1620.0,670.0
ORD004852,PROD0028,1,0.1,1620.0,670.0
ORD004852,PROD0003,3,0.0,315000.0,60000.0
ORD004853,PROD0001,3,0.0,255000.0,51000.0
ORD004854,PROD0005,3,0.0,13500.0,5400.0
ORD004855,PROD0003,1,0.1,94500.0,9500.0
ORD004855,PROD0018,1,0.0,650.0,320.0
ORD004855,PROD0019,4,0.0,60000.0,18000.0
ORD004856,PROD0027,2,0.0,13000.0,5200.0
ORD004856,PROD0003,2,0.0,210000.0,40000.0
ORD004856,PROD0015,1,0.2,6800.0,1800.0
ORD004856,PROD0020,2,0.0,48000.0,14000.0
ORD004857,PROD0021,1,0.0,1800.0,850.0
ORD004858,PROD0002,1,0.1,58500.0,7500.0
ORD004858,PROD0006,2,0.1,3960.0,1560.0
ORD004859,PROD0003,1,0.0,105000.0,20000.0
ORD004859,PROD0027,3,0.2,15600.0,3900.0
ORD004859,PROD0020,1,0.1,21600.0,4600.0
ORD004860,PROD0028,2,0.2,2880.0,980.0
ORD004861,PROD0015,1,0.05,8075.0,3075.0
ORD004862,PROD0021,2,0.0,3600.0,1700.0
ORD004863,PROD0023,2,0.1,4500.0,1900.0
ORD004864,PROD0024,3,0.0,12600.0,6000.0
ORD004865,PROD0012,1,0.0,18000.0,7000.0
ORD004865,PROD0008,1,0.0,15000.0,4500.0
ORD004866,PROD0023,1,0.0,2500.0,1200.0
ORD004866,PROD0006,1,0.2,1760.0,560.0
ORD004866,PROD0014,3,0.0,84000.0,27000.0
ORD004867,PROD0004,1,0.0,1200.0,550.0
ORD004868,PROD0012,3,0.0,54000.0,21000.0
ORD004868,PROD0022,1,0.0,900.0,450.0
ORD004868,PROD0003,2,0.0,210000.0,40000.0
ORD004869,PROD0015,1,0.2,6800.0,1800.0
ORD004869,PROD0007,4,0.2,70400.0,8400.0
ORD004870,PROD0026,4,0.05,20900.0,8100.0
ORD004870,PROD0005,1,0.15,3825.0,1125.0
ORD004870,PROD0010,3,0.0,66000.0,18000.0
ORD004871,PROD0022,1,0.0,900.0,450.0
ORD004871,PROD0014,1,0.0,28000.0,9000.0
ORD004872,PROD0013,1,0.1,14400.0,4400.0
ORD004873,PROD0012,1,0.1,16200.0,5200.0
ORD004873,PROD0016,1,0.0,7000.0,2800.0
ORD004873,PROD0009,3,0.0,165000.0,39000.0
ORD004874,PROD0001,2,0.0,170000.0,34000.0
ORD004874,PROD0026,1,0.15,4675.0,1475.0
ORD004875,PROD0012,1,0.15,15300.0,4300.0
ORD004876,PROD0017,1,0.0,450.0,230.0
ORD004877,PROD0012,1,0.2,14400.0,3400.0
ORD004878,PROD0008,1,0.15,12750.0,2250.0
ORD004878,PROD0019,3,0.0,45000.0,13500.0
ORD004879,PROD0012,2,0.15,30600.0,8600.0
ORD004879,PROD0017,4,0.05,1710.0,830.0
ORD004879,PROD0023,3,0.0,7500.0,3600.0
ORD004880,PROD0002,1,0.2,52000.0,1000.0
ORD004880,PROD0004,2,0.1,2160.0,860.0
ORD004881,PROD0007,1,0.0,22000.0,6500.0
ORD004882,PROD0012,1,0.1,16200.0,5200.0
ORD004883,PROD0020,1,0.15,20400.0,3400.0
ORD004884,PROD0020,1,0.05,22800.0,5800.0
ORD004885,PROD0002,4,0.0,260000.0,56000.0
ORD004885,PROD0015,3,0.15,21675.0,6675.0
ORD004886,PROD0006,3,0.05,6270.0,2670.0
ORD004886,PROD0013,1,0.0,16000.0,6000.0
ORD004887,PROD0009,1,0.05,52250.0,10250.0
ORD004887,PROD0013,2,0.15,27200.0,7200.0
ORD004888,PROD0021,3,0.15,4590.0,1740.0
ORD004889,PROD0007,2,0.0,44000.0,13000.0
ORD004889,PROD0024,1,0.15,3570.0,1370.0
ORD004889,PROD0020,3,0.1,64800.0,13800.0
ORD004890,PROD0021,2,0.0,3600.0,1700.0
ORD004890,PROD0016,1,0.0,7000.0,2800.0
ORD004891,PROD0018,4,0.0,2600.0,1280.0
ORD004892,PROD0027,2,0.0,13000.0,5200.0
ORD004892,PROD0008,1,0.05,14250.0,3750.0
ORD004892,PROD0013,1,0.0,16000.0,6000.0
ORD004893,PROD0010,2,0.15,37400.0,5400.0
ORD004894,PROD0028,1,0.1,1620.0,670.0
ORD004894,PROD0024,4,0.0,16800.0,8000.0
ORD004894,PROD0016,1,0.0,7000.0,2800.0
ORD004895,PROD0012,4,0.0,72000.0,28000.0
ORD004895,PROD0019,1,0.15,12750.0,2250.0
ORD004895,PROD0001,2,0.0,170000.0,34000.0
ORD004896,PROD0024,1,0.0,4200.0,2000.0
ORD004896,PROD0019,1,0.0,15000.0,4500.0
ORD004896,PROD0012,1,0.05,17100.0,6100.0
ORD004896,PROD0010,2,0.1,39600.0,7600.0
ORD004897,PROD0014,2,0.0,56000.0,18000.0
ORD004898,PROD0020,1,0.0,24000.0,7000.0
ORD004898,PROD0001,1,0.0,85000.0,17000.0
ORD004898,PROD0019,2,0.0,30000.0,9000.0
ORD004899,PROD0014,2,0.05,53200.0,15200.0
ORD004900,PROD0027,1,0.0,6500.0,2600.0
ORD004901,PROD0004,1,0.2,960.0,310.0
ORD004902,PROD0006,1,0.0,2200.0,1000.0
ORD004903,PROD0007,2,0.0,44000.0,13000.0
ORD004904,PROD0024,1,0.05,3990.0,1790.0
ORD004905,PROD0006,1,0.1,1980.0,780.0
ORD004906,PROD0003,1,0.0,105000.0,20000.0
ORD004907,PROD0004,1,0.05,1140.0,490.0
ORD004907,PROD0013,2,0.0,32000.0,12000.0
ORD004908,PROD0009,1,0.0,55000.0,13000.0
ORD004908,PROD0018,1,0.1,585.0,255.0
ORD004909,PROD0025,3,0.15,8925.0,3525.0
ORD004910,PROD0021,3,0.0,5400.0,2550.0
ORD004911,PROD0025,1,0.1,3150.0,1350.0
ORD004911,PROD0018,1,0.15,552.5,222.5
ORD004912,PROD0014,1,0.2,22400.0,3400.0
ORD004912,PROD0004,4,0.0,4800.0,2200.0
ORD004912,PROD0005,1,0.15,3825.0,1125.0
ORD004912,PROD0026,1,0.05,5225.0,2025.0
ORD004913,PROD0015,2,0.0,17000.0,7000.0
ORD004914,PROD0011,3,0.1,32400.0,9900.0
ORD004915,PROD0012,1,0.15,15300.0,4300.0
ORD004916,PROD0028,5,0.0,9000.0,4250.0
ORD004917,PROD0027,4,0.1,23400.0,7800.0
ORD004918,PROD0012,3,0.1,48600.0,15600.0
ORD004918,PROD0015,2,0.0,17000.0,7000.0
ORD004919,PROD0004,1,0.1,1080.0,430.0
ORD004920,PROD0011,2,0.0,24000.0,9000.0
ORD004921,PROD0017,2,0.0,900.0,460.0
ORD004922,PROD0011,1,0.0,12000.0,4500.0
ORD004923,PROD0022,3,0.1,2430.0,1080.0
ORD004924,PROD0011,2,0.1,21600.0,6600.0
ORD004924,PROD0027,2,0.0,13000.0,5200.0
ORD004925,PROD0019,1,0.2,12000.0,1500.0
ORD004925,PROD0026,1,0.1,4950.0,1750.0
ORD004925,PROD0028,3,0.2,4320.0,1470.0
ORD004926,PROD0002,3,0.0,195000.0,42000.0
ORD004926,PROD0028,1,0.05,1710.0,760.0
ORD004927,PROD0001,2,0.1,153000.0,17000.0
ORD004928,PROD0002,1,0.1,58500.0,7500.0
ORD004929,PROD0004,2,0.15,2040.0,740.0
ORD004930,PROD0026,1,0.0,5500.0,2300.0
ORD004931,PROD0028,2,0.15,3060.0,1160.0
ORD004931,PROD0003,1,0.0,105000.0,20000.0
ORD004932,PROD0028,1,0.0,1800.0,850.0
ORD004933,PROD0002,1,0.05,61750.0,10750.0
ORD004933,PROD0020,1,0.2,19200.0,2200.0
ORD004934,PROD0023,1,0.2,2000.0,700.0
ORD004935,PROD0004,3,0.0,3600.0,1650.0
ORD004936,PROD0026,1,0.0,5500.0,2300.0
ORD004937,PROD0010,1,0.15,18700.0,2700.0
ORD004937,PROD0008,4,0.0,60000.0,18000.0
ORD004938,PROD0012,1,0.1,16200.0,5200.0
ORD004938,PROD0014,1,0.05,26600.0,7600.0
ORD004939,PROD0019,1,0.05,14250.0,3750.0
ORD004939,PROD0013,1,0.15,13600.0,3600.0
ORD004940,PROD0006,4,0.0,8800.0,4000.0
ORD004941,PROD0002,1,0.2,52000.0,1000.0
ORD004942,PROD0003,2,0.0,210000.0,40000.0
ORD004942,PROD0019,1,0.05,14250.0,3750.0
ORD004943,PROD0022,4,0.0,3600.0,1800.0
ORD004943,PROD0026,1,0.0,5500.0,2300.0
ORD004944,PROD0001,3,0.05,242250.0,38250.0
ORD004945,PROD0028,1,0.1,1620.0,670.0
ORD004946,PROD0015,3,0.1,22950.0,7950.0
ORD004946,PROD0013,1,0.15,13600.0,3600.0
ORD004947,PROD0002,3,0.15,165750.0,12750.0
ORD004947,PROD0012,1,0.0,18000.0,7000.0
ORD004948,PROD0001,1,0.0,85000.0,17000.0
ORD004949,PROD0008,1,0.0,15000.0,4500.0
ORD004950,PROD0024,2,0.05,7980.0,3580.0
ORD004951,PROD0002,1,0.0,65000.0,14000.0
ORD004952,PROD0009,1,0.0,55000.0,13000.0
ORD004953,PROD0028,2,0.15,3060.0,1160.0
ORD004954,PROD0014,2,0.0,56000.0,18000.0
ORD004955,PROD0003,1,0.0,105000.0,20000.0
ORD004956,PROD0006,1,0.0,2200.0,1000.0
ORD004957,PROD0018,1,0.2,520.0,190.0
ORD004958,PROD0024,1,0.0,4200.0,2000.0
ORD004958,PROD0012,3,0.0,54000.0,21000.0
ORD004959,PROD0026,1,0.0,5500.0,2300.0
ORD004959,PROD0014,1,0.0,28000.0,9000.0
ORD004959,PROD0028,2,0.1,3240.0,1340.0
ORD004960,PROD0019,1,0.05,14250.0,3750.0
ORD004961,PROD0021,2,0.0,3600.0,1700.0
ORD004962,PROD0021,1,0.1,1620.0,670.0
ORD004963,PROD0018,1,0.0,650.0,320.0
ORD004964,PROD0022,1,0.1,810.0,360.0
ORD004965,PROD0004,1,0.05,1140.0,490.0
ORD004965,PROD0013,1,0.1,14400.0,4400.0
ORD004966,PROD0022,3,0.1,2430.0,1080.0
ORD004966,PROD0026,2,0.0,11000.0,4600.0
ORD004966,PROD0009,2,0.15,93500.0,9500.0
ORD004967,PROD0010,4,0.2,70400.0,6400.0
ORD004968,PROD0018,2,0.05,1235.0,575.0
ORD004968,PROD0017,1,0.0,450.0,230.0
ORD004969,PROD0013,1,0.2,12800.0,2800.0
ORD004970,PROD0007,2,0.05,41800.0,10800.0
ORD004971,PROD0003,2,0.15,178500.0,8500.0
ORD004971,PROD0009,1,0.0,55000.0,13000.0
ORD004972,PROD0005,2,0.1,8100.0,2700.0
ORD004973,PROD0017,5,0.0,2250.0,1150.0
ORD004973,PROD0024,1,0.15,3570.0,1370.0
ORD004974,PROD0025,3,0.1,9450.0,4050.0
ORD004975,PROD0008,2,0.15,25500.0,4500.0
ORD004975,PROD0009,1,0.0,55000.0,13000.0
ORD004976,PROD0009,2,0.15,93500.0,9500.0
ORD004977,PROD0018,2,0.05,1235.0,575.0
ORD004978,PROD0004,3,0.15,3060.0,1110.0
ORD004978,PROD0007,1,0.0,22000.0,6500.0
ORD004979,PROD0006,3,0.2,5280.0,1680.0
ORD004979,PROD0021,2,0.1,3240.0,1340.0
ORD004979,PROD0016,1,0.0,7000.0,2800.0
ORD004980,PROD0022,1,0.1,810.0,360.0
ORD004980,PROD0019,1,0.0,15000.0,4500.0
ORD004980,PROD0006,4,0.0,8800.0,4000.0
ORD004981,PROD0016,1,0.0,7000.0,2800.0
ORD004982,PROD0008,1,0.15,12750.0,2250.0
ORD004982,PROD0017,1,0.1,405.0,185.0
ORD004983,PROD0001,1,0.05,80750.0,12750.0
ORD004984,PROD0001,1,0.05,80750.0,12750.0
ORD004985,PROD0022,1,0.0,900.0,450.0
ORD004985,PROD0009,1,0.0,55000.0,13000.0
ORD004985,PROD0017,1,0.0,450.0,230.0
ORD004986,PROD0018,1,0.1,585.0,255.0
ORD004987,PROD0008,1,0.15,12750.0,2250.0
ORD004988,PROD0021,1,0.15,1530.0,580.0
ORD004989,PROD0025,2,0.0,7000.0,3400.0
ORD004989,PROD0002,4,0.2,208000.0,4000.0
ORD004990,PROD0015,2,0.1,15300.0,5300.0
ORD004991,PROD0014,2,0.0,56000.0,18000.0
ORD004992,PROD0008,2,0.1,27000.0,6000.0
ORD004992,PROD0027,1,0.0,6500.0,2600.0
ORD004993,PROD0025,1,0.05,3325.0,1525.0
ORD004994,PROD0010,3,0.05,62700.0,14700.0
ORD004995,PROD0022,1,0.05,855.0,405.0
ORD004996,PROD0022,2,0.2,1440.0,540.0
ORD004996,PROD0027,1,0.0,6500.0,2600.0
ORD004997,PROD0013,2,0.0,32000.0,12000.0
ORD004997,PROD0016,2,0.0,14000.0,5600.0
ORD004998,PROD0002,5,0.0,325000.0,70000.0
ORD004999,PROD0003,1,0.0,105000.0,20000.0
ORD004999,PROD0028,1,0.05,1710.0,760.0
ORD005000,PROD0028,1,0.1,1620.0,670.0
ORD005001,PROD0014,1,0.1,25200.0,6200.0
ORD005002,PROD0017,1,0.0,450.0,230.0
ORD005003,PROD0015,1,0.1,7650.0,2650.0
ORD005004,PROD0003,1,0.0,105000.0,20000.0
ORD005005,PROD0005,1,0.05,4275.0,1575.0
ORD005005,PROD0026,1,0.05,5225.0,2025.0
ORD005006,PROD0007,1,0.0,22000.0,6500.0
ORD005006,PROD0020,2,0.05,45600.0,11600.0
ORD005006,PROD0021,2,0.2,2880.0,980.0
ORD005006,PROD0022,2,0.05,1710.0,810.0
ORD005007,PROD0016,1,0.15,5950.0,1750.0
ORD005008,PROD0018,1,0.0,650.0,320.0
ORD005009,PROD0014,1,0.0,28000.0,9000.0
ORD005009,PROD0013,1,0.2,12800.0,2800.0
ORD005009,PROD0023,3,0.05,7125.0,3225.0
ORD005010,PROD0028,1,0.0,1800.0,850.0
ORD005010,PROD0017,1,0.05,427.5,207.5
ORD005011,PROD0016,3,0.0,21000.0,8400.0
ORD005012,PROD0023,1,0.0,2500.0,1200.0
ORD005012,PROD0020,1,0.05,22800.0,5800.0
ORD005013,PROD0022,4,0.1,3240.0,1440.0
ORD005014,PROD0007,1,0.1,19800.0,4300.0
ORD005014,PROD0015,3,0.0,25500.0,10500.0
ORD005014,PROD0010,2,0.05,41800.0,9800.0
ORD005015,PROD0005,1,0.0,4500.0,1800.0
ORD005016,PROD0012,3,0.05,51300.0,18300.0
ORD005017,PROD0002,1,0.05,61750.0,10750.0
ORD005018,PROD0006,1,0.1,1980.0,780.0
ORD005018,PROD0020,2,0.0,48000.0,14000.0
ORD005019,PROD0025,1,0.0,3500.0,1700.0
ORD005019,PROD0004,1,0.05,1140.0,490.0
ORD005019,PROD0024,1,0.0,4200.0,2000.0
ORD005020,PROD0001,3,0.1,229500.0,25500.0
ORD005020,PROD0008,5,0.15,63750.0,11250.0
ORD005021,PROD0010,1,0.15,18700.0,2700.0
ORD005021,PROD0007,1,0.1,19800.0,4300.0
ORD005021,PROD0016,3,0.1,18900.0,6300.0
ORD005022,PROD0017,1,0.2,360.0,140.0
ORD005022,PROD0024,1,0.1,3780.0,1580.0
ORD005022,PROD0013,1,0.2,12800.0,2800.0
ORD005023,PROD0027,2,0.0,13000.0,5200.0
ORD005024,PROD0028,1,0.2,1440.0,490.0
ORD005024,PROD0024,1,0.0,4200.0,2000.0
ORD005024,PROD0017,1,0.1,405.0,185.0
ORD005025,PROD0006,2,0.2,3520.0,1120.0
ORD005026,PROD0010,1,0.0,22000.0,6000.0
ORD005027,PROD0013,1,0.0,16000.0,6000.0
ORD005028,PROD0016,1,0.05,6650.0,2450.0
ORD005029,PROD0005,2,0.0,9000.0,3600.0
ORD005030,PROD0022,2,0.2,1440.0,540.0
ORD005030,PROD0016,1,0.0,7000.0,2800.0
ORD005031,PROD0028,3,0.0,5400.0,2550.0
ORD005032,PROD0017,2,0.2,720.0,280.0
ORD005033,PROD0010,2,0.0,44000.0,12000.0
ORD005033,PROD0004,2,0.15,2040.0,740.0
ORD005033,PROD0002,1,0.05,61750.0,10750.0
ORD005034,PROD0014,2,0.0,56000.0,18000.0
ORD005034,PROD0026,2,0.0,11000.0,4600.0
ORD005035,PROD0015,2,0.0,17000.0,7000.0
ORD005035,PROD0013,1,0.0,16000.0,6000.0
ORD005035,PROD0001,1,0.05,80750.0,12750.0
ORD005035,PROD0026,2,0.0,11000.0,4600.0
ORD005036,PROD0010,1,0.2,17600.0,1600.0
ORD005037,PROD0027,3,0.05,18525.0,6825.0
ORD005037,PROD0013,1,0.0,16000.0,6000.0
ORD005038,PROD0012,1,0.0,18000.0,7000.0
ORD005038,PROD0009,1,0.0,55000.0,13000.0
ORD005039,PROD0006,1,0.0,2200.0,1000.0
ORD005040,PROD0028,1,0.0,1800.0,850.0
ORD005041,PROD0010,2,0.05,41800.0,9800.0
ORD005041,PROD0020,2,0.05,45600.0,11600.0
ORD005042,PROD0018,2,0.15,1105.0,445.0
ORD005042,PROD0023,3,0.0,7500.0,3600.0
ORD005043,PROD0025,1,0.1,3150.0,1350.0
ORD005044,PROD0004,1,0.0,1200.0,550.0
ORD005045,PROD0008,4,0.1,54000.0,12000.0
ORD005046,PROD0011,1,0.2,9600.0,2100.0
ORD005047,PROD0004,3,0.2,2880.0,930.0
ORD005047,PROD0019,1,0.0,15000.0,4500.0
ORD005048,PROD0006,3,0.0,6600.0,3000.0
ORD005048,PROD0021,3,0.1,4860.0,2010.0
ORD005048,PROD0024,2,0.0,8400.0,4000.0
ORD005049,PROD0003,2,0.0,210000.0,40000.0
ORD005050,PROD0009,2,0.0,110000.0,26000.0
ORD005050,PROD0028,3,0.1,4860.0,2010.0
ORD005051,PROD0001,1,0.0,85000.0,17000.0
ORD005051,PROD0002,1,0.2,52000.0,1000.0
ORD005052,PROD0025,1,0.0,3500.0,1700.0
ORD005052,PROD0018,1,0.15,552.5,222.5
ORD005052,PROD0016,1,0.05,6650.0,2450.0
ORD005053,PROD0028,1,0.0,1800.0,850.0
ORD005054,PROD0003,2,0.0,210000.0,40000.0
ORD005055,PROD0026,1,0.0,5500.0,2300.0
ORD005056,PROD0016,1,0.05,6650.0,2450.0
ORD005057,PROD0020,2,0.15,40800.0,6800.0
ORD005057,PROD0012,1,0.0,18000.0,7000.0
ORD005057,PROD0026,2,0.0,11000.0,4600.0
ORD005057,PROD0019,1,0.1,13500.0,3000.0
ORD005058,PROD0007,1,0.1,19800.0,4300.0
ORD005059,PROD0011,1,0.05,11400.0,3900.0
ORD005060,PROD0004,1,0.2,960.0,310.0
ORD005060,PROD0026,2,0.0,11000.0,4600.0
ORD005061,PROD0001,4,0.1,306000.0,34000.0
ORD005062,PROD0023,3,0.0,7500.0,3600.0
ORD005062,PROD0009,2,0.15,93500.0,9500.0
ORD005063,PROD0013,3,0.05,45600.0,15600.0
ORD005064,PROD0009,4,0.0,220000.0,52000.0
ORD005065,PROD0013,1,0.1,14400.0,4400.0
ORD005065,PROD0016,1,0.2,5600.0,1400.0
ORD005066,PROD0019,1,0.2,12000.0,1500.0
ORD005067,PROD0025,1,0.05,3325.0,1525.0
ORD005068,PROD0003,5,0.0,525000.0,100000.0
ORD005069,PROD0023,1,0.1,2250.0,950.0
ORD005070,PROD0024,3,0.0,12600.0,6000.0
ORD005071,PROD0022,2,0.0,1800.0,900.0
ORD005071,PROD0010,1,0.0,22000.0,6000.0
ORD005072,PROD0015,1,0.0,8500.0,3500.0
ORD005073,PROD0024,1,0.1,3780.0,1580.0
ORD005074,PROD0002,2,0.0,130000.0,28000.0
ORD005075,PROD0021,1,0.05,1710.0,760.0
ORD005076,PROD0002,1,0.0,65000.0,14000.0
ORD005077,PROD0008,4,0.05,57000.0,15000.0
ORD005077,PROD0020,2,0.0,48000.0,14000.0
ORD005077,PROD0004,1,0.0,1200.0,550.0
ORD005078,PROD0001,1,0.1,76500.0,8500.0
ORD005078,PROD0008,2,0.0,30000.0,9000.0
ORD005078,PROD0011,2,0.0,24000.0,9000.0
ORD005078,PROD0014,2,0.15,47600.0,9600.0
ORD005079,PROD0016,1,0.0,7000.0,2800.0
ORD005080,PROD0016,1,0.1,6300.0,2100.0
ORD005080,PROD0012,2,0.1,32400.0,10400.0
ORD005080,PROD0001,1,0.2,68000.0,0.0
ORD005081,PROD0006,1,0.05,2090.0,890.0
ORD005081,PROD0011,3,0.05,34200.0,11700.0
ORD005082,PROD0010,2,0.05,41800.0,9800.0
ORD005082,PROD0025,3,0.0,10500.0,5100.0
ORD005083,PROD0016,1,0.1,6300.0,2100.0
ORD005083,PROD0025,1,0.05,3325.0,1525.0
ORD005084,PROD0015,2,0.2,13600.0,3600.0
ORD005085,PROD0003,1,0.0,105000.0,20000.0
ORD005086,PROD0025,1,0.2,2800.0,1000.0
ORD005086,PROD0018,1,0.0,650.0,320.0
ORD005087,PROD0007,1,0.2,17600.0,2100.0
ORD005088,PROD0010,2,0.1,39600.0,7600.0
ORD005089,PROD0010,1,0.0,22000.0,6000.0
ORD005090,PROD0012,3,0.0,54000.0,21000.0
ORD005091,PROD0015,2,0.0,17000.0,7000.0
ORD005091,PROD0001,1,0.0,85000.0,17000.0
ORD005092,PROD0026,1,0.1,4950.0,1750.0
ORD005092,PROD0008,2,0.0,30000.0,9000.0
ORD005092,PROD0027,1,0.0,6500.0,2600.0
ORD005093,PROD0013,1,0.1,14400.0,4400.0
ORD005093,PROD0006,2,0.2,3520.0,1120.0
ORD005094,PROD0006,3,0.1,5940.0,2340.0
ORD005095,PROD0009,3,0.0,165000.0,39000.0
ORD005096,PROD0001,2,0.1,153000.0,17000.0
ORD005097,PROD0001,1,0.2,68000.0,0.0
ORD005098,PROD0001,1,0.0,85000.0,17000.0
ORD005099,PROD0014,2,0.1,50400.0,12400.0
ORD005100,PROD0003,2,0.0,210000.0,40000.0
ORD005101,PROD0026,3,0.0,16500.0,6900.0
ORD005102,PROD0001,3,0.0,255000.0,51000.0
ORD005102,PROD0009,4,0.15,187000.0,19000.0
ORD005103,PROD0017,2,0.15,765.0,325.0
ORD005104,PROD0015,1,0.2,6800.0,1800.0
ORD005104,PROD0014,1,0.2,22400.0,3400.0
ORD005105,PROD0015,3,0.15,21675.0,6675.0
ORD005106,PROD0019,1,0.0,15000.0,4500.0
ORD005106,PROD0024,1,0.2,3360.0,1160.0
ORD005106,PROD0028,1,0.2,1440.0,490.0
ORD005107,PROD0005,1,0.0,4500.0,1800.0
ORD005107,PROD0001,1,0.0,85000.0,17000.0
ORD005108,PROD0013,1,0.2,12800.0,2800.0
ORD005109,PROD0022,3,0.2,2160.0,810.0
ORD005109,PROD0006,3,0.15,5610.0,2010.0
ORD005110,PROD0002,1,0.0,65000.0,14000.0
ORD005110,PROD0024,1,0.0,4200.0,2000.0
ORD005111,PROD0003,2,0.05,199500.0,29500.0
ORD005112,PROD0022,1,0.2,720.0,270.0
ORD005112,PROD0006,1,0.0,2200.0,1000.0
ORD005112,PROD0021,2,0.05,3420.0,1520.0
ORD005113,PROD0012,1,0.15,15300.0,4300.0
ORD005114,PROD0027,2,0.0,13000.0,5200.0
ORD005115,PROD0025,1,0.15,2975.0,1175.0
ORD005116,PROD0015,1,0.15,7225.0,2225.0
ORD005116,PROD0022,1,0.2,720.0,270.0
ORD005116,PROD0006,2,0.2,3520.0,1120.0
ORD005116,PROD0014,2,0.1,50400.0,12400.0
ORD005117,PROD0017,3,0.0,1350.0,690.0
ORD005118,PROD0022,1,0.0,900.0,450.0
ORD005118,PROD0007,1,0.2,17600.0,2100.0
ORD005118,PROD0027,2,0.2,10400.0,2600.0
ORD005119,PROD0021,2,0.2,2880.0,980.0
ORD005120,PROD0027,5,0.15,27625.0,8125.0
ORD005121,PROD0026,1,0.15,4675.0,1475.0
ORD005121,PROD0024,5,0.0,21000.0,10000.0
ORD005121,PROD0021,3,0.0,5400.0,2550.0
ORD005122,PROD0017,4,0.05,1710.0,830.0
ORD005122,PROD0010,2,0.2,35200.0,3200.0
ORD005123,PROD0024,2,0.2,6720.0,2320.0
ORD005124,PROD0022,1,0.0,900.0,450.0
ORD005125,PROD0024,1,0.0,4200.0,2000.0
ORD005126,PROD0018,2,0.0,1300.0,640.0
ORD005126,PROD0005,2,0.15,7650.0,2250.0
ORD005127,PROD0025,2,0.0,7000.0,3400.0
ORD005127,PROD0009,1,0.05,52250.0,10250.0
ORD005127,PROD0014,2,0.15,47600.0,9600.0
ORD005128,PROD0014,1,0.2,22400.0,3400.0
ORD005128,PROD0004,2,0.2,1920.0,620.0
ORD005129,PROD0007,1,0.0,22000.0,6500.0
ORD005129,PROD0021,1,0.0,1800.0,850.0
ORD005130,PROD0011,1,0.05,11400.0,3900.0
ORD005131,PROD0025,2,0.0,7000.0,3400.0
ORD005132,PROD0027,2,0.1,11700.0,3900.0
ORD005133,PROD0011,1,0.0,12000.0,4500.0
ORD005134,PROD0006,2,0.15,3740.0,1340.0
ORD005135,PROD0004,1,0.0,1200.0,550.0
ORD005135,PROD0019,4,0.1,54000.0,12000.0
ORD005136,PROD0001,3,0.0,255000.0,51000.0
ORD005137,PROD0019,3,0.0,45000.0,13500.0
ORD005137,PROD0001,2,0.15,144500.0,8500.0
ORD005138,PROD0021,4,0.15,6120.0,2320.0
ORD005138,PROD0007,2,0.05,41800.0,10800.0
ORD005139,PROD0011,2,0.2,19200.0,4200.0
ORD005140,PROD0023,4,0.15,8500.0,3300.0
ORD005140,PROD0012,5,0.2,72000.0,17000.0
ORD005141,PROD0017,1,0.05,427.5,207.5
ORD005142,PROD0026,1,0.05,5225.0,2025.0
ORD005143,PROD0008,3,0.2,36000.0,4500.0
ORD005144,PROD0008,2,0.2,24000.0,3000.0
ORD005145,PROD0003,1,0.15,89250.0,4250.0
ORD005146,PROD0018,1,0.0,650.0,320.0
ORD005147,PROD0018,1,0.0,650.0,320.0
ORD005147,PROD0015,2,0.1,15300.0,5300.0
ORD005148,PROD0001,2,0.05,161500.0,25500.0
ORD005148,PROD0022,1,0.2,720.0,270.0
ORD005148,PROD0028,3,0.0,5400.0,2550.0
ORD005149,PROD0017,1,0.2,360.0,140.0
ORD005149,PROD0007,1,0.1,19800.0,4300.0
ORD005150,PROD0027,2,0.1,11700.0,3900.0
ORD005150,PROD0012,3,0.15,45900.0,12900.0
ORD005151,PROD0013,2,0.15,27200.0,7200.0
ORD005152,PROD0001,1,0.0,85000.0,17000.0
ORD005152,PROD0027,1,0.05,6175.0,2275.0
ORD005153,PROD0011,2,0.05,22800.0,7800.0
ORD005154,PROD0001,3,0.05,242250.0,38250.0
ORD005154,PROD0007,1,0.1,19800.0,4300.0
ORD005155,PROD0017,1,0.05,427.5,207.5
ORD005155,PROD0015,3,0.0,25500.0,10500.0
ORD005156,PROD0018,1,0.0,650.0,320.0
ORD005156,PROD0028,1,0.0,1800.0,850.0
ORD005157,PROD0022,1,0.2,720.0,270.0
ORD005157,PROD0005,3,0.0,13500.0,5400.0
ORD005157,PROD0002,3,0.0,195000.0,42000.0
ORD005158,PROD0001,2,0.2,136000.0,0.0
ORD005159,PROD0018,1,0.05,617.5,287.5
ORD005160,PROD0006,1,0.0,2200.0,1000.0
ORD005161,PROD0009,3,0.0,165000.0,39000.0
ORD005161,PROD0027,1,0.05,6175.0,2275.0
ORD005162,PROD0004,2,0.0,2400.0,1100.0
ORD005163,PROD0021,2,0.0,3600.0,1700.0
ORD005163,PROD0020,1,0.0,24000.0,7000.0
ORD005163,PROD0024,2,0.2,6720.0,2320.0
ORD005164,PROD0006,2,0.15,3740.0,1340.0
ORD005165,PROD0013,2,0.15,27200.0,7200.0
ORD005166,PROD0005,3,0.0,13500.0,5400.0
ORD005167,PROD0025,1,0.05,3325.0,1525.0
ORD005167,PROD0013,1,0.0,16000.0,6000.0
ORD005167,PROD0014,1,0.1,25200.0,6200.0
ORD005167,PROD0022,1,0.0,900.0,450.0
ORD005168,PROD0014,1,0.15,23800.0,4800.0
ORD005169,PROD0018,1,0.15,552.5,222.5
ORD005169,PROD0008,3,0.2,36000.0,4500.0
ORD005170,PROD0001,1,0.15,72250.0,4250.0
ORD005170,PROD0021,1,0.15,1530.0,580.0
ORD005171,PROD0008,1,0.1,13500.0,3000.0
ORD005171,PROD0006,4,0.0,8800.0,4000.0
ORD005171,PROD0003,3,0.05,299250.0,44250.0
ORD005172,PROD0026,2,0.05,10450.0,4050.0
ORD005173,PROD0009,4,0.1,198000.0,30000.0
ORD005173,PROD0007,1,0.2,17600.0,2100.0
ORD005174,PROD0018,3,0.0,1950.0,960.0
ORD005175,PROD0016,1,0.0,7000.0,2800.0
ORD005176,PROD0010,2,0.0,44000.0,12000.0
ORD005176,PROD0013,1,0.0,16000.0,6000.0
ORD005176,PROD0027,1,0.2,5200.0,1300.0
ORD005177,PROD0014,1,0.15,23800.0,4800.0
ORD005178,PROD0015,1,0.1,7650.0,2650.0
ORD005179,PROD0009,1,0.0,55000.0,13000.0
ORD005180,PROD0015,1,0.1,7650.0,2650.0
ORD005181,PROD0022,1,0.1,810.0,360.0
ORD005182,PROD0027,2,0.15,11050.0,3250.0
ORD005182,PROD0018,1,0.0,650.0,320.0
ORD005183,PROD0024,1,0.05,3990.0,1790.0
ORD005184,PROD0021,3,0.05,5130.0,2280.0
ORD005185,PROD0018,1,0.2,520.0,190.0
ORD005185,PROD0021,1,0.1,1620.0,670.0
ORD005186,PROD0008,3,0.0,45000.0,13500.0
ORD005187,PROD0015,3,0.0,25500.0,10500.0
ORD005188,PROD0025,4,0.2,11200.0,4000.0
ORD005188,PROD0024,1,0.1,3780.0,1580.0
ORD005189,PROD0027,2,0.1,11700.0,3900.0
ORD005189,PROD0001,2,0.15,144500.0,8500.0
ORD005189,PROD0019,1,0.2,12000.0,1500.0
ORD005189,PROD0025,4,0.1,12600.0,5400.0
ORD005190,PROD0023,3,0.0,7500.0,3600.0
ORD005191,PROD0025,1,0.0,3500.0,1700.0
ORD005192,PROD0027,1,0.0,6500.0,2600.0
ORD005193,PROD0001,3,0.0,255000.0,51000.0
ORD005193,PROD0009,1,0.05,52250.0,10250.0
ORD005193,PROD0020,3,0.0,72000.0,21000.0
ORD005194,PROD0013,4,0.05,60800.0,20800.0
ORD005195,PROD0009,1,0.0,55000.0,13000.0
ORD005196,PROD0025,1,0.0,3500.0,1700.0
ORD005196,PROD0020,2,0.0,48000.0,14000.0
ORD005197,PROD0007,1,0.0,22000.0,6500.0
ORD005197,PROD0017,1,0.2,360.0,140.0
ORD005197,PROD0005,1,0.15,3825.0,1125.0
ORD005198,PROD0007,3,0.0,66000.0,19500.0
ORD005199,PROD0003,1,0.0,105000.0,20000.0
ORD005200,PROD0008,1,0.0,15000.0,4500.0
ORD005200,PROD0022,2,0.15,1530.0,630.0
ORD005200,PROD0028,3,0.1,4860.0,2010.0
ORD005200,PROD0001,4,0.2,272000.0,0.0
ORD005201,PROD0021,1,0.15,1530.0,580.0
ORD005201,PROD0001,1,0.05,80750.0,12750.0
ORD005202,PROD0003,2,0.1,189000.0,19000.0
ORD005202,PROD0004,1,0.0,1200.0,550.0
ORD005202,PROD0006,2,0.0,4400.0,2000.0
ORD005203,PROD0011,2,0.2,19200.0,4200.0
ORD005204,PROD0016,1,0.0,7000.0,2800.0
ORD005205,PROD0004,2,0.1,2160.0,860.0
ORD005206,PROD0019,1,0.0,15000.0,4500.0
ORD005207,PROD0028,5,0.05,8550.0,3800.0
ORD005207,PROD0022,4,0.0,3600.0,1800.0
ORD005207,PROD0015,1,0.0,8500.0,3500.0
ORD005208,PROD0014,1,0.2,22400.0,3400.0
ORD005209,PROD0004,1,0.2,960.0,310.0
ORD005209,PROD0003,1,0.05,99750.0,14750.0
ORD005210,PROD0017,2,0.0,900.0,460.0
ORD005211,PROD0024,3,0.0,12600.0,6000.0
ORD005212,PROD0008,1,0.1,13500.0,3000.0
ORD005213,PROD0014,2,0.0,56000.0,18000.0
ORD005213,PROD0018,2,0.0,1300.0,640.0
ORD005214,PROD0011,1,0.2,9600.0,2100.0
ORD005214,PROD0006,2,0.15,3740.0,1340.0
ORD005214,PROD0015,1,0.05,8075.0,3075.0
ORD005214,PROD0013,3,0.0,48000.0,18000.0
ORD005215,PROD0019,1,0.15,12750.0,2250.0
ORD005215,PROD0012,3,0.0,54000.0,21000.0
ORD005216,PROD0006,4,0.15,7480.0,2680.0
ORD005217,PROD0016,2,0.0,14000.0,5600.0
ORD005218,PROD0022,2,0.1,1620.0,720.0
ORD005219,PROD0021,4,0.15,6120.0,2320.0
ORD005220,PROD0021,3,0.0,5400.0,2550.0
ORD005221,PROD0025,2,0.05,6650.0,3050.0
ORD005221,PROD0004,2,0.15,2040.0,740.0
ORD005222,PROD0005,1,0.0,4500.0,1800.0
ORD005222,PROD0008,1,0.05,14250.0,3750.0
ORD005223,PROD0023,2,0.0,5000.0,2400.0
ORD005224,PROD0012,4,0.1,64800.0,20800.0
ORD005224,PROD0021,4,0.0,7200.0,3400.0
ORD005225,PROD0021,1,0.2,1440.0,490.0
ORD005225,PROD0028,2,0.2,2880.0,980.0
ORD005226,PROD0013,1,0.2,12800.0,2800.0
ORD005227,PROD0027,1,0.0,6500.0,2600.0
ORD005227,PROD0019,1,0.2,12000.0,1500.0
ORD005227,PROD0022,1,0.0,900.0,450.0
ORD005227,PROD0025,2,0.15,5950.0,2350.0
ORD005228,PROD0002,2,0.2,104000.0,2000.0
ORD005229,PROD0001,1,0.0,85000.0,17000.0
ORD005229,PROD0019,2,0.0,30000.0,9000.0
ORD005229,PROD0018,1,0.0,650.0,320.0
ORD005230,PROD0019,1,0.0,15000.0,4500.0
ORD005231,PROD0017,1,0.1,405.0,185.0
ORD005232,PROD0020,2,0.2,38400.0,4400.0
ORD005233,PROD0008,1,0.15,12750.0,2250.0
ORD005233,PROD0010,1,0.15,18700.0,2700.0
ORD005233,PROD0016,1,0.05,6650.0,2450.0
ORD005234,PROD0026,1,0.15,4675.0,1475.0
ORD005235,PROD0001,2,0.0,170000.0,34000.0
ORD005236,PROD0005,2,0.0,9000.0,3600.0
ORD005237,PROD0017,1,0.0,450.0,230.0
ORD005238,PROD0001,2,0.15,144500.0,8500.0
ORD005239,PROD0028,1,0.05,1710.0,760.0
ORD005240,PROD0018,2,0.1,1170.0,510.0
ORD005240,PROD0023,1,0.0,2500.0,1200.0
ORD005241,PROD0005,1,0.05,4275.0,1575.0
ORD005242,PROD0007,1,0.2,17600.0,2100.0
ORD005243,PROD0011,1,0.2,9600.0,2100.0
ORD005243,PROD0017,4,0.1,1620.0,740.0
ORD005243,PROD0004,3,0.05,3420.0,1470.0
ORD005244,PROD0008,1,0.05,14250.0,3750.0
ORD005244,PROD0009,4,0.15,187000.0,19000.0
ORD005244,PROD0001,1,0.05,80750.0,12750.0
ORD005244,PROD0026,1,0.15,4675.0,1475.0
ORD005245,PROD0025,1,0.05,3325.0,1525.0
ORD005246,PROD0013,2,0.2,25600.0,5600.0
ORD005246,PROD0017,1,0.1,405.0,185.0
ORD005247,PROD0016,1,0.05,6650.0,2450.0
ORD005248,PROD0012,2,0.0,36000.0,14000.0
ORD005249,PROD0010,1,0.05,20900.0,4900.0
ORD005249,PROD0011,1,0.15,10200.0,2700.0
ORD005250,PROD0001,1,0.2,68000.0,0.0
ORD005250,PROD0021,3,0.0,5400.0,2550.0
ORD005251,PROD0023,4,0.05,9500.0,4300.0
ORD005251,PROD0017,1,0.0,450.0,230.0
ORD005252,PROD0017,1,0.0,450.0,230.0
ORD005253,PROD0008,1,0.05,14250.0,3750.0
ORD005254,PROD0016,1,0.0,7000.0,2800.0
ORD005255,PROD0020,1,0.0,24000.0,7000.0
ORD005256,PROD0028,1,0.0,1800.0,850.0
ORD005256,PROD0026,1,0.0,5500.0,2300.0
ORD005257,PROD0026,1,0.0,5500.0,2300.0
ORD005257,PROD0025,1,0.0,3500.0,1700.0
ORD005258,PROD0012,1,0.0,18000.0,7000.0
ORD005258,PROD0026,1,0.15,4675.0,1475.0
ORD005259,PROD0010,1,0.0,22000.0,6000.0
ORD005259,PROD0014,1,0.15,23800.0,4800.0
ORD005260,PROD0021,1,0.0,1800.0,850.0
ORD005260,PROD0004,1,0.2,960.0,310.0
ORD005261,PROD0008,2,0.15,25500.0,4500.0
ORD005262,PROD0003,1,0.1,94500.0,9500.0
ORD005262,PROD0021,1,0.15,1530.0,580.0
ORD005263,PROD0026,1,0.0,5500.0,2300.0
ORD005264,PROD0023,1,0.0,2500.0,1200.0
ORD005265,PROD0016,1,0.05,6650.0,2450.0
ORD005266,PROD0023,2,0.0,5000.0,2400.0
ORD005266,PROD0004,1,0.2,960.0,310.0
ORD005266,PROD0011,2,0.2,19200.0,4200.0
ORD005266,PROD0013,2,0.15,27200.0,7200.0
ORD005267,PROD0009,1,0.0,55000.0,13000.0
ORD005268,PROD0017,1,0.0,450.0,230.0
ORD005269,PROD0026,4,0.2,17600.0,4800.0
ORD005270,PROD0024,1,0.1,3780.0,1580.0
ORD005271,PROD0028,1,0.0,1800.0,850.0
ORD005271,PROD0013,2,0.2,25600.0,5600.0
ORD005272,PROD0018,2,0.0,1300.0,640.0
ORD005273,PROD0019,1,0.05,14250.0,3750.0
ORD005274,PROD0005,3,0.15,11475.0,3375.0
ORD005275,PROD0015,4,0.1,30600.0,10600.0
ORD005276,PROD0006,1,0.05,2090.0,890.0
ORD005277,PROD0006,5,0.0,11000.0,5000.0
ORD005278,PROD0018,1,0.15,552.5,222.5
ORD005278,PROD0001,3,0.2,204000.0,0.0
ORD005278,PROD0012,1,0.1,16200.0,5200.0
ORD005278,PROD0019,1,0.0,15000.0,4500.0
ORD005279,PROD0001,4,0.05,323000.0,51000.0
ORD005279,PROD0011,1,0.1,10800.0,3300.0
ORD005280,PROD0028,2,0.2,2880.0,980.0
ORD005280,PROD0017,2,0.2,720.0,280.0
ORD005280,PROD0024,2,0.0,8400.0,4000.0
ORD005280,PROD0016,3,0.0,21000.0,8400.0
ORD005281,PROD0003,1,0.2,84000.0,-1000.0
ORD005282,PROD0025,1,0.15,2975.0,1175.0
ORD005283,PROD0006,1,0.15,1870.0,670.0
ORD005284,PROD0013,1,0.0,16000.0,6000.0
ORD005284,PROD0021,1,0.0,1800.0,850.0
ORD005285,PROD0023,1,0.1,2250.0,950.0
ORD005286,PROD0002,2,0.0,130000.0,28000.0
ORD005286,PROD0015,1,0.0,8500.0,3500.0
ORD005286,PROD0001,2,0.0,170000.0,34000.0
ORD005286,PROD0027,3,0.15,16575.0,4875.0
ORD005287,PROD0028,4,0.15,6120.0,2320.0
ORD005287,PROD0027,2,0.0,13000.0,5200.0
ORD005288,PROD0025,3,0.0,10500.0,5100.0
ORD005289,PROD0023,1,0.1,2250.0,950.0
ORD005289,PROD0013,2,0.15,27200.0,7200.0
ORD005290,PROD0016,2,0.1,12600.0,4200.0
ORD005290,PROD0021,1,0.1,1620.0,670.0
ORD005291,PROD0020,1,0.2,19200.0,2200.0
ORD005292,PROD0008,1,0.1,13500.0,3000.0
ORD005292,PROD0012,1,0.05,17100.0,6100.0
ORD005293,PROD0005,2,0.0,9000.0,3600.0
ORD005293,PROD0017,1,0.0,450.0,230.0
ORD005294,PROD0027,1,0.05,6175.0,2275.0
ORD005294,PROD0020,1,0.1,21600.0,4600.0
ORD005295,PROD0011,4,0.1,43200.0,13200.0
ORD005296,PROD0007,1,0.15,18700.0,3200.0
ORD005297,PROD0014,1,0.15,23800.0,4800.0
ORD005298,PROD0022,1,0.2,720.0,270.0
ORD005298,PROD0025,3,0.2,8400.0,3000.0
ORD005299,PROD0020,1,0.05,22800.0,5800.0
ORD005299,PROD0010,2,0.15,37400.0,5400.0
ORD005300,PROD0021,1,0.1,1620.0,670.0
ORD005300,PROD0002,2,0.1,117000.0,15000.0
ORD005301,PROD0024,1,0.0,4200.0,2000.0
ORD005301,PROD0023,3,0.1,6750.0,2850.0
ORD005302,PROD0003,2,0.1,189000.0,19000.0
ORD005303,PROD0016,1,0.0,7000.0,2800.0
ORD005303,PROD0021,2,0.0,3600.0,1700.0
ORD005303,PROD0006,1,0.05,2090.0,890.0
ORD005304,PROD0009,1,0.0,55000.0,13000.0
ORD005305,PROD0006,1,0.2,1760.0,560.0
ORD005305,PROD0014,1,0.05,26600.0,7600.0
ORD005306,PROD0018,3,0.05,1852.5,862.5
ORD005307,PROD0001,1,0.15,72250.0,4250.0
ORD005307,PROD0027,2,0.0,13000.0,5200.0
ORD005308,PROD0001,1,0.05,80750.0,12750.0
ORD005309,PROD0007,4,0.15,74800.0,12800.0
ORD005310,PROD0011,1,0.0,12000.0,4500.0
ORD005310,PROD0015,2,0.1,15300.0,5300.0
ORD005311,PROD0012,5,0.15,76500.0,21500.0
ORD005312,PROD0028,1,0.0,1800.0,850.0
ORD005312,PROD0021,2,0.1,3240.0,1340.0
ORD005313,PROD0027,2,0.0,13000.0,5200.0
ORD005314,PROD0011,2,0.1,21600.0,6600.0
ORD005315,PROD0025,1,0.2,2800.0,1000.0
ORD005316,PROD0023,1,0.1,2250.0,950.0
ORD005317,PROD0022,2,0.15,1530.0,630.0
ORD005317,PROD0010,1,0.0,22000.0,6000.0
ORD005318,PROD0012,1,0.15,15300.0,4300.0
ORD005318,PROD0004,1,0.0,1200.0,550.0
ORD005318,PROD0019,1,0.0,15000.0,4500.0
ORD005318,PROD0023,2,0.0,5000.0,2400.0
ORD005319,PROD0012,4,0.15,61200.0,17200.0
ORD005319,PROD0026,1,0.0,5500.0,2300.0
ORD005320,PROD0018,1,0.05,617.5,287.5
ORD005320,PROD0016,1,0.0,7000.0,2800.0
ORD005321,PROD0018,1,0.15,552.5,222.5
ORD005321,PROD0007,1,0.0,22000.0,6500.0
ORD005321,PROD0011,4,0.0,48000.0,18000.0
ORD005322,PROD0022,2,0.05,1710.0,810.0
ORD005322,PROD0002,1,0.15,55250.0,4250.0
ORD005322,PROD0023,1,0.15,2125.0,825.0
ORD005323,PROD0003,1,0.0,105000.0,20000.0
ORD005323,PROD0017,3,0.0,1350.0,690.0
ORD005324,PROD0005,1,0.0,4500.0,1800.0
ORD005325,PROD0028,2,0.0,3600.0,1700.0
ORD005326,PROD0007,5,0.2,88000.0,10500.0
ORD005327,PROD0018,2,0.2,1040.0,380.0
ORD005328,PROD0017,3,0.05,1282.5,622.5
ORD005329,PROD0015,1,0.0,8500.0,3500.0
ORD005330,PROD0011,1,0.1,10800.0,3300.0
ORD005331,PROD0013,3,0.0,48000.0,18000.0
ORD005332,PROD0014,2,0.0,56000.0,18000.0
ORD005333,PROD0017,1,0.2,360.0,140.0
ORD005333,PROD0016,4,0.05,26600.0,9800.0
ORD005333,PROD0006,1,0.0,2200.0,1000.0
ORD005333,PROD0022,1,0.0,900.0,450.0
ORD005334,PROD0009,1,0.0,55000.0,13000.0
ORD005335,PROD0008,1,0.05,14250.0,3750.0
ORD005336,PROD0012,2,0.15,30600.0,8600.0
ORD005336,PROD0005,2,0.1,8100.0,2700.0
ORD005337,PROD0015,1,0.2,6800.0,1800.0
ORD005338,PROD0023,1,0.0,2500.0,1200.0
ORD005339,PROD0024,1,0.2,3360.0,1160.0
ORD005340,PROD0002,1,0.0,65000.0,14000.0
ORD005341,PROD0028,1,0.1,1620.0,670.0
ORD005341,PROD0003,1,0.0,105000.0,20000.0
ORD005342,PROD0021,1,0.2,1440.0,490.0
ORD005343,PROD0020,1,0.1,21600.0,4600.0
ORD005344,PROD0006,2,0.0,4400.0,2000.0
ORD005345,PROD0008,1,0.0,15000.0,4500.0
ORD005345,PROD0021,2,0.1,3240.0,1340.0
ORD005346,PROD0015,2,0.0,17000.0,7000.0
ORD005347,PROD0028,1,0.15,1530.0,580.0
ORD005348,PROD0023,2,0.0,5000.0,2400.0
ORD005349,PROD0007,3,0.1,59400.0,12900.0
ORD005349,PROD0013,2,0.0,32000.0,12000.0
ORD005349,PROD0002,3,0.1,175500.0,22500.0
ORD005350,PROD0005,1,0.0,4500.0,1800.0
ORD005351,PROD0014,2,0.0,56000.0,18000.0
ORD005352,PROD0020,1,0.15,20400.0,3400.0
ORD005353,PROD0016,1,0.1,6300.0,2100.0
ORD005354,PROD0007,2,0.05,41800.0,10800.0
ORD005355,PROD0021,2,0.15,3060.0,1160.0
ORD005356,PROD0022,1,0.0,900.0,450.0
ORD005356,PROD0016,4,0.0,28000.0,11200.0
ORD005356,PROD0026,1,0.0,5500.0,2300.0
ORD005357,PROD0007,1,0.1,19800.0,4300.0
ORD005358,PROD0011,1,0.0,12000.0,4500.0
ORD005359,PROD0015,2,0.15,14450.0,4450.0
ORD005359,PROD0027,2,0.2,10400.0,2600.0
ORD005359,PROD0019,1,0.15,12750.0,2250.0
ORD005360,PROD0014,1,0.0,28000.0,9000.0
ORD005361,PROD0016,1,0.15,5950.0,1750.0
ORD005361,PROD0010,5,0.1,99000.0,19000.0
ORD005362,PROD0010,2,0.1,39600.0,7600.0
ORD005362,PROD0011,2,0.05,22800.0,7800.0
ORD005363,PROD0011,1,0.2,9600.0,2100.0
ORD005364,PROD0021,1,0.0,1800.0,850.0
ORD005364,PROD0006,1,0.05,2090.0,890.0
ORD005365,PROD0015,3,0.0,25500.0,10500.0
ORD005366,PROD0023,1,0.0,2500.0,1200.0
ORD005366,PROD0008,1,0.15,12750.0,2250.0
ORD005367,PROD0024,5,0.0,21000.0,10000.0
ORD005368,PROD0006,1,0.0,2200.0,1000.0
ORD005368,PROD0007,2,0.0,44000.0,13000.0
ORD005369,PROD0006,1,0.05,2090.0,890.0
ORD005369,PROD0010,1,0.0,22000.0,6000.0
ORD005369,PROD0012,2,0.0,36000.0,14000.0
ORD005370,PROD0015,2,0.0,17000.0,7000.0
ORD005370,PROD0009,1,0.2,44000.0,2000.0
ORD005371,PROD0005,1,0.05,4275.0,1575.0
ORD005372,PROD0016,2,0.0,14000.0,5600.0
ORD005373,PROD0015,1,0.0,8500.0,3500.0
ORD005374,PROD0024,1,0.05,3990.0,1790.0
ORD005375,PROD0021,3,0.05,5130.0,2280.0
ORD005376,PROD0010,1,0.0,22000.0,6000.0
ORD005377,PROD0014,1,0.15,23800.0,4800.0
ORD005378,PROD0024,2,0.05,7980.0,3580.0
ORD005378,PROD0013,1,0.15,13600.0,3600.0
ORD005378,PROD0007,1,0.0,22000.0,6500.0
ORD005378,PROD0008,2,0.1,27000.0,6000.0
ORD005379,PROD0016,3,0.0,21000.0,8400.0
ORD005379,PROD0002,1,0.0,65000.0,14000.0
ORD005380,PROD0003,2,0.15,178500.0,8500.0
ORD005380,PROD0009,1,0.0,55000.0,13000.0
ORD005381,PROD0004,2,0.15,2040.0,740.0
ORD005381,PROD0016,1,0.1,6300.0,2100.0
ORD005381,PROD0005,1,0.0,4500.0,1800.0
ORD005382,PROD0026,1,0.0,5500.0,2300.0
ORD005382,PROD0022,1,0.0,900.0,450.0
ORD005383,PROD0025,3,0.0,10500.0,5100.0
ORD005383,PROD0005,1,0.15,3825.0,1125.0
ORD005384,PROD0006,1,0.0,2200.0,1000.0
ORD005385,PROD0012,3,0.0,54000.0,21000.0
ORD005385,PROD0026,2,0.0,11000.0,4600.0
ORD005385,PROD0027,4,0.0,26000.0,10400.0
ORD005386,PROD0001,1,0.1,76500.0,8500.0
ORD005386,PROD0009,3,0.0,165000.0,39000.0
ORD005387,PROD0028,2,0.0,3600.0,1700.0
ORD005388,PROD0017,1,0.2,360.0,140.0
ORD005389,PROD0018,2,0.15,1105.0,445.0
ORD005390,PROD0011,1,0.0,12000.0,4500.0
ORD005391,PROD0017,1,0.1,405.0,185.0
ORD005392,PROD0025,1,0.0,3500.0,1700.0
ORD005393,PROD0020,1,0.1,21600.0,4600.0
ORD005393,PROD0019,2,0.1,27000.0,6000.0
ORD005393,PROD0025,2,0.0,7000.0,3400.0
ORD005394,PROD0023,2,0.0,5000.0,2400.0
ORD005394,PROD0012,3,0.2,43200.0,10200.0
ORD005394,PROD0016,1,0.1,6300.0,2100.0
ORD005395,PROD0020,4,0.0,96000.0,28000.0
ORD005396,PROD0013,1,0.15,13600.0,3600.0
ORD005397,PROD0010,1,0.0,22000.0,6000.0
ORD005398,PROD0015,3,0.0,25500.0,10500.0
ORD005399,PROD0022,3,0.0,2700.0,1350.0
ORD005400,PROD0017,2,0.15,765.0,325.0
ORD005400,PROD0020,4,0.0,96000.0,28000.0
ORD005401,PROD0011,4,0.2,38400.0,8400.0
ORD005401,PROD0018,2,0.2,1040.0,380.0
ORD005402,PROD0023,1,0.0,2500.0,1200.0
ORD005402,PROD0005,1,0.0,4500.0,1800.0
ORD005403,PROD0001,1,0.0,85000.0,17000.0
ORD005404,PROD0019,3,0.2,36000.0,4500.0
ORD005404,PROD0004,1,0.1,1080.0,430.0
ORD005405,PROD0028,1,0.2,1440.0,490.0
ORD005406,PROD0025,1,0.1,3150.0,1350.0
ORD005407,PROD0022,2,0.0,1800.0,900.0
ORD005408,PROD0023,3,0.2,6000.0,2100.0
ORD005408,PROD0005,1,0.05,4275.0,1575.0
ORD005409,PROD0027,1,0.0,6500.0,2600.0
ORD005410,PROD0022,3,0.2,2160.0,810.0
ORD005410,PROD0028,1,0.0,1800.0,850.0
ORD005411,PROD0005,1,0.0,4500.0,1800.0
ORD005411,PROD0021,1,0.0,1800.0,850.0
ORD005412,PROD0020,1,0.0,24000.0,7000.0
ORD005413,PROD0005,1,0.0,4500.0,1800.0
ORD005414,PROD0002,1,0.0,65000.0,14000.0
ORD005414,PROD0001,1,0.1,76500.0,8500.0
ORD005415,PROD0006,2,0.0,4400.0,2000.0
ORD005415,PROD0018,2,0.0,1300.0,640.0
ORD005415,PROD0022,1,0.1,810.0,360.0
ORD005416,PROD0019,2,0.0,30000.0,9000.0
ORD005416,PROD0004,1,0.2,960.0,310.0
ORD005417,PROD0011,4,0.0,48000.0,18000.0
ORD005418,PROD0016,1,0.0,7000.0,2800.0
ORD005418,PROD0014,3,0.15,71400.0,14400.0
ORD005419,PROD0014,2,0.2,44800.0,6800.0
ORD005420,PROD0002,3,0.1,175500.0,22500.0
ORD005421,PROD0028,3,0.05,5130.0,2280.0
ORD005421,PROD0020,2,0.0,48000.0,14000.0
ORD005422,PROD0003,3,0.0,315000.0,60000.0
ORD005423,PROD0001,1,0.1,76500.0,8500.0
ORD005423,PROD0021,1,0.0,1800.0,850.0
ORD005424,PROD0008,1,0.0,15000.0,4500.0
ORD005424,PROD0013,3,0.15,40800.0,10800.0
ORD005424,PROD0002,4,0.05,247000.0,43000.0
ORD005425,PROD0024,1,0.0,4200.0,2000.0
ORD005426,PROD0025,1,0.0,3500.0,1700.0
ORD005427,PROD0010,3,0.15,56100.0,8100.0
ORD005427,PROD0011,1,0.05,11400.0,3900.0
ORD005428,PROD0028,1,0.15,1530.0,580.0
ORD005428,PROD0015,2,0.15,14450.0,4450.0
ORD005429,PROD0017,1,0.0,450.0,230.0
ORD005430,PROD0020,1,0.0,24000.0,7000.0
ORD005431,PROD0017,1,0.2,360.0,140.0
ORD005431,PROD0028,1,0.1,1620.0,670.0
ORD005431,PROD0008,4,0.0,60000.0,18000.0
ORD005431,PROD0007,1,0.0,22000.0,6500.0
ORD005432,PROD0020,5,0.05,114000.0,29000.0
ORD005433,PROD0022,1,0.1,810.0,360.0
ORD005434,PROD0010,1,0.15,18700.0,2700.0
ORD005434,PROD0027,2,0.0,13000.0,5200.0
ORD005434,PROD0028,1,0.0,1800.0,850.0
ORD005435,PROD0006,1,0.0,2200.0,1000.0
ORD005436,PROD0012,1,0.15,15300.0,4300.0
ORD005437,PROD0022,3,0.1,2430.0,1080.0
ORD005438,PROD0023,1,0.2,2000.0,700.0
ORD005439,PROD0012,1,0.0,18000.0,7000.0
ORD005439,PROD0002,2,0.1,117000.0,15000.0
ORD005440,PROD0007,4,0.0,88000.0,26000.0
ORD005440,PROD0021,1,0.0,1800.0,850.0
ORD005441,PROD0018,2,0.2,1040.0,380.0
ORD005441,PROD0027,1,0.15,5525.0,1625.0
ORD005441,PROD0026,1,0.1,4950.0,1750.0
ORD005442,PROD0019,2,0.0,30000.0,9000.0
ORD005442,PROD0012,2,0.2,28800.0,6800.0
ORD005443,PROD0001,2,0.1,153000.0,17000.0
ORD005443,PROD0011,2,0.0,24000.0,9000.0
ORD005443,PROD0008,1,0.05,14250.0,3750.0
ORD005444,PROD0012,1,0.15,15300.0,4300.0
ORD005445,PROD0012,1,0.15,15300.0,4300.0
ORD005445,PROD0026,2,0.0,11000.0,4600.0
ORD005445,PROD0016,1,0.05,6650.0,2450.0
ORD005445,PROD0005,1,0.05,4275.0,1575.0
ORD005446,PROD0003,2,0.0,210000.0,40000.0
ORD005446,PROD0018,1,0.0,650.0,320.0
ORD005446,PROD0014,1,0.05,26600.0,7600.0
ORD005447,PROD0024,2,0.0,8400.0,4000.0
ORD005448,PROD0020,1,0.1,21600.0,4600.0
ORD005449,PROD0012,4,0.05,68400.0,24400.0
ORD005450,PROD0002,2,0.1,117000.0,15000.0
ORD005450,PROD0018,1,0.2,520.0,190.0
ORD005450,PROD0021,1,0.2,1440.0,490.0
ORD005451,PROD0022,1,0.2,720.0,270.0
ORD005451,PROD0001,1,0.15,72250.0,4250.0
ORD005451,PROD0024,1,0.2,3360.0,1160.0
ORD005452,PROD0023,3,0.0,7500.0,3600.0
ORD005452,PROD0009,2,0.15,93500.0,9500.0
ORD005453,PROD0025,1,0.15,2975.0,1175.0
ORD005453,PROD0028,1,0.15,1530.0,580.0
ORD005454,PROD0003,1,0.15,89250.0,4250.0
ORD005455,PROD0014,3,0.1,75600.0,18600.0
ORD005456,PROD0021,4,0.2,5760.0,1960.0
ORD005457,PROD0002,2,0.1,117000.0,15000.0
ORD005458,PROD0016,1,0.0,7000.0,2800.0
ORD005459,PROD0009,1,0.0,55000.0,13000.0
ORD005460,PROD0011,1,0.15,10200.0,2700.0
ORD005460,PROD0025,1,0.05,3325.0,1525.0
ORD005461,PROD0028,2,0.0,3600.0,1700.0
ORD005462,PROD0014,2,0.0,56000.0,18000.0
ORD005463,PROD0010,2,0.2,35200.0,3200.0
ORD005463,PROD0028,2,0.2,2880.0,980.0
ORD005463,PROD0002,1,0.0,65000.0,14000.0
ORD005463,PROD0023,1,0.2,2000.0,700.0
ORD005464,PROD0007,1,0.1,19800.0,4300.0
ORD005464,PROD0026,1,0.15,4675.0,1475.0
ORD005465,PROD0014,1,0.0,28000.0,9000.0
ORD005465,PROD0018,2,0.15,1105.0,445.0
ORD005466,PROD0024,4,0.0,16800.0,8000.0
ORD005467,PROD0006,1,0.2,1760.0,560.0
ORD005467,PROD0012,2,0.0,36000.0,14000.0
ORD005468,PROD0010,1,0.0,22000.0,6000.0
ORD005468,PROD0015,1,0.15,7225.0,2225.0
ORD005469,PROD0013,1,0.1,14400.0,4400.0
ORD005469,PROD0010,1,0.2,17600.0,1600.0
ORD005470,PROD0015,5,0.15,36125.0,11125.0
ORD005471,PROD0017,1,0.0,450.0,230.0
ORD005472,PROD0024,1,0.0,4200.0,2000.0
ORD005472,PROD0002,5,0.0,325000.0,70000.0
ORD005473,PROD0001,1,0.1,76500.0,8500.0
ORD005474,PROD0005,1,0.1,4050.0,1350.0
ORD005474,PROD0004,1,0.15,1020.0,370.0
ORD005475,PROD0001,1,0.0,85000.0,17000.0
ORD005475,PROD0009,3,0.15,140250.0,14250.0
ORD005476,PROD0024,1,0.0,4200.0,2000.0
ORD005476,PROD0002,2,0.15,110500.0,8500.0
ORD005476,PROD0015,3,0.0,25500.0,10500.0
ORD005477,PROD0006,2,0.0,4400.0,2000.0
ORD005477,PROD0001,1,0.05,80750.0,12750.0
ORD005477,PROD0010,1,0.0,22000.0,6000.0
ORD005478,PROD0003,1,0.0,105000.0,20000.0
ORD005479,PROD0009,4,0.0,220000.0,52000.0
ORD005479,PROD0022,1,0.0,900.0,450.0
ORD005480,PROD0001,1,0.0,85000.0,17000.0
ORD005481,PROD0017,1,0.0,450.0,230.0
ORD005481,PROD0015,1,0.0,8500.0,3500.0
ORD005482,PROD0015,1,0.0,8500.0,3500.0
ORD005482,PROD0026,1,0.0,5500.0,2300.0
ORD005483,PROD0012,4,0.0,72000.0,28000.0
ORD005484,PROD0019,1,0.0,15000.0,4500.0
ORD005485,PROD0015,1,0.0,8500.0,3500.0
ORD005485,PROD0016,1,0.2,5600.0,1400.0
ORD005486,PROD0013,1,0.0,16000.0,6000.0
ORD005487,PROD0003,3,0.05,299250.0,44250.0
ORD005488,PROD0024,1,0.0,4200.0,2000.0
ORD005489,PROD0025,1,0.0,3500.0,1700.0
ORD005490,PROD0002,1,0.15,55250.0,4250.0
ORD005491,PROD0011,1,0.15,10200.0,2700.0
ORD005491,PROD0001,3,0.0,255000.0,51000.0
ORD005491,PROD0021,4,0.0,7200.0,3400.0
ORD005492,PROD0028,2,0.05,3420.0,1520.0
ORD005493,PROD0003,1,0.0,105000.0,20000.0
ORD005494,PROD0011,2,0.1,21600.0,6600.0
ORD005495,PROD0010,3,0.15,56100.0,8100.0
ORD005495,PROD0011,1,0.0,12000.0,4500.0
ORD005496,PROD0014,2,0.0,56000.0,18000.0
ORD005497,PROD0014,2,0.0,56000.0,18000.0
ORD005497,PROD0022,2,0.0,1800.0,900.0
ORD005498,PROD0014,1,0.0,28000.0,9000.0
ORD005498,PROD0002,4,0.1,234000.0,30000.0
ORD005499,PROD0020,1,0.0,24000.0,7000.0
ORD005499,PROD0019,3,0.1,40500.0,9000.0
ORD005500,PROD0025,2,0.0,7000.0,3400.0
ORD005500,PROD0023,3,0.1,6750.0,2850.0
ORD005500,PROD0027,2,0.0,13000.0,5200.0
ORD005500,PROD0009,1,0.15,46750.0,4750.0
ORD005501,PROD0015,5,0.1,38250.0,13250.0
ORD005501,PROD0023,1,0.15,2125.0,825.0
ORD005501,PROD0004,3,0.15,3060.0,1110.0
ORD005502,PROD0017,1,0.0,450.0,230.0
ORD005503,PROD0011,2,0.0,24000.0,9000.0
ORD005503,PROD0023,2,0.2,4000.0,1400.0
ORD005504,PROD0021,1,0.15,1530.0,580.0
ORD005505,PROD0002,1,0.05,61750.0,10750.0
ORD005506,PROD0006,1,0.1,1980.0,780.0
ORD005507,PROD0014,3,0.2,67200.0,10200.0
ORD005507,PROD0021,1,0.0,1800.0,850.0
ORD005507,PROD0020,1,0.0,24000.0,7000.0
ORD005508,PROD0003,4,0.0,420000.0,80000.0
ORD005509,PROD0024,2,0.05,7980.0,3580.0
ORD005509,PROD0005,1,0.0,4500.0,1800.0
ORD005510,PROD0024,1,0.05,3990.0,1790.0
ORD005511,PROD0017,1,0.05,427.5,207.5
ORD005512,PROD0017,1,0.05,427.5,207.5
ORD005513,PROD0023,3,0.0,7500.0,3600.0
ORD005514,PROD0017,1,0.0,450.0,230.0
ORD005514,PROD0020,1,0.15,20400.0,3400.0
ORD005514,PROD0026,3,0.0,16500.0,6900.0
ORD005515,PROD0025,1,0.0,3500.0,1700.0
ORD005516,PROD0006,1,0.0,2200.0,1000.0
ORD005517,PROD0026,1,0.2,4400.0,1200.0
ORD005517,PROD0014,2,0.15,47600.0,9600.0
ORD005518,PROD0003,1,0.0,105000.0,20000.0
ORD005519,PROD0011,1,0.0,12000.0,4500.0
ORD005519,PROD0024,1,0.2,3360.0,1160.0
ORD005520,PROD0002,3,0.05,185250.0,32250.0
ORD005520,PROD0022,4,0.05,3420.0,1620.0
ORD005520,PROD0018,2,0.0,1300.0,640.0
ORD005521,PROD0001,1,0.0,85000.0,17000.0
ORD005521,PROD0018,2,0.15,1105.0,445.0
ORD005521,PROD0009,2,0.15,93500.0,9500.0
ORD005522,PROD0016,3,0.0,21000.0,8400.0
ORD005522,PROD0013,2,0.0,32000.0,12000.0
ORD005523,PROD0014,3,0.0,84000.0,27000.0
ORD005523,PROD0008,1,0.1,13500.0,3000.0
ORD005524,PROD0012,1,0.15,15300.0,4300.0
ORD005524,PROD0002,1,0.05,61750.0,10750.0
ORD005525,PROD0026,2,0.0,11000.0,4600.0
ORD005526,PROD0021,1,0.0,1800.0,850.0
ORD005527,PROD0002,2,0.0,130000.0,28000.0
ORD005528,PROD0002,1,0.1,58500.0,7500.0
ORD005529,PROD0002,2,0.1,117000.0,15000.0
ORD005530,PROD0027,1,0.0,6500.0,2600.0
ORD005530,PROD0002,3,0.0,195000.0,42000.0
ORD005531,PROD0003,2,0.15,178500.0,8500.0
ORD005532,PROD0003,3,0.0,315000.0,60000.0
ORD005533,PROD0003,1,0.0,105000.0,20000.0
ORD005534,PROD0006,2,0.2,3520.0,1120.0
ORD005535,PROD0020,1,0.1,21600.0,4600.0
ORD005535,PROD0002,1,0.15,55250.0,4250.0
ORD005535,PROD0015,1,0.15,7225.0,2225.0
ORD005536,PROD0010,1,0.05,20900.0,4900.0
ORD005536,PROD0020,1,0.1,21600.0,4600.0
ORD005536,PROD0018,1,0.0,650.0,320.0
ORD005537,PROD0003,1,0.1,94500.0,9500.0
ORD005537,PROD0015,3,0.15,21675.0,6675.0
ORD005538,PROD0004,2,0.05,2280.0,980.0
ORD005539,PROD0012,1,0.15,15300.0,4300.0
ORD005540,PROD0026,3,0.0,16500.0,6900.0
ORD005540,PROD0002,2,0.0,130000.0,28000.0
ORD005540,PROD0009,2,0.0,110000.0,26000.0
ORD005540,PROD0007,1,0.05,20900.0,5400.0
ORD005541,PROD0022,3,0.0,2700.0,1350.0
ORD005542,PROD0002,1,0.2,52000.0,1000.0
ORD005542,PROD0023,2,0.0,5000.0,2400.0
ORD005543,PROD0019,1,0.0,15000.0,4500.0
ORD005543,PROD0002,2,0.05,123500.0,21500.0
ORD005543,PROD0007,3,0.05,62700.0,16200.0
ORD005544,PROD0012,3,0.2,43200.0,10200.0
ORD005545,PROD0003,1,0.15,89250.0,4250.0
ORD005545,PROD0011,2,0.05,22800.0,7800.0
ORD005546,PROD0020,4,0.05,91200.0,23200.0
ORD005547,PROD0004,1,0.05,1140.0,490.0
ORD005548,PROD0025,3,0.0,10500.0,5100.0
ORD005549,PROD0018,1,0.0,650.0,320.0
ORD005550,PROD0008,2,0.2,24000.0,3000.0
ORD005551,PROD0017,1,0.0,450.0,230.0
ORD005551,PROD0005,3,0.05,12825.0,4725.0
ORD005551,PROD0028,1,0.15,1530.0,580.0
ORD005552,PROD0019,1,0.15,12750.0,2250.0
ORD005552,PROD0015,1,0.2,6800.0,1800.0
ORD005553,PROD0004,1,0.1,1080.0,430.0
ORD005553,PROD0013,1,0.05,15200.0,5200.0
ORD005554,PROD0009,3,0.0,165000.0,39000.0
ORD005555,PROD0026,2,0.15,9350.0,2950.0
ORD005556,PROD0013,1,0.15,13600.0,3600.0
ORD005556,PROD0023,1,0.15,2125.0,825.0
ORD005557,PROD0015,2,0.05,16150.0,6150.0
ORD005558,PROD0004,1,0.0,1200.0,550.0
ORD005559,PROD0026,4,0.0,22000.0,9200.0
ORD005559,PROD0028,2,0.0,3600.0,1700.0
ORD005560,PROD0006,2,0.2,3520.0,1120.0
ORD005560,PROD0017,2,0.0,900.0,460.0
ORD005561,PROD0019,3,0.15,38250.0,6750.0
ORD005561,PROD0005,1,0.0,4500.0,1800.0
ORD005562,PROD0017,3,0.0,1350.0,690.0
ORD005563,PROD0020,3,0.15,61200.0,10200.0
ORD005563,PROD0019,2,0.0,30000.0,9000.0
ORD005563,PROD0007,1,0.1,19800.0,4300.0
ORD005564,PROD0018,1,0.0,650.0,320.0
ORD005564,PROD0002,2,0.05,123500.0,21500.0
ORD005564,PROD0006,1,0.15,1870.0,670.0
ORD005565,PROD0009,1,0.15,46750.0,4750.0
ORD005566,PROD0022,1,0.0,900.0,450.0
ORD005566,PROD0025,1,0.15,2975.0,1175.0
ORD005567,PROD0020,1,0.0,24000.0,7000.0
ORD005567,PROD0028,1,0.0,1800.0,850.0
ORD005568,PROD0015,1,0.05,8075.0,3075.0
ORD005568,PROD0020,2,0.0,48000.0,14000.0
ORD005569,PROD0007,2,0.0,44000.0,13000.0
ORD005570,PROD0001,1,0.1,76500.0,8500.0
ORD005570,PROD0006,1,0.05,2090.0,890.0
ORD005571,PROD0026,1,0.2,4400.0,1200.0
ORD005572,PROD0013,2,0.15,27200.0,7200.0
ORD005573,PROD0003,2,0.0,210000.0,40000.0
ORD005574,PROD0027,1,0.05,6175.0,2275.0
ORD005575,PROD0027,4,0.05,24700.0,9100.0
ORD005575,PROD0017,1,0.0,450.0,230.0
ORD005576,PROD0014,3,0.1,75600.0,18600.0
ORD005577,PROD0015,1,0.0,8500.0,3500.0
ORD005577,PROD0017,1,0.0,450.0,230.0
ORD005577,PROD0022,3,0.0,2700.0,1350.0
ORD005578,PROD0025,1,0.2,2800.0,1000.0
ORD005578,PROD0019,1,0.15,12750.0,2250.0
ORD005579,PROD0002,2,0.15,110500.0,8500.0
ORD005579,PROD0021,1,0.0,1800.0,850.0
ORD005580,PROD0008,3,0.1,40500.0,9000.0
ORD005581,PROD0017,3,0.0,1350.0,690.0
ORD005582,PROD0013,2,0.1,28800.0,8800.0
ORD005582,PROD0020,1,0.0,24000.0,7000.0
ORD005583,PROD0017,1,0.0,450.0,230.0
ORD005584,PROD0023,1,0.0,2500.0,1200.0
ORD005585,PROD0006,3,0.2,5280.0,1680.0
ORD005585,PROD0022,1,0.15,765.0,315.0
ORD005585,PROD0018,4,0.0,2600.0,1280.0
ORD005585,PROD0023,1,0.05,2375.0,1075.0
ORD005586,PROD0026,1,0.0,5500.0,2300.0
ORD005586,PROD0004,2,0.15,2040.0,740.0
ORD005586,PROD0020,1,0.05,22800.0,5800.0
ORD005587,PROD0003,1,0.2,84000.0,-1000.0
ORD005587,PROD0012,2,0.0,36000.0,14000.0
ORD005587,PROD0002,3,0.0,195000.0,42000.0
ORD005588,PROD0009,1,0.1,49500.0,7500.0
ORD005588,PROD0026,1,0.1,4950.0,1750.0
ORD005588,PROD0011,5,0.15,51000.0,13500.0
ORD005589,PROD0009,2,0.1,99000.0,15000.0
ORD005590,PROD0025,1,0.1,3150.0,1350.0
ORD005591,PROD0021,1,0.15,1530.0,580.0
ORD005592,PROD0012,1,0.2,14400.0,3400.0
ORD005593,PROD0008,1,0.2,12000.0,1500.0
ORD005593,PROD0017,1,0.0,450.0,230.0
ORD005593,PROD0028,3,0.0,5400.0,2550.0
ORD005594,PROD0026,1,0.05,5225.0,2025.0
ORD005594,PROD0002,1,0.2,52000.0,1000.0
ORD005595,PROD0001,1,0.0,85000.0,17000.0
ORD005596,PROD0024,1,0.2,3360.0,1160.0
ORD005597,PROD0021,2,0.15,3060.0,1160.0
ORD005597,PROD0027,1,0.2,5200.0,1300.0
ORD005597,PROD0013,1,0.0,16000.0,6000.0
ORD005598,PROD0003,1,0.0,105000.0,20000.0
ORD005598,PROD0009,2,0.0,110000.0,26000.0
ORD005598,PROD0006,3,0.15,5610.0,2010.0
ORD005598,PROD0016,1,0.1,6300.0,2100.0
ORD005599,PROD0014,2,0.15,47600.0,9600.0
ORD005600,PROD0025,2,0.15,5950.0,2350.0
ORD005601,PROD0023,1,0.0,2500.0,1200.0
ORD005602,PROD0018,1,0.05,617.5,287.5
ORD005603,PROD0023,1,0.0,2500.0,1200.0
ORD005604,PROD0016,1,0.05,6650.0,2450.0
ORD005604,PROD0007,1,0.2,17600.0,2100.0
ORD005605,PROD0001,2,0.2,136000.0,0.0
ORD005605,PROD0003,1,0.05,99750.0,14750.0
ORD005605,PROD0016,1,0.15,5950.0,1750.0
ORD005606,PROD0027,2,0.0,13000.0,5200.0
ORD005607,PROD0022,1,0.0,900.0,450.0
ORD005608,PROD0022,2,0.05,1710.0,810.0
ORD005608,PROD0011,3,0.05,34200.0,11700.0
ORD005608,PROD0020,1,0.15,20400.0,3400.0
ORD005609,PROD0018,1,0.05,617.5,287.5
ORD005609,PROD0016,1,0.0,7000.0,2800.0
ORD005610,PROD0010,4,0.05,83600.0,19600.0
ORD005611,PROD0010,1,0.0,22000.0,6000.0
ORD005611,PROD0012,1,0.15,15300.0,4300.0
ORD005612,PROD0025,2,0.0,7000.0,3400.0
ORD005612,PROD0005,1,0.0,4500.0,1800.0
ORD005612,PROD0018,2,0.15,1105.0,445.0
ORD005613,PROD0011,2,0.15,20400.0,5400.0
ORD005613,PROD0006,1,0.0,2200.0,1000.0
ORD005614,PROD0015,1,0.0,8500.0,3500.0
ORD005615,PROD0027,1,0.0,6500.0,2600.0
ORD005616,PROD0019,4,0.2,48000.0,6000.0
ORD005616,PROD0021,5,0.1,8100.0,3350.0
ORD005617,PROD0015,1,0.0,8500.0,3500.0
ORD005618,PROD0013,2,0.15,27200.0,7200.0
ORD005619,PROD0006,3,0.0,6600.0,3000.0
ORD005619,PROD0022,1,0.0,900.0,450.0
ORD005619,PROD0002,1,0.0,65000.0,14000.0
ORD005620,PROD0013,1,0.15,13600.0,3600.0
ORD005621,PROD0020,4,0.15,81600.0,13600.0
ORD005621,PROD0022,3,0.0,2700.0,1350.0
ORD005622,PROD0018,2,0.05,1235.0,575.0
ORD005623,PROD0023,3,0.0,7500.0,3600.0
ORD005624,PROD0002,3,0.1,175500.0,22500.0
ORD005624,PROD0009,1,0.15,46750.0,4750.0
ORD005625,PROD0028,1,0.0,1800.0,850.0
ORD005626,PROD0012,1,0.0,18000.0,7000.0
ORD005626,PROD0025,2,0.15,5950.0,2350.0
ORD005626,PROD0023,2,0.0,5000.0,2400.0
ORD005627,PROD0027,2,0.15,11050.0,3250.0
ORD005628,PROD0023,1,0.0,2500.0,1200.0
ORD005628,PROD0008,1,0.2,12000.0,1500.0
ORD005629,PROD0009,1,0.1,49500.0,7500.0
ORD005630,PROD0025,3,0.2,8400.0,3000.0
ORD005630,PROD0009,1,0.15,46750.0,4750.0
ORD005630,PROD0027,1,0.1,5850.0,1950.0
ORD005631,PROD0024,3,0.1,11340.0,4740.0
ORD005632,PROD0018,2,0.1,1170.0,510.0
ORD005632,PROD0021,2,0.05,3420.0,1520.0
ORD005633,PROD0027,1,0.15,5525.0,1625.0
ORD005634,PROD0006,1,0.2,1760.0,560.0
ORD005635,PROD0004,1,0.1,1080.0,430.0
ORD005636,PROD0016,2,0.1,12600.0,4200.0
ORD005637,PROD0014,1,0.05,26600.0,7600.0
ORD005638,PROD0024,1,0.05,3990.0,1790.0
ORD005639,PROD0028,2,0.15,3060.0,1160.0
ORD005639,PROD0003,1,0.0,105000.0,20000.0
ORD005639,PROD0008,1,0.15,12750.0,2250.0
ORD005640,PROD0007,2,0.2,35200.0,4200.0
ORD005640,PROD0003,1,0.05,99750.0,14750.0
ORD005641,PROD0025,2,0.05,6650.0,3050.0
ORD005642,PROD0024,2,0.05,7980.0,3580.0
ORD005643,PROD0018,2,0.15,1105.0,445.0
ORD005643,PROD0017,2,0.05,855.0,415.0
ORD005644,PROD0013,1,0.0,16000.0,6000.0
ORD005644,PROD0006,1,0.05,2090.0,890.0
ORD005644,PROD0024,2,0.15,7140.0,2740.0
ORD005645,PROD0005,1,0.15,3825.0,1125.0
ORD005645,PROD0009,4,0.1,198000.0,30000.0
ORD005646,PROD0002,5,0.05,308750.0,53750.0
ORD005647,PROD0027,1,0.15,5525.0,1625.0
ORD005648,PROD0022,2,0.05,1710.0,810.0
ORD005649,PROD0011,1,0.15,10200.0,2700.0
ORD005649,PROD0015,1,0.0,8500.0,3500.0
ORD005650,PROD0020,2,0.0,48000.0,14000.0
ORD005650,PROD0017,1,0.0,450.0,230.0
ORD005650,PROD0002,1,0.05,61750.0,10750.0
ORD005650,PROD0001,1,0.0,85000.0,17000.0
ORD005651,PROD0010,1,0.2,17600.0,1600.0
ORD005652,PROD0004,1,0.0,1200.0,550.0
ORD005652,PROD0003,1,0.0,105000.0,20000.0
ORD005653,PROD0003,3,0.0,315000.0,60000.0
ORD005653,PROD0018,1,0.0,650.0,320.0
ORD005653,PROD0004,2,0.0,2400.0,1100.0
ORD005654,PROD0001,1,0.05,80750.0,12750.0
ORD005655,PROD0022,1,0.2,720.0,270.0
ORD005655,PROD0020,1,0.0,24000.0,7000.0
ORD005656,PROD0013,1,0.0,16000.0,6000.0
ORD005656,PROD0028,2,0.0,3600.0,1700.0
ORD005657,PROD0010,1,0.0,22000.0,6000.0
ORD005658,PROD0028,3,0.15,4590.0,1740.0
ORD005658,PROD0008,2,0.0,30000.0,9000.0
ORD005658,PROD0012,3,0.0,54000.0,21000.0
ORD005658,PROD0023,1,0.0,2500.0,1200.0
ORD005659,PROD0010,2,0.05,41800.0,9800.0
ORD005660,PROD0028,2,0.0,3600.0,1700.0
ORD005661,PROD0022,1,0.1,810.0,360.0
ORD005661,PROD0020,2,0.2,38400.0,4400.0
ORD005662,PROD0002,1,0.15,55250.0,4250.0
ORD005663,PROD0001,1,0.15,72250.0,4250.0
ORD005663,PROD0012,2,0.0,36000.0,14000.0
ORD005664,PROD0006,1,0.0,2200.0,1000.0
ORD005664,PROD0002,3,0.0,195000.0,42000.0
ORD005665,PROD0012,1,0.2,14400.0,3400.0
ORD005666,PROD0013,3,0.1,43200.0,13200.0
ORD005667,PROD0022,3,0.0,2700.0,1350.0
ORD005668,PROD0014,1,0.15,23800.0,4800.0
ORD005669,PROD0010,1,0.1,19800.0,3800.0
ORD005669,PROD0022,1,0.0,900.0,450.0
ORD005669,PROD0024,1,0.05,3990.0,1790.0
ORD005670,PROD0007,2,0.2,35200.0,4200.0
ORD005670,PROD0025,1,0.0,3500.0,1700.0
ORD005670,PROD0005,2,0.15,7650.0,2250.0
ORD005671,PROD0027,2,0.0,13000.0,5200.0
ORD005672,PROD0028,5,0.0,9000.0,4250.0
ORD005673,PROD0020,3,0.2,57600.0,6600.0
ORD005674,PROD0020,3,0.0,72000.0,21000.0
ORD005675,PROD0007,2,0.2,35200.0,4200.0
ORD005676,PROD0002,2,0.05,123500.0,21500.0
ORD005676,PROD0014,1,0.0,28000.0,9000.0
ORD005677,PROD0019,2,0.1,27000.0,6000.0
ORD005678,PROD0028,1,0.0,1800.0,850.0
ORD005679,PROD0007,2,0.1,39600.0,8600.0
ORD005679,PROD0017,1,0.1,405.0,185.0
ORD005679,PROD0005,2,0.1,8100.0,2700.0
ORD005680,PROD0002,3,0.2,156000.0,3000.0
ORD005680,PROD0004,2,0.2,1920.0,620.0
ORD005680,PROD0012,2,0.0,36000.0,14000.0
ORD005681,PROD0010,5,0.0,110000.0,30000.0
ORD005681,PROD0016,1,0.2,5600.0,1400.0
ORD005682,PROD0021,4,0.1,6480.0,2680.0
ORD005683,PROD0008,1,0.15,12750.0,2250.0
ORD005684,PROD0001,2,0.15,144500.0,8500.0
ORD005684,PROD0028,1,0.05,1710.0,760.0
ORD005684,PROD0011,1,0.0,12000.0,4500.0
ORD005685,PROD0025,1,0.2,2800.0,1000.0
ORD005685,PROD0007,3,0.0,66000.0,19500.0
ORD005686,PROD0014,1,0.0,28000.0,9000.0
ORD005686,PROD0001,1,0.15,72250.0,4250.0
ORD005686,PROD0012,3,0.0,54000.0,21000.0
ORD005687,PROD0012,1,0.15,15300.0,4300.0
ORD005687,PROD0009,2,0.15,93500.0,9500.0
ORD005687,PROD0019,2,0.1,27000.0,6000.0
ORD005688,PROD0022,1,0.15,765.0,315.0
ORD005689,PROD0020,5,0.1,108000.0,23000.0
ORD005689,PROD0013,2,0.0,32000.0,12000.0
ORD005689,PROD0027,2,0.0,13000.0,5200.0
ORD005690,PROD0010,1,0.15,18700.0,2700.0
ORD005691,PROD0023,2,0.0,5000.0,2400.0
ORD005692,PROD0027,1,0.15,5525.0,1625.0
ORD005692,PROD0012,1,0.05,17100.0,6100.0
ORD005692,PROD0019,1,0.1,13500.0,3000.0
ORD005693,PROD0003,1,0.2,84000.0,-1000.0
ORD005693,PROD0014,1,0.2,22400.0,3400.0
ORD005693,PROD0027,2,0.15,11050.0,3250.0
ORD005693,PROD0017,1,0.1,405.0,185.0
ORD005694,PROD0007,2,0.0,44000.0,13000.0
ORD005695,PROD0007,1,0.1,19800.0,4300.0
ORD005695,PROD0021,1,0.0,1800.0,850.0
ORD005696,PROD0028,2,0.0,3600.0,1700.0
ORD005697,PROD0012,1,0.15,15300.0,4300.0
ORD005697,PROD0007,5,0.2,88000.0,10500.0
ORD005697,PROD0011,1,0.0,12000.0,4500.0
ORD005698,PROD0025,1,0.05,3325.0,1525.0
ORD005699,PROD0010,5,0.1,99000.0,19000.0
ORD005699,PROD0022,1,0.2,720.0,270.0
ORD005700,PROD0023,4,0.0,10000.0,4800.0
ORD005700,PROD0027,3,0.0,19500.0,7800.0
ORD005701,PROD0016,1,0.15,5950.0,1750.0
ORD005701,PROD0002,1,0.0,65000.0,14000.0
ORD005701,PROD0009,5,0.0,275000.0,65000.0
ORD005701,PROD0014,2,0.1,50400.0,12400.0
ORD005702,PROD0006,1,0.2,1760.0,560.0
ORD005702,PROD0023,1,0.2,2000.0,700.0
ORD005703,PROD0015,2,0.2,13600.0,3600.0
ORD005703,PROD0025,1,0.0,3500.0,1700.0
ORD005704,PROD0019,1,0.0,15000.0,4500.0
ORD005704,PROD0007,2,0.0,44000.0,13000.0
ORD005704,PROD0012,1,0.2,14400.0,3400.0
ORD005705,PROD0023,3,0.05,7125.0,3225.0
ORD005705,PROD0013,1,0.15,13600.0,3600.0
ORD005706,PROD0028,2,0.0,3600.0,1700.0
ORD005707,PROD0017,3,0.0,1350.0,690.0
ORD005708,PROD0028,1,0.15,1530.0,580.0
ORD005708,PROD0013,1,0.15,13600.0,3600.0
ORD005709,PROD0020,1,0.2,19200.0,2200.0
ORD005709,PROD0009,1,0.15,46750.0,4750.0
ORD005709,PROD0005,1,0.0,4500.0,1800.0
ORD005709,PROD0019,1,0.2,12000.0,1500.0
ORD005710,PROD0021,1,0.1,1620.0,670.0
ORD005711,PROD0020,3,0.1,64800.0,13800.0
ORD005711,PROD0023,1,0.05,2375.0,1075.0
ORD005712,PROD0015,1,0.2,6800.0,1800.0
ORD005713,PROD0002,1,0.1,58500.0,7500.0
ORD005714,PROD0014,2,0.0,56000.0,18000.0
ORD005714,PROD0019,1,0.0,15000.0,4500.0
ORD005715,PROD0015,1,0.1,7650.0,2650.0
ORD005715,PROD0009,1,0.0,55000.0,13000.0
ORD005716,PROD0001,2,0.0,170000.0,34000.0
ORD005717,PROD0004,1,0.0,1200.0,550.0
ORD005717,PROD0009,2,0.1,99000.0,15000.0
ORD005718,PROD0023,3,0.05,7125.0,3225.0
ORD005719,PROD0002,1,0.0,65000.0,14000.0
ORD005720,PROD0012,1,0.15,15300.0,4300.0
ORD005721,PROD0028,2,0.15,3060.0,1160.0
ORD005722,PROD0007,2,0.1,39600.0,8600.0
ORD005723,PROD0001,2,0.15,144500.0,8500.0
ORD005723,PROD0028,1,0.0,1800.0,850.0
ORD005723,PROD0024,1,0.0,4200.0,2000.0
ORD005724,PROD0013,1,0.0,16000.0,6000.0
ORD005724,PROD0005,1,0.0,4500.0,1800.0
ORD005725,PROD0005,2,0.15,7650.0,2250.0
ORD005726,PROD0025,4,0.1,12600.0,5400.0
ORD005726,PROD0024,1,0.0,4200.0,2000.0
ORD005727,PROD0002,2,0.0,130000.0,28000.0
ORD005727,PROD0020,1,0.1,21600.0,4600.0
ORD005727,PROD0007,1,0.05,20900.0,5400.0
ORD005728,PROD0004,1,0.0,1200.0,550.0
ORD005728,PROD0028,1,0.2,1440.0,490.0
ORD005729,PROD0020,2,0.2,38400.0,4400.0
ORD005729,PROD0013,1,0.15,13600.0,3600.0
ORD005730,PROD0003,1,0.05,99750.0,14750.0
ORD005731,PROD0014,2,0.1,50400.0,12400.0
ORD005731,PROD0023,1,0.15,2125.0,825.0
ORD005732,PROD0002,1,0.0,65000.0,14000.0
ORD005732,PROD0001,2,0.0,170000.0,34000.0
ORD005733,PROD0001,2,0.05,161500.0,25500.0
ORD005733,PROD0004,1,0.0,1200.0,550.0
ORD005733,PROD0014,2,0.05,53200.0,15200.0
ORD005733,PROD0015,2,0.0,17000.0,7000.0
ORD005734,PROD0018,2,0.2,1040.0,380.0
ORD005735,PROD0007,1,0.0,22000.0,6500.0
ORD005735,PROD0013,1,0.05,15200.0,5200.0
ORD005735,PROD0017,3,0.0,1350.0,690.0
ORD005735,PROD0010,3,0.0,66000.0,18000.0
ORD005736,PROD0009,2,0.0,110000.0,26000.0
ORD005736,PROD0022,1,0.0,900.0,450.0
ORD005737,PROD0028,2,0.2,2880.0,980.0
ORD005738,PROD0011,2,0.0,24000.0,9000.0
ORD005738,PROD0024,2,0.15,7140.0,2740.0
ORD005739,PROD0006,1,0.0,2200.0,1000.0
ORD005739,PROD0017,1,0.0,450.0,230.0
ORD005739,PROD0021,4,0.05,6840.0,3040.0
ORD005739,PROD0003,1,0.0,105000.0,20000.0
ORD005740,PROD0016,1,0.0,7000.0,2800.0
ORD005740,PROD0006,4,0.2,7040.0,2240.0
ORD005741,PROD0019,2,0.2,24000.0,3000.0
ORD005741,PROD0003,2,0.15,178500.0,8500.0
ORD005741,PROD0012,3,0.0,54000.0,21000.0
ORD005742,PROD0011,1,0.0,12000.0,4500.0
ORD005743,PROD0023,1,0.1,2250.0,950.0
ORD005743,PROD0026,1,0.0,5500.0,2300.0
ORD005744,PROD0005,1,0.0,4500.0,1800.0
ORD005744,PROD0004,2,0.0,2400.0,1100.0
ORD005745,PROD0017,1,0.15,382.5,162.5
ORD005746,PROD0019,1,0.0,15000.0,4500.0
ORD005746,PROD0018,1,0.0,650.0,320.0
ORD005747,PROD0021,5,0.05,8550.0,3800.0
ORD005747,PROD0015,1,0.0,8500.0,3500.0
ORD005748,PROD0008,1,0.0,15000.0,4500.0
ORD005748,PROD0024,1,0.0,4200.0,2000.0
ORD005749,PROD0017,1,0.0,450.0,230.0
ORD005749,PROD0025,1,0.0,3500.0,1700.0
ORD005750,PROD0028,2,0.0,3600.0,1700.0
ORD005750,PROD0013,1,0.0,16000.0,6000.0
ORD005750,PROD0005,3,0.0,13500.0,5400.0
ORD005751,PROD0008,1,0.0,15000.0,4500.0
ORD005751,PROD0001,1,0.0,85000.0,17000.0
ORD005752,PROD0027,1,0.0,6500.0,2600.0
ORD005753,PROD0015,2,0.1,15300.0,5300.0
ORD005754,PROD0022,4,0.0,3600.0,1800.0
ORD005754,PROD0001,1,0.1,76500.0,8500.0
ORD005755,PROD0005,3,0.05,12825.0,4725.0
ORD005756,PROD0022,1,0.0,900.0,450.0
ORD005757,PROD0019,1,0.15,12750.0,2250.0
ORD005757,PROD0015,1,0.1,7650.0,2650.0
ORD005758,PROD0017,2,0.0,900.0,460.0
ORD005758,PROD0015,1,0.1,7650.0,2650.0
ORD005759,PROD0025,1,0.0,3500.0,1700.0
ORD005760,PROD0001,3,0.15,216750.0,12750.0
ORD005761,PROD0010,2,0.05,41800.0,9800.0
ORD005762,PROD0023,1,0.05,2375.0,1075.0
ORD005763,PROD0019,1,0.0,15000.0,4500.0
ORD005764,PROD0015,3,0.05,24225.0,9225.0
ORD005764,PROD0004,1,0.15,1020.0,370.0
ORD005764,PROD0020,4,0.0,96000.0,28000.0
ORD005765,PROD0005,1,0.0,4500.0,1800.0
ORD005765,PROD0002,3,0.2,156000.0,3000.0
ORD005766,PROD0027,4,0.15,22100.0,6500.0
ORD005766,PROD0026,1,0.0,5500.0,2300.0
ORD005767,PROD0012,1,0.15,15300.0,4300.0
ORD005767,PROD0019,2,0.0,30000.0,9000.0
ORD005767,PROD0024,1,0.1,3780.0,1580.0
ORD005768,PROD0010,1,0.0,22000.0,6000.0
ORD005769,PROD0003,1,0.05,99750.0,14750.0
ORD005770,PROD0020,1,0.15,20400.0,3400.0
ORD005770,PROD0022,1,0.05,855.0,405.0
ORD005771,PROD0002,1,0.1,58500.0,7500.0
ORD005771,PROD0016,5,0.2,28000.0,7000.0
ORD005772,PROD0011,2,0.0,24000.0,9000.0
ORD005772,PROD0003,1,0.1,94500.0,9500.0
ORD005773,PROD0005,1,0.0,4500.0,1800.0
ORD005773,PROD0008,1,0.0,15000.0,4500.0
ORD005773,PROD0019,2,0.1,27000.0,6000.0
ORD005774,PROD0006,1,0.0,2200.0,1000.0
ORD005775,PROD0028,1,0.2,1440.0,490.0
ORD005776,PROD0026,1,0.15,4675.0,1475.0
ORD005777,PROD0023,3,0.05,7125.0,3225.0
ORD005777,PROD0013,1,0.0,16000.0,6000.0
ORD005777,PROD0024,1,0.1,3780.0,1580.0
ORD005777,PROD0019,1,0.2,12000.0,1500.0
ORD005778,PROD0022,1,0.15,765.0,315.0
ORD005779,PROD0021,1,0.2,1440.0,490.0
ORD005779,PROD0003,3,0.1,283500.0,28500.0
ORD005780,PROD0010,1,0.0,22000.0,6000.0
ORD005781,PROD0016,3,0.2,16800.0,4200.0
ORD005782,PROD0009,1,0.0,55000.0,13000.0
ORD005783,PROD0015,1,0.05,8075.0,3075.0
ORD005783,PROD0020,1,0.0,24000.0,7000.0
ORD005783,PROD0027,1,0.1,5850.0,1950.0
ORD005784,PROD0026,1,0.0,5500.0,2300.0
ORD005784,PROD0024,1,0.0,4200.0,2000.0
ORD005785,PROD0017,1,0.05,427.5,207.5
ORD005786,PROD0021,1,0.05,1710.0,760.0
ORD005786,PROD0008,1,0.1,13500.0,3000.0
ORD005787,PROD0017,2,0.0,900.0,460.0
ORD005788,PROD0015,2,0.0,17000.0,7000.0
ORD005788,PROD0008,2,0.15,25500.0,4500.0
ORD005789,PROD0017,3,0.1,1215.0,555.0
ORD005790,PROD0014,1,0.2,22400.0,3400.0
ORD005791,PROD0027,1,0.0,6500.0,2600.0
ORD005792,PROD0025,3,0.0,10500.0,5100.0
ORD005793,PROD0015,2,0.15,14450.0,4450.0
ORD005794,PROD0024,2,0.15,7140.0,2740.0
ORD005794,PROD0015,1,0.05,8075.0,3075.0
ORD005795,PROD0027,2,0.0,13000.0,5200.0
ORD005795,PROD0010,1,0.0,22000.0,6000.0
ORD005796,PROD0001,1,0.0,85000.0,17000.0
ORD005797,PROD0009,1,0.05,52250.0,10250.0
ORD005798,PROD0012,2,0.0,36000.0,14000.0
ORD005799,PROD0019,2,0.05,28500.0,7500.0
ORD005799,PROD0021,1,0.0,1800.0,850.0
ORD005800,PROD0012,1,0.2,14400.0,3400.0
ORD005801,PROD0021,1,0.2,1440.0,490.0
ORD005801,PROD0006,1,0.05,2090.0,890.0
ORD005802,PROD0018,1,0.0,650.0,320.0
ORD005803,PROD0021,1,0.0,1800.0,850.0
ORD005804,PROD0024,1,0.0,4200.0,2000.0
ORD005804,PROD0009,1,0.15,46750.0,4750.0
ORD005805,PROD0005,1,0.0,4500.0,1800.0
ORD005806,PROD0003,1,0.0,105000.0,20000.0
ORD005807,PROD0013,1,0.0,16000.0,6000.0
ORD005807,PROD0002,1,0.0,65000.0,14000.0
ORD005807,PROD0015,4,0.15,28900.0,8900.0
ORD005808,PROD0009,1,0.05,52250.0,10250.0
ORD005809,PROD0014,1,0.0,28000.0,9000.0
ORD005810,PROD0012,1,0.1,16200.0,5200.0
ORD005811,PROD0006,4,0.15,7480.0,2680.0
ORD005812,PROD0013,3,0.1,43200.0,13200.0
ORD005812,PROD0024,1,0.0,4200.0,2000.0
ORD005813,PROD0024,1,0.15,3570.0,1370.0
ORD005814,PROD0013,3,0.05,45600.0,15600.0
ORD005815,PROD0004,2,0.0,2400.0,1100.0
ORD005815,PROD0022,3,0.1,2430.0,1080.0
ORD005815,PROD0024,1,0.15,3570.0,1370.0
ORD005816,PROD0007,1,0.1,19800.0,4300.0
ORD005817,PROD0003,1,0.0,105000.0,20000.0
ORD005817,PROD0004,2,0.15,2040.0,740.0
ORD005817,PROD0024,1,0.1,3780.0,1580.0
ORD005818,PROD0016,2,0.0,14000.0,5600.0
ORD005818,PROD0013,1,0.2,12800.0,2800.0
ORD005819,PROD0008,4,0.0,60000.0,18000.0
ORD005820,PROD0004,4,0.05,4560.0,1960.0
ORD005820,PROD0023,1,0.1,2250.0,950.0
ORD005821,PROD0019,2,0.1,27000.0,6000.0
ORD005822,PROD0011,1,0.0,12000.0,4500.0
ORD005823,PROD0009,2,0.0,110000.0,26000.0
ORD005824,PROD0006,1,0.05,2090.0,890.0
ORD005825,PROD0010,1,0.15,18700.0,2700.0
ORD005825,PROD0007,1,0.05,20900.0,5400.0
ORD005826,PROD0006,1,0.05,2090.0,890.0
ORD005827,PROD0020,3,0.1,64800.0,13800.0
ORD005828,PROD0024,1,0.0,4200.0,2000.0
ORD005828,PROD0013,1,0.15,13600.0,3600.0
ORD005829,PROD0003,1,0.05,99750.0,14750.0
ORD005830,PROD0023,3,0.05,7125.0,3225.0
ORD005830,PROD0021,4,0.1,6480.0,2680.0
ORD005830,PROD0016,2,0.1,12600.0,4200.0
ORD005830,PROD0022,1,0.0,900.0,450.0
ORD005831,PROD0007,1,0.0,22000.0,6500.0
ORD005832,PROD0019,1,0.0,15000.0,4500.0
ORD005833,PROD0012,4,0.0,72000.0,28000.0
ORD005834,PROD0015,1,0.0,8500.0,3500.0
ORD005835,PROD0026,1,0.0,5500.0,2300.0
ORD005836,PROD0008,2,0.0,30000.0,9000.0
ORD005837,PROD0022,2,0.1,1620.0,720.0
ORD005838,PROD0002,1,0.0,65000.0,14000.0
ORD005839,PROD0023,1,0.15,2125.0,825.0
ORD005839,PROD0006,2,0.0,4400.0,2000.0
ORD005839,PROD0014,2,0.0,56000.0,18000.0
ORD005840,PROD0008,1,0.1,13500.0,3000.0
ORD005841,PROD0002,1,0.0,65000.0,14000.0
ORD005841,PROD0005,2,0.0,9000.0,3600.0
ORD005842,PROD0020,2,0.0,48000.0,14000.0
ORD005842,PROD0027,1,0.15,5525.0,1625.0
ORD005843,PROD0002,1,0.1,58500.0,7500.0
ORD005844,PROD0022,2,0.0,1800.0,900.0
ORD005844,PROD0025,1,0.0,3500.0,1700.0
ORD005844,PROD0021,2,0.0,3600.0,1700.0
ORD005845,PROD0009,1,0.2,44000.0,2000.0
ORD005845,PROD0007,1,0.1,19800.0,4300.0
ORD005846,PROD0015,1,0.0,8500.0,3500.0
ORD005846,PROD0002,1,0.2,52000.0,1000.0
ORD005847,PROD0006,4,0.2,7040.0,2240.0
ORD005847,PROD0008,1,0.2,12000.0,1500.0
ORD005848,PROD0022,1,0.0,900.0,450.0
ORD005849,PROD0026,1,0.0,5500.0,2300.0
ORD005849,PROD0013,3,0.0,48000.0,18000.0
ORD005849,PROD0001,2,0.0,170000.0,34000.0
ORD005849,PROD0010,3,0.0,66000.0,18000.0
ORD005850,PROD0024,1,0.0,4200.0,2000.0
ORD005850,PROD0008,2,0.05,28500.0,7500.0
ORD005851,PROD0025,1,0.05,3325.0,1525.0
ORD005851,PROD0004,1,0.0,1200.0,550.0
ORD005852,PROD0020,2,0.15,40800.0,6800.0
ORD005853,PROD0026,4,0.0,22000.0,9200.0
ORD005854,PROD0010,4,0.2,70400.0,6400.0
ORD005855,PROD0028,2,0.0,3600.0,1700.0
ORD005856,PROD0009,1,0.05,52250.0,10250.0
ORD005857,PROD0028,1,0.05,1710.0,760.0
ORD005858,PROD0013,1,0.05,15200.0,5200.0
ORD005859,PROD0022,1,0.0,900.0,450.0
ORD005860,PROD0027,4,0.0,26000.0,10400.0
ORD005860,PROD0017,1,0.0,450.0,230.0
ORD005861,PROD0018,1,0.15,552.5,222.5
ORD005862,PROD0017,1,0.2,360.0,140.0
ORD005863,PROD0016,1,0.2,5600.0,1400.0
ORD005863,PROD0017,2,0.0,900.0,460.0
ORD005864,PROD0019,3,0.05,42750.0,11250.0
ORD005864,PROD0006,1,0.05,2090.0,890.0
ORD005865,PROD0001,4,0.05,323000.0,51000.0
ORD005865,PROD0018,2,0.05,1235.0,575.0
ORD005866,PROD0002,1,0.0,65000.0,14000.0
ORD005867,PROD0016,1,0.0,7000.0,2800.0
ORD005867,PROD0012,2,0.15,30600.0,8600.0
ORD005868,PROD0009,3,0.1,148500.0,22500.0
ORD005868,PROD0016,1,0.0,7000.0,2800.0
ORD005869,PROD0008,1,0.0,15000.0,4500.0
ORD005870,PROD0022,1,0.2,720.0,270.0
ORD005871,PROD0015,3,0.05,24225.0,9225.0
ORD005872,PROD0008,1,0.0,15000.0,4500.0
ORD005872,PROD0019,2,0.15,25500.0,4500.0
ORD005873,PROD0020,3,0.0,72000.0,21000.0
ORD005873,PROD0009,1,0.05,52250.0,10250.0
ORD005874,PROD0024,2,0.15,7140.0,2740.0
ORD005874,PROD0005,2,0.0,9000.0,3600.0
ORD005875,PROD0024,4,0.0,16800.0,8000.0
ORD005875,PROD0019,1,0.0,15000.0,4500.0
ORD005875,PROD0028,1,0.05,1710.0,760.0
ORD005876,PROD0017,1,0.1,405.0,185.0
ORD005877,PROD0020,1,0.15,20400.0,3400.0
ORD005877,PROD0017,1,0.0,450.0,230.0
ORD005878,PROD0001,2,0.2,136000.0,0.0
ORD005878,PROD0019,2,0.1,27000.0,6000.0
ORD005879,PROD0024,1,0.0,4200.0,2000.0
ORD005880,PROD0008,2,0.05,28500.0,7500.0
ORD005880,PROD0013,1,0.0,16000.0,6000.0
ORD005881,PROD0011,1,0.05,11400.0,3900.0
ORD005881,PROD0027,1,0.0,6500.0,2600.0
ORD005882,PROD0016,1,0.0,7000.0,2800.0
ORD005883,PROD0023,1,0.0,2500.0,1200.0
ORD005883,PROD0016,1,0.0,7000.0,2800.0
ORD005884,PROD0008,2,0.05,28500.0,7500.0
ORD005884,PROD0005,2,0.1,8100.0,2700.0
ORD005884,PROD0011,1,0.2,9600.0,2100.0
ORD005884,PROD0002,1,0.05,61750.0,10750.0
ORD005885,PROD0004,1,0.15,1020.0,370.0
ORD005886,PROD0027,2,0.2,10400.0,2600.0
ORD005887,PROD0014,1,0.0,28000.0,9000.0
ORD005887,PROD0001,2,0.0,170000.0,34000.0
ORD005888,PROD0026,3,0.0,16500.0,6900.0
ORD005888,PROD0011,1,0.05,11400.0,3900.0
ORD005889,PROD0024,1,0.15,3570.0,1370.0
ORD005890,PROD0027,3,0.15,16575.0,4875.0
ORD005890,PROD0015,2,0.05,16150.0,6150.0
ORD005890,PROD0011,2,0.05,22800.0,7800.0
ORD005891,PROD0022,1,0.0,900.0,450.0
ORD005892,PROD0005,2,0.05,8550.0,3150.0
ORD005893,PROD0024,2,0.1,7560.0,3160.0
ORD005894,PROD0018,4,0.0,2600.0,1280.0
ORD005894,PROD0009,4,0.2,176000.0,8000.0
ORD005895,PROD0014,4,0.05,106400.0,30400.0
ORD005896,PROD0022,1,0.2,720.0,270.0
ORD005896,PROD0028,1,0.05,1710.0,760.0
ORD005897,PROD0024,3,0.15,10710.0,4110.0
ORD005898,PROD0012,2,0.1,32400.0,10400.0
ORD005898,PROD0020,1,0.2,19200.0,2200.0
ORD005898,PROD0025,1,0.05,3325.0,1525.0
ORD005899,PROD0024,1,0.0,4200.0,2000.0
ORD005900,PROD0010,2,0.1,39600.0,7600.0
ORD005901,PROD0012,1,0.0,18000.0,7000.0
ORD005901,PROD0022,1,0.15,765.0,315.0
ORD005902,PROD0009,1,0.15,46750.0,4750.0
ORD005903,PROD0005,1,0.0,4500.0,1800.0
ORD005904,PROD0005,1,0.05,4275.0,1575.0
ORD005904,PROD0014,1,0.0,28000.0,9000.0
ORD005904,PROD0007,2,0.0,44000.0,13000.0
ORD005905,PROD0005,1,0.0,4500.0,1800.0
ORD005906,PROD0005,1,0.15,3825.0,1125.0
ORD005906,PROD0021,2,0.2,2880.0,980.0
ORD005907,PROD0017,1,0.15,382.5,162.5
ORD005908,PROD0022,3,0.0,2700.0,1350.0
ORD005908,PROD0019,1,0.0,15000.0,4500.0
ORD005908,PROD0001,1,0.0,85000.0,17000.0
ORD005909,PROD0006,2,0.0,4400.0,2000.0
ORD005910,PROD0024,2,0.0,8400.0,4000.0
ORD005911,PROD0007,1,0.05,20900.0,5400.0
ORD005912,PROD0010,1,0.15,18700.0,2700.0
ORD005913,PROD0003,2,0.15,178500.0,8500.0
ORD005913,PROD0007,1,0.15,18700.0,3200.0
ORD005913,PROD0011,2,0.0,24000.0,9000.0
ORD005914,PROD0015,4,0.1,30600.0,10600.0
ORD005915,PROD0021,3,0.05,5130.0,2280.0
ORD005915,PROD0003,1,0.2,84000.0,-1000.0
ORD005916,PROD0012,1,0.15,15300.0,4300.0
ORD005917,PROD0012,3,0.2,43200.0,10200.0
ORD005918,PROD0008,1,0.0,15000.0,4500.0
ORD005918,PROD0021,1,0.05,1710.0,760.0
ORD005918,PROD0017,1,0.0,450.0,230.0
ORD005918,PROD0006,2,0.0,4400.0,2000.0
ORD005919,PROD0018,1,0.15,552.5,222.5
ORD005920,PROD0024,1,0.1,3780.0,1580.0
ORD005920,PROD0009,2,0.0,110000.0,26000.0
ORD005921,PROD0010,1,0.1,19800.0,3800.0
ORD005921,PROD0012,1,0.15,15300.0,4300.0
ORD005921,PROD0015,5,0.2,34000.0,9000.0
ORD005922,PROD0021,4,0.05,6840.0,3040.0
ORD005922,PROD0017,2,0.0,900.0,460.0
ORD005923,PROD0020,4,0.0,96000.0,28000.0
ORD005923,PROD0007,1,0.05,20900.0,5400.0
ORD005923,PROD0004,1,0.0,1200.0,550.0
ORD005924,PROD0017,4,0.0,1800.0,920.0
ORD005925,PROD0014,2,0.2,44800.0,6800.0
ORD005925,PROD0015,1,0.05,8075.0,3075.0
ORD005926,PROD0027,1,0.0,6500.0,2600.0
ORD005927,PROD0015,2,0.05,16150.0,6150.0
ORD005928,PROD0026,3,0.05,15675.0,6075.0
ORD005928,PROD0023,1,0.0,2500.0,1200.0
ORD005929,PROD0009,1,0.05,52250.0,10250.0
ORD005930,PROD0028,4,0.2,5760.0,1960.0
ORD005930,PROD0012,1,0.0,18000.0,7000.0
ORD005931,PROD0017,3,0.1,1215.0,555.0
ORD005932,PROD0001,2,0.05,161500.0,25500.0
ORD005933,PROD0015,5,0.05,40375.0,15375.0
ORD005933,PROD0005,1,0.0,4500.0,1800.0
ORD005934,PROD0009,1,0.1,49500.0,7500.0
ORD005934,PROD0003,1,0.1,94500.0,9500.0
ORD005934,PROD0018,2,0.0,1300.0,640.0
ORD005935,PROD0015,4,0.15,28900.0,8900.0
ORD005935,PROD0018,1,0.15,552.5,222.5
ORD005936,PROD0018,2,0.05,1235.0,575.0
ORD005936,PROD0013,4,0.0,64000.0,24000.0
ORD005937,PROD0004,1,0.0,1200.0,550.0
ORD005937,PROD0020,1,0.0,24000.0,7000.0
ORD005937,PROD0027,1,0.0,6500.0,2600.0
ORD005938,PROD0001,1,0.2,68000.0,0.0
ORD005939,PROD0004,1,0.0,1200.0,550.0
ORD005940,PROD0024,3,0.0,12600.0,6000.0
ORD005941,PROD0020,3,0.0,72000.0,21000.0
ORD005942,PROD0016,1,0.05,6650.0,2450.0
ORD005942,PROD0011,1,0.1,10800.0,3300.0
ORD005943,PROD0019,1,0.0,15000.0,4500.0
ORD005943,PROD0010,1,0.15,18700.0,2700.0
ORD005944,PROD0020,1,0.05,22800.0,5800.0
ORD005944,PROD0012,2,0.0,36000.0,14000.0
ORD005945,PROD0011,2,0.0,24000.0,9000.0
ORD005946,PROD0017,1,0.0,450.0,230.0
ORD005947,PROD0005,1,0.0,4500.0,1800.0
ORD005947,PROD0020,3,0.2,57600.0,6600.0
ORD005947,PROD0014,1,0.0,28000.0,9000.0
ORD005948,PROD0022,2,0.1,1620.0,720.0
ORD005949,PROD0028,1,0.2,1440.0,490.0
ORD005949,PROD0020,1,0.0,24000.0,7000.0
ORD005950,PROD0017,4,0.15,1530.0,650.0
ORD005951,PROD0019,1,0.15,12750.0,2250.0
ORD005951,PROD0005,2,0.0,9000.0,3600.0
ORD005952,PROD0023,1,0.05,2375.0,1075.0
ORD005953,PROD0017,1,0.0,450.0,230.0
ORD005954,PROD0004,4,0.05,4560.0,1960.0
ORD005955,PROD0007,4,0.0,88000.0,26000.0
ORD005956,PROD0011,4,0.1,43200.0,13200.0
ORD005956,PROD0012,1,0.0,18000.0,7000.0
ORD005957,PROD0014,2,0.1,50400.0,12400.0
ORD005957,PROD0022,1,0.2,720.0,270.0
ORD005958,PROD0020,1,0.0,24000.0,7000.0
ORD005958,PROD0009,2,0.0,110000.0,26000.0
ORD005959,PROD0024,2,0.1,7560.0,3160.0
ORD005959,PROD0015,1,0.15,7225.0,2225.0
ORD005960,PROD0004,2,0.15,2040.0,740.0
ORD005960,PROD0015,3,0.1,22950.0,7950.0
ORD005961,PROD0008,1,0.1,13500.0,3000.0
ORD005962,PROD0009,3,0.0,165000.0,39000.0
ORD005962,PROD0006,1,0.15,1870.0,670.0
ORD005963,PROD0028,1,0.2,1440.0,490.0
ORD005963,PROD0002,1,0.0,65000.0,14000.0
ORD005963,PROD0019,3,0.1,40500.0,9000.0
ORD005964,PROD0012,1,0.0,18000.0,7000.0
ORD005964,PROD0016,4,0.0,28000.0,11200.0
ORD005964,PROD0009,1,0.15,46750.0,4750.0
ORD005965,PROD0021,1,0.2,1440.0,490.0
ORD005965,PROD0023,1,0.0,2500.0,1200.0
ORD005966,PROD0015,1,0.2,6800.0,1800.0
ORD005967,PROD0008,4,0.2,48000.0,6000.0
ORD005967,PROD0002,4,0.05,247000.0,43000.0
ORD005968,PROD0020,1,0.15,20400.0,3400.0
ORD005968,PROD0016,2,0.1,12600.0,4200.0
ORD005969,PROD0023,2,0.2,4000.0,1400.0
ORD005970,PROD0004,3,0.0,3600.0,1650.0
ORD005970,PROD0020,1,0.2,19200.0,2200.0
ORD005971,PROD0008,4,0.05,57000.0,15000.0
ORD005971,PROD0009,1,0.15,46750.0,4750.0
ORD005972,PROD0004,2,0.0,2400.0,1100.0
ORD005973,PROD0017,1,0.0,450.0,230.0
ORD005974,PROD0019,1,0.0,15000.0,4500.0
ORD005975,PROD0023,1,0.0,2500.0,1200.0
ORD005976,PROD0019,2,0.0,30000.0,9000.0
ORD005977,PROD0024,1,0.05,3990.0,1790.0
ORD005978,PROD0022,3,0.05,2565.0,1215.0
ORD005979,PROD0019,1,0.0,15000.0,4500.0
ORD005980,PROD0011,1,0.15,10200.0,2700.0
ORD005980,PROD0005,2,0.0,9000.0,3600.0
ORD005980,PROD0008,2,0.05,28500.0,7500.0
ORD005980,PROD0016,1,0.15,5950.0,1750.0
ORD005981,PROD0011,4,0.0,48000.0,18000.0
ORD005981,PROD0013,1,0.2,12800.0,2800.0
ORD005982,PROD0007,1,0.0,22000.0,6500.0
ORD005983,PROD0028,2,0.0,3600.0,1700.0
ORD005983,PROD0021,3,0.2,4320.0,1470.0
ORD005984,PROD0003,2,0.0,210000.0,40000.0
ORD005985,PROD0010,2,0.2,35200.0,3200.0
ORD005986,PROD0005,1,0.0,4500.0,1800.0
ORD005987,PROD0014,2,0.05,53200.0,15200.0
ORD005988,PROD0026,2,0.15,9350.0,2950.0
ORD005988,PROD0009,1,0.1,49500.0,7500.0
ORD005989,PROD0012,2,0.1,32400.0,10400.0
ORD005990,PROD0010,4,0.0,88000.0,24000.0
ORD005991,PROD0022,3,0.0,2700.0,1350.0
ORD005991,PROD0016,1,0.15,5950.0,1750.0
ORD005991,PROD0024,2,0.0,8400.0,4000.0
ORD005992,PROD0023,4,0.15,8500.0,3300.0
ORD005992,PROD0021,3,0.05,5130.0,2280.0
ORD005992,PROD0002,1,0.15,55250.0,4250.0
ORD005993,PROD0027,2,0.1,11700.0,3900.0
ORD005993,PROD0004,1,0.2,960.0,310.0
ORD005994,PROD0001,3,0.15,216750.0,12750.0
ORD005995,PROD0006,4,0.0,8800.0,4000.0
ORD005996,PROD0013,1,0.15,13600.0,3600.0
ORD005997,PROD0004,1,0.2,960.0,310.0
ORD005997,PROD0022,3,0.1,2430.0,1080.0
ORD005998,PROD0002,4,0.0,260000.0,56000.0
ORD005998,PROD0005,3,0.1,12150.0,4050.0
ORD005999,PROD0013,5,0.15,68000.0,18000.0
ORD006000,PROD0001,2,0.0,170000.0,34000.0
ORD006001,PROD0022,1,0.1,810.0,360.0
ORD006001,PROD0026,3,0.0,16500.0,6900.0
ORD006002,PROD0014,1,0.0,28000.0,9000.0
ORD006002,PROD0010,3,0.1,59400.0,11400.0
ORD006003,PROD0007,1,0.2,17600.0,2100.0
ORD006003,PROD0012,1,0.0,18000.0,7000.0
ORD006004,PROD0008,2,0.1,27000.0,6000.0
ORD006005,PROD0006,3,0.15,5610.0,2010.0
ORD006005,PROD0010,1,0.1,19800.0,3800.0
ORD006006,PROD0020,1,0.0,24000.0,7000.0
ORD006006,PROD0005,1,0.0,4500.0,1800.0
ORD006007,PROD0009,1,0.0,55000.0,13000.0
ORD006007,PROD0011,2,0.0,24000.0,9000.0
ORD006008,PROD0020,1,0.05,22800.0,5800.0
ORD006008,PROD0022,1,0.05,855.0,405.0
ORD006009,PROD0020,1,0.15,20400.0,3400.0
ORD006009,PROD0011,2,0.2,19200.0,4200.0
ORD006010,PROD0013,3,0.05,45600.0,15600.0
ORD006011,PROD0007,3,0.0,66000.0,19500.0
ORD006012,PROD0011,3,0.2,28800.0,6300.0
ORD006013,PROD0022,1,0.0,900.0,450.0
ORD006014,PROD0019,1,0.1,13500.0,3000.0
ORD006014,PROD0013,2,0.0,32000.0,12000.0
ORD006015,PROD0018,1,0.0,650.0,320.0
ORD006016,PROD0024,1,0.0,4200.0,2000.0
ORD006016,PROD0006,2,0.0,4400.0,2000.0
ORD006017,PROD0023,2,0.0,5000.0,2400.0
ORD006017,PROD0026,2,0.1,9900.0,3500.0
ORD006017,PROD0022,3,0.05,2565.0,1215.0
ORD006017,PROD0012,2,0.0,36000.0,14000.0
ORD006018,PROD0002,1,0.2,52000.0,1000.0
ORD006019,PROD0023,3,0.05,7125.0,3225.0
ORD006019,PROD0018,1,0.0,650.0,320.0
ORD006020,PROD0006,2,0.05,4180.0,1780.0
ORD006020,PROD0004,1,0.1,1080.0,430.0
ORD006021,PROD0005,2,0.15,7650.0,2250.0
ORD006021,PROD0012,3,0.1,48600.0,15600.0
ORD006022,PROD0017,1,0.0,450.0,230.0
ORD006022,PROD0008,1,0.15,12750.0,2250.0
ORD006022,PROD0019,1,0.15,12750.0,2250.0
ORD006023,PROD0021,1,0.1,1620.0,670.0
ORD006024,PROD0002,3,0.1,175500.0,22500.0
ORD006024,PROD0005,1,0.1,4050.0,1350.0
ORD006025,PROD0027,1,0.0,6500.0,2600.0
ORD006026,PROD0004,1,0.0,1200.0,550.0
ORD006026,PROD0005,2,0.05,8550.0,3150.0
ORD006026,PROD0014,2,0.05,53200.0,15200.0
ORD006027,PROD0021,1,0.15,1530.0,580.0
ORD006027,PROD0024,1,0.0,4200.0,2000.0
ORD006028,PROD0004,1,0.05,1140.0,490.0
ORD006029,PROD0018,2,0.0,1300.0,640.0
ORD006030,PROD0006,1,0.05,2090.0,890.0
ORD006031,PROD0028,1,0.0,1800.0,850.0
ORD006032,PROD0023,1,0.0,2500.0,1200.0
ORD006033,PROD0012,4,0.05,68400.0,24400.0
ORD006033,PROD0013,1,0.1,14400.0,4400.0
ORD006034,PROD0020,3,0.0,72000.0,21000.0
ORD006034,PROD0024,2,0.15,7140.0,2740.0
ORD006034,PROD0011,2,0.2,19200.0,4200.0
ORD006035,PROD0025,1,0.0,3500.0,1700.0
ORD006036,PROD0025,3,0.2,8400.0,3000.0
ORD006036,PROD0015,1,0.1,7650.0,2650.0
ORD006036,PROD0014,3,0.2,67200.0,10200.0
ORD006037,PROD0014,4,0.2,89600.0,13600.0
ORD006038,PROD0018,1,0.0,650.0,320.0
ORD006039,PROD0014,1,0.05,26600.0,7600.0
ORD006039,PROD0019,1,0.0,15000.0,4500.0
ORD006039,PROD0012,1,0.1,16200.0,5200.0
ORD006039,PROD0022,1,0.0,900.0,450.0
ORD006040,PROD0002,2,0.2,104000.0,2000.0
ORD006040,PROD0013,2,0.0,32000.0,12000.0
ORD006040,PROD0015,3,0.0,25500.0,10500.0
ORD006041,PROD0019,2,0.0,30000.0,9000.0
ORD006042,PROD0028,1,0.1,1620.0,670.0
ORD006042,PROD0027,1,0.0,6500.0,2600.0
ORD006043,PROD0014,4,0.05,106400.0,30400.0
ORD006043,PROD0009,2,0.0,110000.0,26000.0
ORD006043,PROD0013,3,0.1,43200.0,13200.0
ORD006044,PROD0025,1,0.05,3325.0,1525.0
ORD006045,PROD0001,2,0.15,144500.0,8500.0
ORD006046,PROD0017,2,0.2,720.0,280.0
ORD006047,PROD0017,1,0.0,450.0,230.0
ORD006047,PROD0012,1,0.0,18000.0,7000.0
ORD006048,PROD0011,3,0.15,30600.0,8100.0
ORD006048,PROD0001,2,0.0,170000.0,34000.0
ORD006049,PROD0006,1,0.0,2200.0,1000.0
ORD006049,PROD0011,2,0.2,19200.0,4200.0
ORD006050,PROD0001,1,0.2,68000.0,0.0
ORD006051,PROD0010,2,0.05,41800.0,9800.0
ORD006051,PROD0009,4,0.2,176000.0,8000.0
ORD006052,PROD0016,1,0.0,7000.0,2800.0
ORD006053,PROD0004,1,0.0,1200.0,550.0
ORD006053,PROD0028,2,0.05,3420.0,1520.0
ORD006053,PROD0010,2,0.0,44000.0,12000.0
ORD006054,PROD0005,2,0.0,9000.0,3600.0
ORD006054,PROD0022,1,0.2,720.0,270.0
ORD006055,PROD0020,2,0.1,43200.0,9200.0
ORD006055,PROD0008,1,0.15,12750.0,2250.0
ORD006056,PROD0008,2,0.1,27000.0,6000.0
ORD006056,PROD0011,2,0.2,19200.0,4200.0
ORD006056,PROD0017,2,0.1,810.0,370.0
ORD006056,PROD0028,3,0.0,5400.0,2550.0
ORD006057,PROD0012,1,0.0,18000.0,7000.0
ORD006058,PROD0021,1,0.0,1800.0,850.0
ORD006058,PROD0020,2,0.05,45600.0,11600.0
ORD006058,PROD0023,2,0.0,5000.0,2400.0
ORD006059,PROD0001,2,0.0,170000.0,34000.0
ORD006060,PROD0003,1,0.0,105000.0,20000.0
ORD006061,PROD0015,2,0.0,17000.0,7000.0
ORD006061,PROD0008,1,0.1,13500.0,3000.0
ORD006062,PROD0007,1,0.0,22000.0,6500.0
ORD006063,PROD0020,1,0.2,19200.0,2200.0
ORD006063,PROD0023,1,0.15,2125.0,825.0
ORD006064,PROD0022,5,0.0,4500.0,2250.0
ORD006065,PROD0013,3,0.1,43200.0,13200.0
ORD006065,PROD0021,2,0.15,3060.0,1160.0
ORD006066,PROD0002,2,0.1,117000.0,15000.0
ORD006066,PROD0001,1,0.2,68000.0,0.0
ORD006066,PROD0028,1,0.0,1800.0,850.0
ORD006067,PROD0010,2,0.0,44000.0,12000.0
ORD006067,PROD0012,1,0.15,15300.0,4300.0
ORD006067,PROD0020,1,0.0,24000.0,7000.0
ORD006068,PROD0010,1,0.1,19800.0,3800.0
ORD006068,PROD0027,1,0.15,5525.0,1625.0
ORD006069,PROD0014,2,0.2,44800.0,6800.0
ORD006069,PROD0011,1,0.05,11400.0,3900.0
ORD006069,PROD0009,1,0.0,55000.0,13000.0
ORD006070,PROD0012,1,0.0,18000.0,7000.0
ORD006071,PROD0004,1,0.0,1200.0,550.0
ORD006071,PROD0020,3,0.2,57600.0,6600.0
ORD006071,PROD0002,1,0.0,65000.0,14000.0
ORD006071,PROD0019,5,0.2,60000.0,7500.0
ORD006072,PROD0026,2,0.05,10450.0,4050.0
ORD006073,PROD0001,2,0.0,170000.0,34000.0
ORD006073,PROD0028,3,0.05,5130.0,2280.0
ORD006074,PROD0004,2,0.2,1920.0,620.0
ORD006074,PROD0007,1,0.2,17600.0,2100.0
ORD006075,PROD0026,3,0.0,16500.0,6900.0
ORD006076,PROD0020,1,0.2,19200.0,2200.0
ORD006077,PROD0019,1,0.0,15000.0,4500.0
ORD006077,PROD0027,1,0.15,5525.0,1625.0
ORD006078,PROD0014,2,0.2,44800.0,6800.0
ORD006079,PROD0005,1,0.2,3600.0,900.0
ORD006080,PROD0027,1,0.15,5525.0,1625.0
ORD006080,PROD0012,2,0.0,36000.0,14000.0
ORD006081,PROD0014,3,0.15,71400.0,14400.0
ORD006081,PROD0001,1,0.05,80750.0,12750.0
ORD006082,PROD0001,1,0.0,85000.0,17000.0
ORD006083,PROD0003,2,0.0,210000.0,40000.0
ORD006084,PROD0025,1,0.1,3150.0,1350.0
ORD006084,PROD0028,2,0.05,3420.0,1520.0
ORD006084,PROD0009,2,0.0,110000.0,26000.0
ORD006085,PROD0016,1,0.0,7000.0,2800.0
ORD006085,PROD0007,3,0.1,59400.0,12900.0
ORD006085,PROD0023,1,0.15,2125.0,825.0
ORD006086,PROD0007,1,0.2,17600.0,2100.0
ORD006086,PROD0016,1,0.15,5950.0,1750.0
ORD006087,PROD0023,1,0.15,2125.0,825.0
ORD006088,PROD0016,3,0.1,18900.0,6300.0
ORD006089,PROD0001,1,0.1,76500.0,8500.0
ORD006090,PROD0026,2,0.2,8800.0,2400.0
ORD006091,PROD0003,2,0.0,210000.0,40000.0
ORD006091,PROD0004,2,0.1,2160.0,860.0
ORD006092,PROD0022,4,0.0,3600.0,1800.0
ORD006093,PROD0009,1,0.0,55000.0,13000.0
ORD006094,PROD0015,1,0.05,8075.0,3075.0
ORD006095,PROD0025,1,0.05,3325.0,1525.0
ORD006095,PROD0004,2,0.05,2280.0,980.0
ORD006095,PROD0005,1,0.15,3825.0,1125.0
ORD006096,PROD0025,3,0.15,8925.0,3525.0
ORD006097,PROD0017,2,0.0,900.0,460.0
ORD006098,PROD0006,1,0.1,1980.0,780.0
ORD006098,PROD0024,4,0.0,16800.0,8000.0
ORD006099,PROD0010,3,0.0,66000.0,18000.0
ORD006099,PROD0017,3,0.0,1350.0,690.0
ORD006099,PROD0022,2,0.1,1620.0,720.0
ORD006100,PROD0025,1,0.0,3500.0,1700.0
ORD006100,PROD0018,2,0.05,1235.0,575.0
ORD006101,PROD0025,1,0.0,3500.0,1700.0
ORD006102,PROD0022,2,0.0,1800.0,900.0
ORD006102,PROD0028,2,0.2,2880.0,980.0
ORD006102,PROD0011,2,0.1,21600.0,6600.0
ORD006102,PROD0020,1,0.0,24000.0,7000.0
ORD006103,PROD0004,1,0.15,1020.0,370.0
ORD006104,PROD0026,2,0.2,8800.0,2400.0
ORD006105,PROD0008,2,0.0,30000.0,9000.0
ORD006105,PROD0028,1,0.15,1530.0,580.0
ORD006105,PROD0021,1,0.0,1800.0,850.0
ORD006106,PROD0002,3,0.15,165750.0,12750.0
ORD006107,PROD0019,1,0.2,12000.0,1500.0
ORD006107,PROD0006,2,0.05,4180.0,1780.0
ORD006108,PROD0008,4,0.1,54000.0,12000.0
ORD006109,PROD0014,1,0.2,22400.0,3400.0
ORD006110,PROD0003,2,0.0,210000.0,40000.0
ORD006111,PROD0020,2,0.1,43200.0,9200.0
ORD006111,PROD0023,1,0.0,2500.0,1200.0
ORD006111,PROD0016,1,0.0,7000.0,2800.0
ORD006112,PROD0015,1,0.0,8500.0,3500.0
ORD006113,PROD0002,1,0.0,65000.0,14000.0
ORD006114,PROD0009,1,0.2,44000.0,2000.0
ORD006114,PROD0001,2,0.05,161500.0,25500.0
ORD006115,PROD0021,2,0.15,3060.0,1160.0
ORD006116,PROD0013,3,0.0,48000.0,18000.0
ORD006116,PROD0005,1,0.15,3825.0,1125.0
ORD006117,PROD0024,1,0.15,3570.0,1370.0
ORD006118,PROD0004,1,0.1,1080.0,430.0
ORD006118,PROD0008,1,0.15,12750.0,2250.0
ORD006118,PROD0009,4,0.2,176000.0,8000.0
ORD006119,PROD0001,1,0.1,76500.0,8500.0
ORD006119,PROD0019,1,0.2,12000.0,1500.0
ORD006120,PROD0017,4,0.1,1620.0,740.0
ORD006121,PROD0009,2,0.15,93500.0,9500.0
ORD006122,PROD0024,1,0.0,4200.0,2000.0
ORD006122,PROD0020,1,0.2,19200.0,2200.0
ORD006123,PROD0025,1,0.05,3325.0,1525.0
ORD006124,PROD0027,1,0.0,6500.0,2600.0
ORD006125,PROD0015,1,0.0,8500.0,3500.0
ORD006125,PROD0027,2,0.1,11700.0,3900.0
ORD006126,PROD0009,3,0.0,165000.0,39000.0
ORD006127,PROD0010,1,0.0,22000.0,6000.0
ORD006128,PROD0026,1,0.0,5500.0,2300.0
ORD006129,PROD0026,1,0.0,5500.0,2300.0
ORD006130,PROD0005,2,0.1,8100.0,2700.0
ORD006131,PROD0018,2,0.0,1300.0,640.0
ORD006131,PROD0022,1,0.2,720.0,270.0
ORD006132,PROD0018,2,0.0,1300.0,640.0
ORD006133,PROD0003,1,0.1,94500.0,9500.0
ORD006134,PROD0003,1,0.1,94500.0,9500.0
ORD006135,PROD0025,1,0.1,3150.0,1350.0
ORD006136,PROD0016,1,0.0,7000.0,2800.0
ORD006136,PROD0011,2,0.05,22800.0,7800.0
ORD006137,PROD0005,2,0.05,8550.0,3150.0
ORD006138,PROD0012,3,0.0,54000.0,21000.0
ORD006138,PROD0009,1,0.0,55000.0,13000.0
ORD006139,PROD0025,1,0.1,3150.0,1350.0
ORD006139,PROD0026,2,0.0,11000.0,4600.0
ORD006139,PROD0001,2,0.0,170000.0,34000.0
ORD006139,PROD0023,1,0.0,2500.0,1200.0
ORD006140,PROD0028,3,0.0,5400.0,2550.0
ORD006141,PROD0010,3,0.1,59400.0,11400.0
ORD006142,PROD0007,3,0.0,66000.0,19500.0
ORD006143,PROD0002,1,0.0,65000.0,14000.0
ORD006143,PROD0028,2,0.1,3240.0,1340.0
ORD006143,PROD0014,2,0.15,47600.0,9600.0
ORD006144,PROD0016,1,0.0,7000.0,2800.0
ORD006144,PROD0015,1,0.0,8500.0,3500.0
ORD006145,PROD0017,1,0.15,382.5,162.5
ORD006146,PROD0012,2,0.1,32400.0,10400.0
ORD006147,PROD0026,4,0.0,22000.0,9200.0
ORD006147,PROD0006,4,0.1,7920.0,3120.0
ORD006147,PROD0014,2,0.2,44800.0,6800.0
ORD006148,PROD0025,1,0.1,3150.0,1350.0
ORD006148,PROD0012,1,0.1,16200.0,5200.0
ORD006148,PROD0004,2,0.15,2040.0,740.0
ORD006148,PROD0024,2,0.15,7140.0,2740.0
ORD006149,PROD0017,3,0.2,1080.0,420.0
ORD006149,PROD0004,4,0.1,4320.0,1720.0
ORD006150,PROD0018,1,0.2,520.0,190.0
ORD006151,PROD0018,1,0.15,552.5,222.5
ORD006151,PROD0008,1,0.0,15000.0,4500.0
ORD006151,PROD0010,1,0.15,18700.0,2700.0
ORD006152,PROD0024,1,0.2,3360.0,1160.0
ORD006152,PROD0021,1,0.0,1800.0,850.0
ORD006152,PROD0011,1,0.15,10200.0,2700.0
ORD006153,PROD0004,2,0.05,2280.0,980.0
ORD006154,PROD0001,1,0.2,68000.0,0.0
ORD006155,PROD0019,1,0.0,15000.0,4500.0
ORD006155,PROD0022,1,0.0,900.0,450.0
ORD006155,PROD0007,3,0.2,52800.0,6300.0
ORD006156,PROD0002,1,0.15,55250.0,4250.0
ORD006156,PROD0028,1,0.15,1530.0,580.0
ORD006157,PROD0015,1,0.0,8500.0,3500.0
ORD006157,PROD0008,1,0.15,12750.0,2250.0
ORD006157,PROD0004,1,0.15,1020.0,370.0
ORD006158,PROD0026,2,0.2,8800.0,2400.0
ORD006159,PROD0010,1,0.2,17600.0,1600.0
ORD006159,PROD0009,2,0.0,110000.0,26000.0
ORD006159,PROD0016,4,0.0,28000.0,11200.0
ORD006160,PROD0003,1,0.2,84000.0,-1000.0
ORD006160,PROD0006,1,0.1,1980.0,780.0
ORD006160,PROD0012,1,0.1,16200.0,5200.0
ORD006161,PROD0002,1,0.1,58500.0,7500.0
ORD006161,PROD0005,3,0.15,11475.0,3375.0
ORD006161,PROD0010,1,0.2,17600.0,1600.0
ORD006161,PROD0028,1,0.0,1800.0,850.0
ORD006162,PROD0020,1,0.0,24000.0,7000.0
ORD006163,PROD0019,2,0.2,24000.0,3000.0
ORD006164,PROD0005,3,0.1,12150.0,4050.0
ORD006165,PROD0003,4,0.1,378000.0,38000.0
ORD006166,PROD0017,2,0.0,900.0,460.0
ORD006167,PROD0012,3,0.0,54000.0,21000.0
ORD006168,PROD0018,1,0.0,650.0,320.0
ORD006168,PROD0002,2,0.05,123500.0,21500.0
ORD006168,PROD0012,1,0.0,18000.0,7000.0
ORD006169,PROD0028,1,0.0,1800.0,850.0
ORD006170,PROD0011,3,0.0,36000.0,13500.0
ORD006171,PROD0002,1,0.05,61750.0,10750.0
ORD006172,PROD0025,1,0.0,3500.0,1700.0
ORD006172,PROD0018,1,0.2,520.0,190.0
ORD006172,PROD0012,4,0.05,68400.0,24400.0
ORD006173,PROD0008,2,0.15,25500.0,4500.0
ORD006173,PROD0018,3,0.0,1950.0,960.0
ORD006173,PROD0009,2,0.1,99000.0,15000.0
ORD006173,PROD0028,1,0.0,1800.0,850.0
ORD006174,PROD0028,1,0.2,1440.0,490.0
ORD006175,PROD0006,1,0.1,1980.0,780.0
ORD006176,PROD0018,1,0.0,650.0,320.0
ORD006176,PROD0006,5,0.05,10450.0,4450.0
ORD006177,PROD0011,1,0.15,10200.0,2700.0
ORD006177,PROD0027,1,0.0,6500.0,2600.0
ORD006177,PROD0004,2,0.0,2400.0,1100.0
ORD006177,PROD0003,4,0.15,357000.0,17000.0
ORD006178,PROD0005,1,0.0,4500.0,1800.0
ORD006179,PROD0012,1,0.2,14400.0,3400.0
ORD006180,PROD0010,2,0.0,44000.0,12000.0
ORD006181,PROD0006,5,0.1,9900.0,3900.0
ORD006181,PROD0028,1,0.0,1800.0,850.0
ORD006182,PROD0026,1,0.2,4400.0,1200.0
ORD006182,PROD0013,2,0.15,27200.0,7200.0
ORD006183,PROD0013,1,0.0,16000.0,6000.0
ORD006184,PROD0003,1,0.0,105000.0,20000.0
ORD006185,PROD0027,1,0.0,6500.0,2600.0
ORD006185,PROD0002,1,0.15,55250.0,4250.0
ORD006185,PROD0007,4,0.0,88000.0,26000.0
ORD006186,PROD0007,1,0.0,22000.0,6500.0
ORD006187,PROD0015,3,0.15,21675.0,6675.0
ORD006188,PROD0006,3,0.05,6270.0,2670.0
ORD006188,PROD0014,1,0.05,26600.0,7600.0
ORD006189,PROD0015,2,0.0,17000.0,7000.0
ORD006190,PROD0025,4,0.2,11200.0,4000.0
ORD006190,PROD0011,1,0.15,10200.0,2700.0
ORD006191,PROD0023,1,0.2,2000.0,700.0
ORD006191,PROD0002,1,0.0,65000.0,14000.0
ORD006192,PROD0020,1,0.0,24000.0,7000.0
ORD006193,PROD0008,1,0.1,13500.0,3000.0
ORD006194,PROD0021,1,0.15,1530.0,580.0
ORD006194,PROD0013,1,0.2,12800.0,2800.0
ORD006195,PROD0017,1,0.0,450.0,230.0
ORD006195,PROD0020,1,0.05,22800.0,5800.0
ORD006196,PROD0012,1,0.0,18000.0,7000.0
ORD006197,PROD0019,2,0.0,30000.0,9000.0
ORD006198,PROD0004,2,0.15,2040.0,740.0
ORD006198,PROD0025,1,0.2,2800.0,1000.0
ORD006198,PROD0024,1,0.0,4200.0,2000.0
ORD006199,PROD0001,2,0.0,170000.0,34000.0
ORD006200,PROD0021,1,0.2,1440.0,490.0
ORD006201,PROD0017,1,0.1,405.0,185.0
ORD006202,PROD0026,1,0.0,5500.0,2300.0
ORD006203,PROD0024,1,0.0,4200.0,2000.0
ORD006204,PROD0021,1,0.15,1530.0,580.0
ORD006204,PROD0008,2,0.0,30000.0,9000.0
ORD006204,PROD0014,2,0.05,53200.0,15200.0
ORD006204,PROD0009,2,0.2,88000.0,4000.0
ORD006205,PROD0016,1,0.15,5950.0,1750.0
ORD006205,PROD0009,1,0.0,55000.0,13000.0
ORD006206,PROD0021,2,0.2,2880.0,980.0
ORD006206,PROD0002,1,0.05,61750.0,10750.0
ORD006207,PROD0026,1,0.05,5225.0,2025.0
ORD006208,PROD0019,4,0.15,51000.0,9000.0
ORD006209,PROD0002,3,0.05,185250.0,32250.0
ORD006210,PROD0021,3,0.2,4320.0,1470.0
ORD006211,PROD0006,2,0.0,4400.0,2000.0
ORD006212,PROD0017,1,0.1,405.0,185.0
ORD006213,PROD0028,1,0.05,1710.0,760.0
ORD006214,PROD0025,4,0.1,12600.0,5400.0
ORD006215,PROD0004,1,0.1,1080.0,430.0
ORD006216,PROD0022,3,0.05,2565.0,1215.0
ORD006216,PROD0028,1,0.15,1530.0,580.0
ORD006216,PROD0006,2,0.1,3960.0,1560.0
ORD006217,PROD0005,1,0.0,4500.0,1800.0
ORD006217,PROD0015,1,0.0,8500.0,3500.0
ORD006218,PROD0001,2,0.15,144500.0,8500.0
ORD006219,PROD0026,3,0.15,14025.0,4425.0
ORD006219,PROD0012,1,0.0,18000.0,7000.0
ORD006220,PROD0025,2,0.05,6650.0,3050.0
ORD006221,PROD0002,1,0.2,52000.0,1000.0
ORD006222,PROD0019,2,0.05,28500.0,7500.0
ORD006223,PROD0022,2,0.0,1800.0,900.0
ORD006224,PROD0026,1,0.2,4400.0,1200.0
ORD006225,PROD0020,2,0.2,38400.0,4400.0
ORD006225,PROD0016,4,0.0,28000.0,11200.0
ORD006225,PROD0006,1,0.0,2200.0,1000.0
ORD006226,PROD0016,1,0.0,7000.0,2800.0
ORD006227,PROD0025,2,0.0,7000.0,3400.0
ORD006228,PROD0025,1,0.1,3150.0,1350.0
ORD006228,PROD0024,1,0.0,4200.0,2000.0
ORD006229,PROD0015,1,0.0,8500.0,3500.0
ORD006229,PROD0003,2,0.15,178500.0,8500.0
ORD006229,PROD0027,1,0.1,5850.0,1950.0
ORD006230,PROD0017,1,0.2,360.0,140.0
ORD006231,PROD0002,2,0.05,123500.0,21500.0
ORD006232,PROD0008,1,0.15,12750.0,2250.0
ORD006232,PROD0016,1,0.05,6650.0,2450.0
ORD006233,PROD0026,1,0.1,4950.0,1750.0
ORD006233,PROD0005,1,0.0,4500.0,1800.0
ORD006234,PROD0002,1,0.0,65000.0,14000.0
ORD006235,PROD0021,1,0.0,1800.0,850.0
ORD006235,PROD0020,1,0.1,21600.0,4600.0
ORD006235,PROD0027,2,0.0,13000.0,5200.0
ORD006236,PROD0007,1,0.15,18700.0,3200.0
ORD006237,PROD0026,1,0.2,4400.0,1200.0
ORD006237,PROD0013,1,0.0,16000.0,6000.0
ORD006238,PROD0001,1,0.0,85000.0,17000.0
ORD006239,PROD0026,1,0.05,5225.0,2025.0
ORD006239,PROD0015,1,0.0,8500.0,3500.0
ORD006240,PROD0005,2,0.0,9000.0,3600.0
ORD006241,PROD0006,1,0.2,1760.0,560.0
ORD006241,PROD0023,1,0.1,2250.0,950.0
ORD006242,PROD0004,3,0.0,3600.0,1650.0
ORD006243,PROD0027,1,0.1,5850.0,1950.0
ORD006244,PROD0024,1,0.0,4200.0,2000.0
ORD006244,PROD0013,2,0.0,32000.0,12000.0
ORD006244,PROD0019,1,0.05,14250.0,3750.0
ORD006245,PROD0014,3,0.2,67200.0,10200.0
ORD006245,PROD0020,1,0.2,19200.0,2200.0
ORD006245,PROD0017,5,0.0,2250.0,1150.0
ORD006246,PROD0003,3,0.2,252000.0,-3000.0
ORD006246,PROD0026,5,0.0,27500.0,11500.0
ORD006247,PROD0018,2,0.0,1300.0,640.0
ORD006247,PROD0005,1,0.05,4275.0,1575.0
ORD006248,PROD0005,3,0.1,12150.0,4050.0
ORD006249,PROD0017,1,0.05,427.5,207.5
ORD006249,PROD0021,1,0.0,1800.0,850.0
ORD006249,PROD0013,3,0.05,45600.0,15600.0
ORD006250,PROD0026,1,0.0,5500.0,2300.0
ORD006251,PROD0010,2,0.1,39600.0,7600.0
ORD006252,PROD0011,1,0.0,12000.0,4500.0
ORD006253,PROD0024,3,0.0,12600.0,6000.0
ORD006253,PROD0006,3,0.15,5610.0,2010.0
ORD006254,PROD0005,2,0.15,7650.0,2250.0
ORD006254,PROD0011,1,0.0,12000.0,4500.0
ORD006254,PROD0027,2,0.0,13000.0,5200.0
ORD006255,PROD0011,5,0.0,60000.0,22500.0
ORD006255,PROD0001,1,0.0,85000.0,17000.0
ORD006256,PROD0005,1,0.0,4500.0,1800.0
ORD006256,PROD0014,1,0.0,28000.0,9000.0
ORD006257,PROD0021,1,0.05,1710.0,760.0
ORD006257,PROD0011,1,0.0,12000.0,4500.0
ORD006258,PROD0007,1,0.0,22000.0,6500.0
ORD006258,PROD0005,1,0.15,3825.0,1125.0
ORD006259,PROD0026,2,0.0,11000.0,4600.0
ORD006260,PROD0025,1,0.05,3325.0,1525.0
ORD006261,PROD0024,2,0.05,7980.0,3580.0
ORD006262,PROD0017,3,0.0,1350.0,690.0
ORD006263,PROD0016,2,0.05,13300.0,4900.0
ORD006264,PROD0020,3,0.1,64800.0,13800.0
ORD006264,PROD0002,1,0.0,65000.0,14000.0
ORD006264,PROD0027,2,0.05,12350.0,4550.0
ORD006265,PROD0028,1,0.2,1440.0,490.0
ORD006266,PROD0019,1,0.15,12750.0,2250.0
ORD006267,PROD0026,2,0.2,8800.0,2400.0
ORD006268,PROD0021,1,0.1,1620.0,670.0
ORD006269,PROD0021,1,0.15,1530.0,580.0
ORD006269,PROD0002,1,0.05,61750.0,10750.0
ORD006270,PROD0020,1,0.0,24000.0,7000.0
ORD006271,PROD0011,1,0.0,12000.0,4500.0
ORD006271,PROD0021,3,0.0,5400.0,2550.0
ORD006271,PROD0017,1,0.15,382.5,162.5
ORD006271,PROD0028,4,0.0,7200.0,3400.0
ORD006272,PROD0021,1,0.0,1800.0,850.0
ORD006272,PROD0015,1,0.05,8075.0,3075.0
ORD006273,PROD0019,1,0.2,12000.0,1500.0
ORD006274,PROD0028,1,0.0,1800.0,850.0
ORD006275,PROD0026,2,0.2,8800.0,2400.0
ORD006276,PROD0013,1,0.0,16000.0,6000.0
ORD006277,PROD0024,1,0.0,4200.0,2000.0
ORD006278,PROD0028,1,0.1,1620.0,670.0
ORD006279,PROD0010,2,0.0,44000.0,12000.0
ORD006279,PROD0014,2,0.15,47600.0,9600.0
ORD006280,PROD0024,1,0.0,4200.0,2000.0
ORD006281,PROD0004,3,0.0,3600.0,1650.0
ORD006282,PROD0011,2,0.1,21600.0,6600.0
ORD006283,PROD0007,2,0.1,39600.0,8600.0
ORD006284,PROD0007,1,0.0,22000.0,6500.0
ORD006285,PROD0011,2,0.0,24000.0,9000.0
ORD006286,PROD0014,1,0.0,28000.0,9000.0
ORD006287,PROD0025,2,0.2,5600.0,2000.0
ORD006287,PROD0017,1,0.05,427.5,207.5
ORD006287,PROD0020,2,0.0,48000.0,14000.0
ORD006287,PROD0024,2,0.15,7140.0,2740.0
ORD006288,PROD0001,4,0.0,340000.0,68000.0
ORD006289,PROD0020,1,0.0,24000.0,7000.0
ORD006289,PROD0018,1,0.15,552.5,222.5
ORD006290,PROD0013,1,0.1,14400.0,4400.0
ORD006291,PROD0012,2,0.05,34200.0,12200.0
ORD006292,PROD0004,2,0.1,2160.0,860.0
ORD006292,PROD0010,1,0.05,20900.0,4900.0
ORD006292,PROD0003,3,0.0,315000.0,60000.0
ORD006292,PROD0012,1,0.0,18000.0,7000.0
ORD006293,PROD0006,1,0.0,2200.0,1000.0
ORD006293,PROD0018,1,0.15,552.5,222.5
ORD006294,PROD0011,2,0.05,22800.0,7800.0
ORD006294,PROD0002,1,0.1,58500.0,7500.0
ORD006294,PROD0019,1,0.15,12750.0,2250.0
ORD006295,PROD0012,3,0.2,43200.0,10200.0
ORD006296,PROD0025,2,0.0,7000.0,3400.0
ORD006296,PROD0026,3,0.0,16500.0,6900.0
ORD006297,PROD0021,4,0.1,6480.0,2680.0
ORD006298,PROD0002,2,0.2,104000.0,2000.0
ORD006298,PROD0001,1,0.0,85000.0,17000.0
ORD006299,PROD0005,1,0.0,4500.0,1800.0
ORD006300,PROD0001,2,0.0,170000.0,34000.0
ORD006301,PROD0010,1,0.15,18700.0,2700.0
ORD006302,PROD0007,2,0.2,35200.0,4200.0
ORD006303,PROD0006,3,0.0,6600.0,3000.0
ORD006303,PROD0013,3,0.2,38400.0,8400.0
ORD006304,PROD0024,1,0.15,3570.0,1370.0
ORD006305,PROD0010,1,0.15,18700.0,2700.0
ORD006306,PROD0011,1,0.1,10800.0,3300.0
ORD006307,PROD0028,3,0.05,5130.0,2280.0
ORD006308,PROD0009,1,0.0,55000.0,13000.0
ORD006308,PROD0004,1,0.0,1200.0,550.0
ORD006308,PROD0028,1,0.05,1710.0,760.0
ORD006308,PROD0006,2,0.2,3520.0,1120.0
ORD006309,PROD0013,3,0.0,48000.0,18000.0
ORD006310,PROD0017,3,0.15,1147.5,487.5
ORD006310,PROD0024,1,0.15,3570.0,1370.0
ORD006310,PROD0007,1,0.05,20900.0,5400.0
ORD006311,PROD0024,1,0.1,3780.0,1580.0
ORD006312,PROD0027,3,0.2,15600.0,3900.0
ORD006312,PROD0011,1,0.1,10800.0,3300.0
ORD006313,PROD0016,1,0.1,6300.0,2100.0
ORD006314,PROD0010,3,0.0,66000.0,18000.0
ORD006314,PROD0016,2,0.1,12600.0,4200.0
ORD006315,PROD0027,1,0.0,6500.0,2600.0
ORD006316,PROD0020,1,0.1,21600.0,4600.0
ORD006317,PROD0019,1,0.2,12000.0,1500.0
ORD006317,PROD0018,1,0.0,650.0,320.0
ORD006318,PROD0001,2,0.0,170000.0,34000.0
ORD006318,PROD0024,1,0.0,4200.0,2000.0
ORD006319,PROD0010,2,0.1,39600.0,7600.0
ORD006320,PROD0004,2,0.2,1920.0,620.0
ORD006321,PROD0017,1,0.0,450.0,230.0
ORD006322,PROD0019,2,0.15,25500.0,4500.0
ORD006323,PROD0012,1,0.1,16200.0,5200.0
ORD006324,PROD0013,4,0.15,54400.0,14400.0
ORD006325,PROD0006,3,0.0,6600.0,3000.0
ORD006326,PROD0011,3,0.15,30600.0,8100.0
ORD006327,PROD0002,2,0.0,130000.0,28000.0
ORD006327,PROD0024,2,0.15,7140.0,2740.0
ORD006328,PROD0007,2,0.2,35200.0,4200.0
ORD006329,PROD0028,1,0.15,1530.0,580.0
ORD006329,PROD0021,1,0.2,1440.0,490.0
ORD006330,PROD0022,1,0.0,900.0,450.0
ORD006330,PROD0024,3,0.0,12600.0,6000.0
ORD006331,PROD0017,2,0.05,855.0,415.0
ORD006332,PROD0004,5,0.15,5100.0,1850.0
ORD006332,PROD0008,3,0.0,45000.0,13500.0
ORD006333,PROD0004,1,0.15,1020.0,370.0
ORD006334,PROD0018,1,0.0,650.0,320.0
ORD006335,PROD0027,1,0.0,6500.0,2600.0
ORD006335,PROD0019,1,0.05,14250.0,3750.0
ORD006335,PROD0021,2,0.0,3600.0,1700.0
ORD006336,PROD0016,3,0.05,19950.0,7350.0
ORD006337,PROD0003,1,0.15,89250.0,4250.0
ORD006338,PROD0007,2,0.15,37400.0,6400.0
ORD006338,PROD0012,2,0.0,36000.0,14000.0
ORD006338,PROD0023,3,0.2,6000.0,2100.0
ORD006339,PROD0018,2,0.0,1300.0,640.0
ORD006339,PROD0025,1,0.0,3500.0,1700.0
ORD006340,PROD0016,2,0.2,11200.0,2800.0
ORD006340,PROD0007,1,0.15,18700.0,3200.0
ORD006341,PROD0028,1,0.2,1440.0,490.0
ORD006341,PROD0004,1,0.15,1020.0,370.0
ORD006342,PROD0005,1,0.1,4050.0,1350.0
ORD006342,PROD0018,2,0.15,1105.0,445.0
ORD006343,PROD0010,1,0.15,18700.0,2700.0
ORD006344,PROD0011,1,0.0,12000.0,4500.0
ORD006345,PROD0015,2,0.0,17000.0,7000.0
ORD006346,PROD0015,4,0.0,34000.0,14000.0
ORD006346,PROD0028,1,0.05,1710.0,760.0
ORD006347,PROD0019,1,0.15,12750.0,2250.0
ORD006348,PROD0024,1,0.2,3360.0,1160.0
ORD006349,PROD0017,2,0.0,900.0,460.0
ORD006349,PROD0011,1,0.05,11400.0,3900.0
ORD006350,PROD0019,1,0.0,15000.0,4500.0
ORD006351,PROD0003,1,0.15,89250.0,4250.0
ORD006351,PROD0011,2,0.0,24000.0,9000.0
ORD006352,PROD0001,1,0.15,72250.0,4250.0
ORD006353,PROD0004,1,0.15,1020.0,370.0
ORD006353,PROD0017,2,0.2,720.0,280.0
ORD006354,PROD0008,2,0.05,28500.0,7500.0
ORD006355,PROD0008,2,0.15,25500.0,4500.0
ORD006356,PROD0011,3,0.0,36000.0,13500.0
ORD006357,PROD0003,3,0.05,299250.0,44250.0
ORD006357,PROD0014,1,0.15,23800.0,4800.0
ORD006358,PROD0027,3,0.2,15600.0,3900.0
ORD006358,PROD0015,2,0.05,16150.0,6150.0
ORD006358,PROD0024,1,0.15,3570.0,1370.0
ORD006359,PROD0010,2,0.0,44000.0,12000.0
ORD006360,PROD0028,1,0.0,1800.0,850.0
ORD006361,PROD0010,2,0.2,35200.0,3200.0
ORD006362,PROD0015,1,0.0,8500.0,3500.0
ORD006362,PROD0024,1,0.0,4200.0,2000.0
ORD006363,PROD0027,1,0.0,6500.0,2600.0
ORD006363,PROD0024,1,0.0,4200.0,2000.0
ORD006363,PROD0026,1,0.0,5500.0,2300.0
ORD006364,PROD0012,3,0.0,54000.0,21000.0
ORD006364,PROD0008,2,0.0,30000.0,9000.0
ORD006365,PROD0015,2,0.05,16150.0,6150.0
ORD006366,PROD0027,1,0.0,6500.0,2600.0
ORD006366,PROD0013,1,0.0,16000.0,6000.0
ORD006367,PROD0028,1,0.05,1710.0,760.0
ORD006368,PROD0013,1,0.05,15200.0,5200.0
ORD006368,PROD0014,2,0.15,47600.0,9600.0
ORD006369,PROD0017,4,0.15,1530.0,650.0
ORD006370,PROD0003,4,0.05,399000.0,59000.0
ORD006371,PROD0014,1,0.2,22400.0,3400.0
ORD006372,PROD0007,1,0.0,22000.0,6500.0
ORD006372,PROD0005,1,0.2,3600.0,900.0
ORD006373,PROD0023,1,0.0,2500.0,1200.0
ORD006374,PROD0001,2,0.0,170000.0,34000.0
ORD006374,PROD0022,1,0.05,855.0,405.0
ORD006375,PROD0017,3,0.0,1350.0,690.0
ORD006376,PROD0025,1,0.0,3500.0,1700.0
ORD006376,PROD0013,3,0.1,43200.0,13200.0
ORD006377,PROD0005,3,0.05,12825.0,4725.0
ORD006377,PROD0001,1,0.15,72250.0,4250.0
ORD006378,PROD0018,1,0.0,650.0,320.0
ORD006379,PROD0019,2,0.05,28500.0,7500.0
ORD006379,PROD0021,1,0.0,1800.0,850.0
ORD006380,PROD0019,3,0.1,40500.0,9000.0
ORD006381,PROD0004,1,0.1,1080.0,430.0
ORD006381,PROD0020,1,0.05,22800.0,5800.0
ORD006382,PROD0004,3,0.0,3600.0,1650.0
ORD006383,PROD0012,1,0.15,15300.0,4300.0
ORD006384,PROD0017,1,0.1,405.0,185.0
ORD006385,PROD0015,2,0.0,17000.0,7000.0
ORD006386,PROD0005,1,0.1,4050.0,1350.0
ORD006386,PROD0014,2,0.0,56000.0,18000.0
ORD006387,PROD0017,2,0.0,900.0,460.0
ORD006388,PROD0026,5,0.05,26125.0,10125.0
ORD006389,PROD0011,1,0.05,11400.0,3900.0
ORD006389,PROD0026,1,0.0,5500.0,2300.0
ORD006389,PROD0024,1,0.1,3780.0,1580.0
ORD006390,PROD0015,2,0.0,17000.0,7000.0
ORD006390,PROD0010,1,0.0,22000.0,6000.0
ORD006391,PROD0026,1,0.05,5225.0,2025.0
ORD006391,PROD0024,3,0.2,10080.0,3480.0
ORD006392,PROD0011,1,0.05,11400.0,3900.0
ORD006392,PROD0020,1,0.0,24000.0,7000.0
ORD006393,PROD0028,1,0.0,1800.0,850.0
ORD006394,PROD0025,3,0.15,8925.0,3525.0
ORD006395,PROD0004,1,0.0,1200.0,550.0
ORD006395,PROD0013,1,0.05,15200.0,5200.0
ORD006396,PROD0011,1,0.15,10200.0,2700.0
ORD006397,PROD0006,1,0.2,1760.0,560.0
ORD006398,PROD0007,1,0.2,17600.0,2100.0
ORD006398,PROD0010,1,0.0,22000.0,6000.0
ORD006399,PROD0013,1,0.05,15200.0,5200.0
ORD006400,PROD0019,1,0.15,12750.0,2250.0
ORD006401,PROD0015,2,0.0,17000.0,7000.0
ORD006401,PROD0011,1,0.0,12000.0,4500.0
ORD006401,PROD0010,1,0.0,22000.0,6000.0
ORD006402,PROD0004,1,0.2,960.0,310.0
ORD006403,PROD0007,1,0.2,17600.0,2100.0
ORD006403,PROD0020,1,0.0,24000.0,7000.0
ORD006403,PROD0018,3,0.1,1755.0,765.0
ORD006403,PROD0022,1,0.05,855.0,405.0
ORD006404,PROD0009,3,0.0,165000.0,39000.0
ORD006404,PROD0027,1,0.2,5200.0,1300.0
ORD006404,PROD0002,1,0.0,65000.0,14000.0
ORD006405,PROD0025,2,0.0,7000.0,3400.0
ORD006406,PROD0023,2,0.0,5000.0,2400.0
ORD006407,PROD0020,3,0.15,61200.0,10200.0
ORD006407,PROD0019,2,0.1,27000.0,6000.0
ORD006408,PROD0009,1,0.05,52250.0,10250.0
ORD006409,PROD0010,1,0.0,22000.0,6000.0
ORD006410,PROD0021,1,0.15,1530.0,580.0
ORD006410,PROD0026,4,0.2,17600.0,4800.0
ORD006411,PROD0009,3,0.0,165000.0,39000.0
ORD006411,PROD0028,1,0.2,1440.0,490.0
ORD006412,PROD0005,2,0.15,7650.0,2250.0
ORD006413,PROD0020,1,0.05,22800.0,5800.0
ORD006413,PROD0015,2,0.15,14450.0,4450.0
ORD006413,PROD0014,2,0.05,53200.0,15200.0
ORD006413,PROD0027,3,0.15,16575.0,4875.0
ORD006414,PROD0008,3,0.0,45000.0,13500.0
ORD006415,PROD0013,1,0.15,13600.0,3600.0
ORD006416,PROD0009,1,0.0,55000.0,13000.0
ORD006417,PROD0024,3,0.15,10710.0,4110.0
ORD006418,PROD0007,1,0.0,22000.0,6500.0
ORD006418,PROD0019,2,0.2,24000.0,3000.0
ORD006419,PROD0006,5,0.0,11000.0,5000.0
ORD006420,PROD0007,1,0.15,18700.0,3200.0
ORD006420,PROD0022,1,0.15,765.0,315.0
ORD006420,PROD0009,2,0.0,110000.0,26000.0
ORD006421,PROD0022,1,0.05,855.0,405.0
ORD006422,PROD0024,4,0.2,13440.0,4640.0
ORD006423,PROD0002,2,0.05,123500.0,21500.0
ORD006423,PROD0007,1,0.0,22000.0,6500.0
ORD006423,PROD0003,3,0.15,267750.0,12750.0
ORD006424,PROD0027,4,0.0,26000.0,10400.0
ORD006425,PROD0026,1,0.15,4675.0,1475.0
ORD006426,PROD0020,1,0.0,24000.0,7000.0
ORD006426,PROD0015,1,0.1,7650.0,2650.0
ORD006426,PROD0017,2,0.15,765.0,325.0
ORD006427,PROD0024,3,0.05,11970.0,5370.0
ORD006428,PROD0016,1,0.2,5600.0,1400.0
ORD006428,PROD0003,2,0.05,199500.0,29500.0
ORD006429,PROD0020,1,0.15,20400.0,3400.0
ORD006429,PROD0027,3,0.0,19500.0,7800.0
ORD006429,PROD0010,4,0.1,79200.0,15200.0
ORD006430,PROD0006,1,0.15,1870.0,670.0
ORD006430,PROD0026,2,0.0,11000.0,4600.0
ORD006431,PROD0018,3,0.2,1560.0,570.0
ORD006432,PROD0024,4,0.2,13440.0,4640.0
ORD006432,PROD0007,1,0.1,19800.0,4300.0
ORD006433,PROD0013,1,0.15,13600.0,3600.0
ORD006433,PROD0017,5,0.1,2025.0,925.0
ORD006433,PROD0028,1,0.0,1800.0,850.0
ORD006434,PROD0008,1,0.05,14250.0,3750.0
ORD006435,PROD0011,1,0.0,12000.0,4500.0
ORD006435,PROD0002,3,0.0,195000.0,42000.0
ORD006435,PROD0021,1,0.0,1800.0,850.0
ORD006436,PROD0006,1,0.05,2090.0,890.0
ORD006437,PROD0012,1,0.0,18000.0,7000.0
ORD006437,PROD0028,1,0.1,1620.0,670.0
ORD006437,PROD0004,1,0.0,1200.0,550.0
ORD006437,PROD0026,1,0.0,5500.0,2300.0
ORD006438,PROD0021,2,0.05,3420.0,1520.0
ORD006439,PROD0003,1,0.15,89250.0,4250.0
ORD006439,PROD0001,2,0.0,170000.0,34000.0
ORD006439,PROD0018,2,0.1,1170.0,510.0
ORD006440,PROD0010,2,0.0,44000.0,12000.0
ORD006441,PROD0014,1,0.05,26600.0,7600.0
ORD006442,PROD0023,2,0.05,4750.0,2150.0
ORD006443,PROD0013,1,0.15,13600.0,3600.0
ORD006444,PROD0007,2,0.05,41800.0,10800.0
ORD006444,PROD0011,2,0.0,24000.0,9000.0
ORD006444,PROD0010,2,0.2,35200.0,3200.0
ORD006445,PROD0024,1,0.15,3570.0,1370.0
ORD006446,PROD0021,3,0.1,4860.0,2010.0
ORD006446,PROD0007,3,0.15,56100.0,9600.0
ORD006446,PROD0022,2,0.1,1620.0,720.0
ORD006447,PROD0012,4,0.0,72000.0,28000.0
ORD006447,PROD0008,1,0.0,15000.0,4500.0
ORD006448,PROD0025,1,0.0,3500.0,1700.0
ORD006449,PROD0025,1,0.0,3500.0,1700.0
ORD006450,PROD0022,1,0.0,900.0,450.0
ORD006451,PROD0009,1,0.0,55000.0,13000.0
ORD006452,PROD0024,1,0.0,4200.0,2000.0
ORD006452,PROD0008,1,0.15,12750.0,2250.0
ORD006453,PROD0003,1,0.15,89250.0,4250.0
ORD006454,PROD0026,1,0.05,5225.0,2025.0
ORD006455,PROD0013,1,0.05,15200.0,5200.0
ORD006455,PROD0006,2,0.05,4180.0,1780.0
ORD006455,PROD0028,2,0.15,3060.0,1160.0
ORD006456,PROD0024,2,0.15,7140.0,2740.0
ORD006456,PROD0010,2,0.0,44000.0,12000.0
ORD006457,PROD0004,1,0.05,1140.0,490.0
ORD006458,PROD0018,1,0.0,650.0,320.0
ORD006458,PROD0025,3,0.05,9975.0,4575.0
ORD006458,PROD0005,2,0.0,9000.0,3600.0
ORD006459,PROD0016,2,0.0,14000.0,5600.0
ORD006459,PROD0022,1,0.0,900.0,450.0
ORD006460,PROD0002,2,0.15,110500.0,8500.0
ORD006461,PROD0019,1,0.05,14250.0,3750.0
ORD006461,PROD0013,2,0.15,27200.0,7200.0
ORD006461,PROD0027,1,0.1,5850.0,1950.0
ORD006462,PROD0006,1,0.0,2200.0,1000.0
ORD006463,PROD0002,5,0.0,325000.0,70000.0
ORD006464,PROD0018,2,0.05,1235.0,575.0
ORD006464,PROD0023,1,0.2,2000.0,700.0
ORD006464,PROD0014,4,0.0,112000.0,36000.0
ORD006465,PROD0012,2,0.05,34200.0,12200.0
ORD006466,PROD0022,3,0.05,2565.0,1215.0
ORD006467,PROD0003,2,0.1,189000.0,19000.0
ORD006468,PROD0028,3,0.2,4320.0,1470.0
ORD006468,PROD0023,1,0.05,2375.0,1075.0
ORD006468,PROD0021,2,0.05,3420.0,1520.0
ORD006469,PROD0028,2,0.05,3420.0,1520.0
ORD006470,PROD0001,1,0.05,80750.0,12750.0
ORD006470,PROD0005,2,0.05,8550.0,3150.0
ORD006471,PROD0024,1,0.0,4200.0,2000.0
ORD006471,PROD0009,1,0.2,44000.0,2000.0
ORD006472,PROD0007,1,0.0,22000.0,6500.0
ORD006473,PROD0018,1,0.15,552.5,222.5
ORD006474,PROD0014,4,0.05,106400.0,30400.0
ORD006474,PROD0026,3,0.0,16500.0,6900.0
ORD006475,PROD0010,2,0.15,37400.0,5400.0
ORD006475,PROD0024,2,0.1,7560.0,3160.0
ORD006476,PROD0021,2,0.2,2880.0,980.0
ORD006477,PROD0021,1,0.15,1530.0,580.0
ORD006478,PROD0023,1,0.0,2500.0,1200.0
ORD006479,PROD0024,2,0.0,8400.0,4000.0
ORD006480,PROD0028,4,0.1,6480.0,2680.0
ORD006481,PROD0021,2,0.05,3420.0,1520.0
ORD006482,PROD0024,2,0.1,7560.0,3160.0
ORD006483,PROD0028,1,0.05,1710.0,760.0
ORD006484,PROD0013,1,0.1,14400.0,4400.0
ORD006484,PROD0011,1,0.15,10200.0,2700.0
ORD006485,PROD0010,3,0.0,66000.0,18000.0
ORD006485,PROD0007,1,0.0,22000.0,6500.0
ORD006485,PROD0001,1,0.05,80750.0,12750.0
ORD006486,PROD0009,1,0.0,55000.0,13000.0
ORD006487,PROD0010,2,0.15,37400.0,5400.0
ORD006488,PROD0024,1,0.0,4200.0,2000.0
ORD006488,PROD0025,3,0.0,10500.0,5100.0
ORD006489,PROD0024,2,0.05,7980.0,3580.0
ORD006490,PROD0010,2,0.0,44000.0,12000.0
ORD006491,PROD0014,1,0.15,23800.0,4800.0
ORD006491,PROD0006,1,0.05,2090.0,890.0
ORD006492,PROD0007,5,0.0,110000.0,32500.0
ORD006493,PROD0017,1,0.0,450.0,230.0
ORD006493,PROD0002,1,0.0,65000.0,14000.0
ORD006494,PROD0017,2,0.15,765.0,325.0
ORD006495,PROD0025,1,0.0,3500.0,1700.0
ORD006496,PROD0021,1,0.1,1620.0,670.0
ORD006496,PROD0019,3,0.1,40500.0,9000.0
ORD006497,PROD0008,2,0.2,24000.0,3000.0
ORD006498,PROD0021,2,0.1,3240.0,1340.0
ORD006498,PROD0008,2,0.0,30000.0,9000.0
ORD006499,PROD0024,1,0.05,3990.0,1790.0
ORD006500,PROD0018,1,0.15,552.5,222.5
ORD006500,PROD0017,2,0.1,810.0,370.0
ORD006501,PROD0017,1,0.0,450.0,230.0
ORD006501,PROD0005,4,0.0,18000.0,7200.0
ORD006502,PROD0024,4,0.0,16800.0,8000.0
ORD006502,PROD0014,3,0.05,79800.0,22800.0
ORD006503,PROD0024,1,0.0,4200.0,2000.0
ORD006504,PROD0026,3,0.1,14850.0,5250.0
ORD006505,PROD0021,1,0.1,1620.0,670.0
ORD006505,PROD0020,4,0.0,96000.0,28000.0
ORD006506,PROD0012,1,0.1,16200.0,5200.0
ORD006506,PROD0005,1,0.05,4275.0,1575.0
ORD006507,PROD0009,1,0.0,55000.0,13000.0
ORD006507,PROD0020,4,0.0,96000.0,28000.0
ORD006507,PROD0013,1,0.2,12800.0,2800.0
ORD006508,PROD0024,1,0.05,3990.0,1790.0
ORD006508,PROD0012,1,0.15,15300.0,4300.0
ORD006509,PROD0022,2,0.0,1800.0,900.0
ORD006510,PROD0002,1,0.05,61750.0,10750.0
ORD006511,PROD0015,3,0.1,22950.0,7950.0
ORD006512,PROD0015,1,0.1,7650.0,2650.0
ORD006512,PROD0022,1,0.1,810.0,360.0
ORD006512,PROD0023,5,0.1,11250.0,4750.0
ORD006513,PROD0021,2,0.0,3600.0,1700.0
ORD006514,PROD0017,3,0.0,1350.0,690.0
ORD006514,PROD0026,1,0.0,5500.0,2300.0
ORD006514,PROD0019,1,0.05,14250.0,3750.0
ORD006515,PROD0022,1,0.0,900.0,450.0
ORD006516,PROD0004,1,0.0,1200.0,550.0
ORD006517,PROD0009,5,0.15,233750.0,23750.0
ORD006518,PROD0007,1,0.0,22000.0,6500.0
ORD006519,PROD0009,2,0.0,110000.0,26000.0
ORD006520,PROD0027,2,0.0,13000.0,5200.0
ORD006520,PROD0014,1,0.1,25200.0,6200.0
ORD006521,PROD0013,1,0.0,16000.0,6000.0
ORD006522,PROD0006,3,0.1,5940.0,2340.0
ORD006522,PROD0009,2,0.05,104500.0,20500.0
ORD006522,PROD0015,2,0.2,13600.0,3600.0
ORD006522,PROD0013,1,0.15,13600.0,3600.0
ORD006523,PROD0002,1,0.0,65000.0,14000.0
ORD006524,PROD0022,1,0.0,900.0,450.0
ORD006524,PROD0023,1,0.15,2125.0,825.0
ORD006525,PROD0017,3,0.0,1350.0,690.0
ORD006525,PROD0025,1,0.1,3150.0,1350.0
ORD006526,PROD0017,1,0.15,382.5,162.5
ORD006526,PROD0014,4,0.1,100800.0,24800.0
ORD006527,PROD0023,4,0.15,8500.0,3300.0
ORD006528,PROD0011,1,0.0,12000.0,4500.0
ORD006528,PROD0023,1,0.0,2500.0,1200.0
ORD006529,PROD0010,2,0.15,37400.0,5400.0
ORD006529,PROD0017,1,0.15,382.5,162.5
ORD006530,PROD0012,1,0.0,18000.0,7000.0
ORD006530,PROD0009,4,0.0,220000.0,52000.0
ORD006531,PROD0013,3,0.1,43200.0,13200.0
ORD006532,PROD0004,1,0.05,1140.0,490.0
ORD006532,PROD0023,2,0.1,4500.0,1900.0
ORD006533,PROD0015,1,0.0,8500.0,3500.0
ORD006533,PROD0005,2,0.0,9000.0,3600.0
ORD006534,PROD0013,1,0.0,16000.0,6000.0
ORD006534,PROD0024,4,0.0,16800.0,8000.0
ORD006534,PROD0022,4,0.0,3600.0,1800.0
ORD006535,PROD0001,1,0.2,68000.0,0.0
ORD006536,PROD0002,3,0.05,185250.0,32250.0
ORD006537,PROD0026,5,0.1,24750.0,8750.0
ORD006537,PROD0028,1,0.15,1530.0,580.0
ORD006538,PROD0019,1,0.1,13500.0,3000.0
ORD006539,PROD0011,1,0.0,12000.0,4500.0
ORD006539,PROD0004,3,0.05,3420.0,1470.0
ORD006540,PROD0022,1,0.05,855.0,405.0
ORD006540,PROD0001,1,0.2,68000.0,0.0
ORD006541,PROD0025,4,0.0,14000.0,6800.0
ORD006542,PROD0028,1,0.0,1800.0,850.0
ORD006543,PROD0028,2,0.1,3240.0,1340.0
ORD006544,PROD0012,3,0.0,54000.0,21000.0
ORD006544,PROD0017,4,0.0,1800.0,920.0
ORD006545,PROD0022,1,0.0,900.0,450.0
ORD006545,PROD0006,1,0.0,2200.0,1000.0
ORD006545,PROD0028,4,0.0,7200.0,3400.0
ORD006546,PROD0006,1,0.0,2200.0,1000.0
ORD006547,PROD0018,1,0.2,520.0,190.0
ORD006547,PROD0020,1,0.1,21600.0,4600.0
ORD006548,PROD0019,2,0.05,28500.0,7500.0
ORD006548,PROD0012,1,0.1,16200.0,5200.0
ORD006549,PROD0002,1,0.0,65000.0,14000.0
ORD006550,PROD0019,1,0.0,15000.0,4500.0
ORD006551,PROD0012,2,0.15,30600.0,8600.0
ORD006552,PROD0020,2,0.0,48000.0,14000.0
ORD006552,PROD0012,3,0.2,43200.0,10200.0
ORD006553,PROD0014,2,0.0,56000.0,18000.0
ORD006553,PROD0004,3,0.1,3240.0,1290.0
ORD006554,PROD0010,3,0.15,56100.0,8100.0
ORD006554,PROD0002,1,0.05,61750.0,10750.0
ORD006554,PROD0023,3,0.0,7500.0,3600.0
ORD006555,PROD0019,2,0.2,24000.0,3000.0
ORD006555,PROD0026,1,0.0,5500.0,2300.0
ORD006556,PROD0005,1,0.2,3600.0,900.0
ORD006557,PROD0020,2,0.1,43200.0,9200.0
ORD006558,PROD0017,2,0.0,900.0,460.0
ORD006559,PROD0021,1,0.0,1800.0,850.0
ORD006560,PROD0005,1,0.0,4500.0,1800.0
ORD006561,PROD0013,3,0.1,43200.0,13200.0
ORD006562,PROD0024,1,0.15,3570.0,1370.0
ORD006562,PROD0004,1,0.0,1200.0,550.0
ORD006562,PROD0019,2,0.1,27000.0,6000.0
ORD006563,PROD0017,2,0.0,900.0,460.0
ORD006564,PROD0018,1,0.0,650.0,320.0
ORD006565,PROD0001,2,0.0,170000.0,34000.0
ORD006566,PROD0027,1,0.0,6500.0,2600.0
ORD006567,PROD0020,2,0.05,45600.0,11600.0
ORD006568,PROD0002,4,0.0,260000.0,56000.0
ORD006568,PROD0022,1,0.0,900.0,450.0
ORD006569,PROD0002,1,0.05,61750.0,10750.0
ORD006570,PROD0001,3,0.15,216750.0,12750.0
ORD006571,PROD0012,1,0.0,18000.0,7000.0
ORD006572,PROD0010,2,0.2,35200.0,3200.0
ORD006572,PROD0009,1,0.0,55000.0,13000.0
ORD006573,PROD0005,2,0.15,7650.0,2250.0
ORD006573,PROD0027,1,0.0,6500.0,2600.0
ORD006573,PROD0025,1,0.05,3325.0,1525.0
ORD006574,PROD0028,1,0.0,1800.0,850.0
ORD006574,PROD0013,3,0.2,38400.0,8400.0
ORD006575,PROD0012,2,0.2,28800.0,6800.0
ORD006576,PROD0012,2,0.15,30600.0,8600.0
ORD006577,PROD0011,1,0.1,10800.0,3300.0
ORD006578,PROD0026,1,0.15,4675.0,1475.0
ORD006579,PROD0019,1,0.0,15000.0,4500.0
ORD006579,PROD0004,1,0.0,1200.0,550.0
ORD006579,PROD0020,3,0.2,57600.0,6600.0
ORD006580,PROD0023,1,0.0,2500.0,1200.0
ORD006580,PROD0007,1,0.2,17600.0,2100.0
ORD006581,PROD0019,4,0.05,57000.0,15000.0
ORD006581,PROD0024,3,0.0,12600.0,6000.0
ORD006582,PROD0001,1,0.2,68000.0,0.0
ORD006582,PROD0005,1,0.0,4500.0,1800.0
ORD006583,PROD0025,1,0.15,2975.0,1175.0
ORD006583,PROD0028,2,0.0,3600.0,1700.0
ORD006583,PROD0010,1,0.0,22000.0,6000.0
ORD006584,PROD0019,1,0.15,12750.0,2250.0
ORD006584,PROD0002,1,0.15,55250.0,4250.0
ORD006585,PROD0016,1,0.15,5950.0,1750.0
ORD006586,PROD0004,4,0.2,3840.0,1240.0
ORD006586,PROD0026,1,0.1,4950.0,1750.0
ORD006586,PROD0008,3,0.1,40500.0,9000.0
ORD006587,PROD0009,1,0.0,55000.0,13000.0
ORD006588,PROD0018,4,0.2,2080.0,760.0
ORD006589,PROD0010,1,0.2,17600.0,1600.0
ORD006590,PROD0006,1,0.0,2200.0,1000.0
ORD006591,PROD0026,1,0.05,5225.0,2025.0
ORD006591,PROD0012,4,0.1,64800.0,20800.0
ORD006592,PROD0025,1,0.15,2975.0,1175.0
ORD006593,PROD0011,1,0.0,12000.0,4500.0
ORD006593,PROD0018,2,0.1,1170.0,510.0
ORD006594,PROD0012,2,0.1,32400.0,10400.0
ORD006594,PROD0023,1,0.05,2375.0,1075.0
ORD006595,PROD0028,3,0.2,4320.0,1470.0
ORD006595,PROD0002,1,0.0,65000.0,14000.0
ORD006596,PROD0023,3,0.0,7500.0,3600.0
ORD006596,PROD0024,1,0.0,4200.0,2000.0
ORD006597,PROD0002,1,0.15,55250.0,4250.0
ORD006597,PROD0016,3,0.1,18900.0,6300.0
ORD006598,PROD0004,3,0.1,3240.0,1290.0
ORD006598,PROD0026,3,0.0,16500.0,6900.0
ORD006598,PROD0010,1,0.2,17600.0,1600.0
ORD006599,PROD0026,1,0.0,5500.0,2300.0
ORD006599,PROD0027,1,0.05,6175.0,2275.0
ORD006600,PROD0020,2,0.0,48000.0,14000.0
ORD006601,PROD0015,1,0.0,8500.0,3500.0
ORD006602,PROD0014,1,0.05,26600.0,7600.0
ORD006602,PROD0012,1,0.1,16200.0,5200.0
ORD006602,PROD0027,2,0.0,13000.0,5200.0
ORD006603,PROD0011,2,0.15,20400.0,5400.0
ORD006603,PROD0022,2,0.0,1800.0,900.0
ORD006603,PROD0008,1,0.2,12000.0,1500.0
ORD006604,PROD0014,1,0.1,25200.0,6200.0
ORD006605,PROD0020,2,0.0,48000.0,14000.0
ORD006605,PROD0002,1,0.2,52000.0,1000.0
ORD006605,PROD0006,2,0.0,4400.0,2000.0
ORD006606,PROD0018,1,0.0,650.0,320.0
ORD006606,PROD0004,1,0.0,1200.0,550.0
ORD006606,PROD0027,1,0.0,6500.0,2600.0
ORD006607,PROD0004,2,0.0,2400.0,1100.0
ORD006607,PROD0017,1,0.0,450.0,230.0
ORD006608,PROD0008,1,0.15,12750.0,2250.0
ORD006609,PROD0002,2,0.2,104000.0,2000.0
ORD006610,PROD0003,2,0.0,210000.0,40000.0
ORD006611,PROD0003,4,0.0,420000.0,80000.0
ORD006611,PROD0022,1,0.2,720.0,270.0
ORD006612,PROD0015,3,0.0,25500.0,10500.0
ORD006613,PROD0010,1,0.0,22000.0,6000.0
ORD006614,PROD0027,2,0.0,13000.0,5200.0
ORD006615,PROD0024,1,0.2,3360.0,1160.0
ORD006616,PROD0026,1,0.2,4400.0,1200.0
ORD006616,PROD0024,1,0.1,3780.0,1580.0
ORD006617,PROD0028,2,0.0,3600.0,1700.0
ORD006617,PROD0014,1,0.1,25200.0,6200.0
ORD006618,PROD0017,5,0.2,1800.0,700.0
ORD006619,PROD0007,1,0.15,18700.0,3200.0
ORD006620,PROD0011,2,0.05,22800.0,7800.0
ORD006620,PROD0023,1,0.1,2250.0,950.0
ORD006621,PROD0015,1,0.2,6800.0,1800.0
ORD006622,PROD0020,1,0.1,21600.0,4600.0
ORD006623,PROD0004,1,0.05,1140.0,490.0
ORD006623,PROD0024,1,0.05,3990.0,1790.0
ORD006624,PROD0026,1,0.0,5500.0,2300.0
ORD006624,PROD0028,1,0.0,1800.0,850.0
ORD006625,PROD0009,1,0.0,55000.0,13000.0
ORD006625,PROD0005,1,0.1,4050.0,1350.0
ORD006626,PROD0011,1,0.1,10800.0,3300.0
ORD006627,PROD0022,1,0.0,900.0,450.0
ORD006627,PROD0005,1,0.05,4275.0,1575.0
ORD006627,PROD0010,1,0.1,19800.0,3800.0
ORD006628,PROD0003,4,0.2,336000.0,-4000.0
ORD006629,PROD0022,1,0.2,720.0,270.0
ORD006629,PROD0015,2,0.05,16150.0,6150.0
ORD006630,PROD0004,1,0.0,1200.0,550.0
ORD006631,PROD0008,1,0.0,15000.0,4500.0
ORD006632,PROD0001,3,0.05,242250.0,38250.0
ORD006632,PROD0004,2,0.0,2400.0,1100.0
ORD006633,PROD0022,1,0.15,765.0,315.0
ORD006634,PROD0003,1,0.05,99750.0,14750.0
ORD006634,PROD0012,1,0.1,16200.0,5200.0
ORD006634,PROD0016,1,0.15,5950.0,1750.0
ORD006635,PROD0007,1,0.05,20900.0,5400.0
ORD006635,PROD0009,1,0.0,55000.0,13000.0
ORD006636,PROD0016,2,0.05,13300.0,4900.0
ORD006636,PROD0004,2,0.15,2040.0,740.0
ORD006637,PROD0012,2,0.0,36000.0,14000.0
ORD006637,PROD0004,1,0.2,960.0,310.0
ORD006637,PROD0010,2,0.0,44000.0,12000.0
ORD006638,PROD0025,1,0.05,3325.0,1525.0
ORD006639,PROD0013,4,0.05,60800.0,20800.0
ORD006639,PROD0018,1,0.05,617.5,287.5
ORD006639,PROD0002,1,0.0,65000.0,14000.0
ORD006640,PROD0017,1,0.0,450.0,230.0
ORD006640,PROD0002,3,0.1,175500.0,22500.0
ORD006641,PROD0013,1,0.0,16000.0,6000.0
ORD006641,PROD0027,3,0.15,16575.0,4875.0
ORD006641,PROD0018,1,0.0,650.0,320.0
ORD006642,PROD0001,2,0.0,170000.0,34000.0
ORD006642,PROD0027,1,0.0,6500.0,2600.0
ORD006643,PROD0024,1,0.0,4200.0,2000.0
ORD006643,PROD0013,1,0.0,16000.0,6000.0
ORD006644,PROD0013,1,0.0,16000.0,6000.0
ORD006644,PROD0022,2,0.0,1800.0,900.0
ORD006645,PROD0020,1,0.2,19200.0,2200.0
ORD006645,PROD0002,1,0.0,65000.0,14000.0
ORD006646,PROD0001,1,0.15,72250.0,4250.0
ORD006647,PROD0008,5,0.2,60000.0,7500.0
ORD006647,PROD0023,5,0.0,12500.0,6000.0
ORD006648,PROD0026,1,0.2,4400.0,1200.0
ORD006649,PROD0028,1,0.0,1800.0,850.0
ORD006650,PROD0005,1,0.0,4500.0,1800.0
ORD006650,PROD0021,1,0.0,1800.0,850.0
ORD006651,PROD0008,1,0.0,15000.0,4500.0
ORD006652,PROD0006,2,0.15,3740.0,1340.0
ORD006652,PROD0014,3,0.0,84000.0,27000.0
ORD006653,PROD0002,3,0.0,195000.0,42000.0
ORD006653,PROD0026,3,0.1,14850.0,5250.0
ORD006654,PROD0007,2,0.2,35200.0,4200.0
ORD006655,PROD0007,2,0.0,44000.0,13000.0
ORD006656,PROD0019,1,0.05,14250.0,3750.0
ORD006656,PROD0014,1,0.05,26600.0,7600.0
ORD006657,PROD0023,2,0.1,4500.0,1900.0
ORD006657,PROD0001,2,0.0,170000.0,34000.0
ORD006658,PROD0001,2,0.0,170000.0,34000.0
ORD006659,PROD0023,1,0.2,2000.0,700.0
ORD006660,PROD0003,2,0.1,189000.0,19000.0
ORD006661,PROD0003,1,0.0,105000.0,20000.0
ORD006661,PROD0023,1,0.15,2125.0,825.0
ORD006662,PROD0021,4,0.0,7200.0,3400.0
ORD006663,PROD0010,1,0.0,22000.0,6000.0
ORD006663,PROD0027,1,0.0,6500.0,2600.0
ORD006664,PROD0021,2,0.0,3600.0,1700.0
ORD006665,PROD0017,1,0.0,450.0,230.0
ORD006666,PROD0020,2,0.0,48000.0,14000.0
ORD006666,PROD0007,4,0.0,88000.0,26000.0
ORD006666,PROD0018,1,0.1,585.0,255.0
ORD006667,PROD0005,1,0.05,4275.0,1575.0
ORD006667,PROD0011,1,0.05,11400.0,3900.0
ORD006668,PROD0020,1,0.05,22800.0,5800.0
ORD006669,PROD0013,1,0.0,16000.0,6000.0
ORD006670,PROD0028,2,0.1,3240.0,1340.0
ORD006671,PROD0020,1,0.05,22800.0,5800.0
ORD006671,PROD0022,1,0.0,900.0,450.0
ORD006672,PROD0014,1,0.2,22400.0,3400.0
ORD006673,PROD0007,1,0.0,22000.0,6500.0
ORD006674,PROD0005,2,0.0,9000.0,3600.0
ORD006675,PROD0025,4,0.1,12600.0,5400.0
ORD006676,PROD0026,1,0.2,4400.0,1200.0
ORD006677,PROD0009,1,0.0,55000.0,13000.0
ORD006677,PROD0006,2,0.0,4400.0,2000.0
ORD006678,PROD0011,2,0.2,19200.0,4200.0
ORD006678,PROD0010,1,0.2,17600.0,1600.0
ORD006679,PROD0019,1,0.15,12750.0,2250.0
ORD006680,PROD0020,3,0.0,72000.0,21000.0
ORD006680,PROD0014,2,0.0,56000.0,18000.0
ORD006681,PROD0012,3,0.0,54000.0,21000.0
ORD006682,PROD0028,1,0.0,1800.0,850.0
ORD006683,PROD0025,1,0.0,3500.0,1700.0
ORD006683,PROD0011,1,0.05,11400.0,3900.0
ORD006684,PROD0010,2,0.05,41800.0,9800.0
ORD006685,PROD0001,4,0.15,289000.0,17000.0
ORD006685,PROD0026,2,0.1,9900.0,3500.0
ORD006685,PROD0014,3,0.15,71400.0,14400.0
ORD006686,PROD0024,4,0.05,15960.0,7160.0
ORD006686,PROD0009,2,0.05,104500.0,20500.0
ORD006686,PROD0016,3,0.0,21000.0,8400.0
ORD006686,PROD0004,1,0.15,1020.0,370.0
ORD006687,PROD0002,3,0.0,195000.0,42000.0
ORD006687,PROD0026,1,0.0,5500.0,2300.0
ORD006687,PROD0007,2,0.0,44000.0,13000.0
ORD006688,PROD0012,1,0.2,14400.0,3400.0
ORD006688,PROD0004,3,0.1,3240.0,1290.0
ORD006689,PROD0005,1,0.1,4050.0,1350.0
ORD006690,PROD0009,1,0.0,55000.0,13000.0
ORD006691,PROD0014,2,0.05,53200.0,15200.0
ORD006691,PROD0027,2,0.15,11050.0,3250.0
ORD006691,PROD0008,1,0.0,15000.0,4500.0
ORD006692,PROD0007,3,0.0,66000.0,19500.0
ORD006693,PROD0002,1,0.0,65000.0,14000.0
ORD006694,PROD0013,1,0.05,15200.0,5200.0
ORD006694,PROD0016,1,0.1,6300.0,2100.0
ORD006695,PROD0025,4,0.15,11900.0,4700.0
ORD006695,PROD0027,1,0.0,6500.0,2600.0
ORD006696,PROD0004,1,0.1,1080.0,430.0
ORD006696,PROD0007,1,0.0,22000.0,6500.0
ORD006697,PROD0023,1,0.0,2500.0,1200.0
ORD006697,PROD0022,2,0.05,1710.0,810.0
ORD006697,PROD0013,2,0.0,32000.0,12000.0
ORD006698,PROD0023,1,0.15,2125.0,825.0
ORD006699,PROD0007,1,0.2,17600.0,2100.0
ORD006699,PROD0003,1,0.0,105000.0,20000.0
ORD006700,PROD0008,1,0.1,13500.0,3000.0
ORD006700,PROD0006,1,0.0,2200.0,1000.0
ORD006701,PROD0005,1,0.1,4050.0,1350.0
ORD006702,PROD0014,2,0.15,47600.0,9600.0
ORD006702,PROD0021,1,0.0,1800.0,850.0
ORD006703,PROD0011,1,0.15,10200.0,2700.0
ORD006703,PROD0014,2,0.0,56000.0,18000.0
ORD006703,PROD0010,2,0.2,35200.0,3200.0
ORD006704,PROD0014,2,0.0,56000.0,18000.0
ORD006704,PROD0017,2,0.0,900.0,460.0
ORD006705,PROD0023,2,0.05,4750.0,2150.0
ORD006706,PROD0013,2,0.15,27200.0,7200.0
ORD006706,PROD0019,1,0.0,15000.0,4500.0
ORD006706,PROD0020,5,0.15,102000.0,17000.0
ORD006707,PROD0021,2,0.1,3240.0,1340.0
ORD006708,PROD0022,1,0.0,900.0,450.0
ORD006708,PROD0015,4,0.0,34000.0,14000.0
ORD006708,PROD0009,2,0.15,93500.0,9500.0
ORD006708,PROD0013,1,0.0,16000.0,6000.0
ORD006709,PROD0012,1,0.05,17100.0,6100.0
ORD006710,PROD0011,2,0.0,24000.0,9000.0
ORD006710,PROD0017,3,0.05,1282.5,622.5
ORD006711,PROD0007,1,0.05,20900.0,5400.0
ORD006712,PROD0017,2,0.1,810.0,370.0
ORD006713,PROD0014,1,0.1,25200.0,6200.0
ORD006713,PROD0017,1,0.1,405.0,185.0
ORD006714,PROD0009,1,0.05,52250.0,10250.0
ORD006714,PROD0007,1,0.0,22000.0,6500.0
ORD006715,PROD0022,2,0.0,1800.0,900.0
ORD006716,PROD0025,2,0.0,7000.0,3400.0
ORD006716,PROD0003,3,0.0,315000.0,60000.0
ORD006716,PROD0010,2,0.05,41800.0,9800.0
ORD006717,PROD0022,1,0.0,900.0,450.0
ORD006717,PROD0026,1,0.0,5500.0,2300.0
ORD006718,PROD0016,1,0.0,7000.0,2800.0
ORD006719,PROD0022,1,0.0,900.0,450.0
ORD006719,PROD0002,2,0.0,130000.0,28000.0
ORD006719,PROD0025,2,0.15,5950.0,2350.0
ORD006720,PROD0019,2,0.1,27000.0,6000.0
ORD006721,PROD0015,2,0.0,17000.0,7000.0
ORD006722,PROD0010,3,0.0,66000.0,18000.0
ORD006722,PROD0007,1,0.1,19800.0,4300.0
ORD006722,PROD0009,1,0.0,55000.0,13000.0
ORD006723,PROD0004,1,0.15,1020.0,370.0
ORD006724,PROD0018,1,0.15,552.5,222.5
ORD006724,PROD0014,4,0.0,112000.0,36000.0
ORD006724,PROD0002,2,0.1,117000.0,15000.0
ORD006725,PROD0002,2,0.0,130000.0,28000.0
ORD006726,PROD0028,2,0.2,2880.0,980.0
ORD006726,PROD0024,2,0.0,8400.0,4000.0
ORD006727,PROD0026,4,0.15,18700.0,5900.0
ORD006728,PROD0001,1,0.0,85000.0,17000.0
ORD006729,PROD0001,1,0.0,85000.0,17000.0
ORD006729,PROD0022,2,0.05,1710.0,810.0
ORD006730,PROD0023,4,0.15,8500.0,3300.0
ORD006730,PROD0006,1,0.0,2200.0,1000.0
ORD006731,PROD0009,3,0.0,165000.0,39000.0
ORD006731,PROD0003,3,0.0,315000.0,60000.0
ORD006732,PROD0011,2,0.15,20400.0,5400.0
ORD006733,PROD0019,2,0.0,30000.0,9000.0
ORD006734,PROD0007,2,0.15,37400.0,6400.0
ORD006735,PROD0028,1,0.0,1800.0,850.0
ORD006736,PROD0003,1,0.15,89250.0,4250.0
ORD006737,PROD0005,2,0.1,8100.0,2700.0
ORD006737,PROD0012,2,0.2,28800.0,6800.0
ORD006738,PROD0028,1,0.0,1800.0,850.0
ORD006738,PROD0013,2,0.0,32000.0,12000.0
ORD006739,PROD0027,4,0.05,24700.0,9100.0
ORD006740,PROD0006,1,0.0,2200.0,1000.0
ORD006741,PROD0018,1,0.0,650.0,320.0
ORD006742,PROD0025,1,0.0,3500.0,1700.0
ORD006743,PROD0006,1,0.2,1760.0,560.0
ORD006743,PROD0025,1,0.0,3500.0,1700.0
ORD006743,PROD0018,1,0.2,520.0,190.0
ORD006744,PROD0019,1,0.05,14250.0,3750.0
ORD006744,PROD0023,2,0.0,5000.0,2400.0
ORD006745,PROD0004,1,0.0,1200.0,550.0
ORD006745,PROD0027,1,0.0,6500.0,2600.0
ORD006745,PROD0022,2,0.0,1800.0,900.0
ORD006746,PROD0002,1,0.2,52000.0,1000.0
ORD006747,PROD0007,1,0.1,19800.0,4300.0
ORD006748,PROD0018,1,0.0,650.0,320.0
ORD006749,PROD0008,1,0.0,15000.0,4500.0
ORD006749,PROD0015,2,0.0,17000.0,7000.0
ORD006749,PROD0025,2,0.0,7000.0,3400.0
ORD006750,PROD0016,1,0.15,5950.0,1750.0
ORD006751,PROD0008,1,0.0,15000.0,4500.0
ORD006752,PROD0028,1,0.05,1710.0,760.0
ORD006753,PROD0026,1,0.2,4400.0,1200.0
ORD006753,PROD0014,1,0.0,28000.0,9000.0
ORD006754,PROD0008,1,0.0,15000.0,4500.0
ORD006755,PROD0020,1,0.0,24000.0,7000.0
ORD006756,PROD0018,2,0.0,1300.0,640.0
ORD006756,PROD0025,1,0.05,3325.0,1525.0
ORD006757,PROD0007,1,0.0,22000.0,6500.0
ORD006757,PROD0003,1,0.2,84000.0,-1000.0
ORD006758,PROD0007,4,0.0,88000.0,26000.0
ORD006758,PROD0021,2,0.0,3600.0,1700.0
ORD006759,PROD0012,3,0.15,45900.0,12900.0
ORD006760,PROD0028,3,0.05,5130.0,2280.0
ORD006761,PROD0003,1,0.0,105000.0,20000.0
ORD006762,PROD0023,1,0.0,2500.0,1200.0
ORD006763,PROD0010,1,0.1,19800.0,3800.0
ORD006763,PROD0011,2,0.0,24000.0,9000.0
ORD006764,PROD0011,2,0.2,19200.0,4200.0
ORD006765,PROD0022,1,0.0,900.0,450.0
ORD006766,PROD0020,2,0.1,43200.0,9200.0
ORD006766,PROD0015,1,0.0,8500.0,3500.0
ORD006767,PROD0014,4,0.05,106400.0,30400.0
ORD006767,PROD0012,1,0.0,18000.0,7000.0
ORD006768,PROD0008,2,0.05,28500.0,7500.0
ORD006768,PROD0012,1,0.15,15300.0,4300.0
ORD006768,PROD0006,1,0.0,2200.0,1000.0
ORD006768,PROD0004,4,0.0,4800.0,2200.0
ORD006769,PROD0007,4,0.2,70400.0,8400.0
ORD006770,PROD0003,1,0.0,105000.0,20000.0
ORD006770,PROD0011,1,0.05,11400.0,3900.0
ORD006771,PROD0001,3,0.05,242250.0,38250.0
ORD006772,PROD0001,1,0.05,80750.0,12750.0
ORD006772,PROD0004,2,0.0,2400.0,1100.0
ORD006772,PROD0013,2,0.1,28800.0,8800.0
ORD006773,PROD0004,3,0.15,3060.0,1110.0
ORD006774,PROD0013,4,0.15,54400.0,14400.0
ORD006775,PROD0027,4,0.0,26000.0,10400.0
ORD006776,PROD0005,2,0.0,9000.0,3600.0
ORD006777,PROD0013,1,0.0,16000.0,6000.0
ORD006777,PROD0009,1,0.05,52250.0,10250.0
ORD006777,PROD0022,1,0.15,765.0,315.0
ORD006778,PROD0016,1,0.0,7000.0,2800.0
ORD006778,PROD0020,1,0.15,20400.0,3400.0
ORD006778,PROD0014,3,0.0,84000.0,27000.0
ORD006779,PROD0017,1,0.0,450.0,230.0
ORD006780,PROD0026,1,0.0,5500.0,2300.0
ORD006781,PROD0005,1,0.2,3600.0,900.0
ORD006782,PROD0026,2,0.0,11000.0,4600.0
ORD006782,PROD0024,3,0.2,10080.0,3480.0
ORD006783,PROD0006,2,0.05,4180.0,1780.0
ORD006784,PROD0016,2,0.05,13300.0,4900.0
ORD006784,PROD0004,1,0.2,960.0,310.0
ORD006785,PROD0020,3,0.0,72000.0,21000.0
ORD006785,PROD0004,1,0.15,1020.0,370.0
ORD006786,PROD0014,4,0.05,106400.0,30400.0
ORD006787,PROD0026,1,0.1,4950.0,1750.0
ORD006787,PROD0007,4,0.15,74800.0,12800.0
ORD006788,PROD0001,3,0.1,229500.0,25500.0
ORD006789,PROD0027,1,0.0,6500.0,2600.0
ORD006789,PROD0006,2,0.0,4400.0,2000.0
ORD006789,PROD0017,1,0.0,450.0,230.0
ORD006790,PROD0019,1,0.15,12750.0,2250.0
ORD006790,PROD0013,4,0.1,57600.0,17600.0
ORD006791,PROD0007,1,0.0,22000.0,6500.0
ORD006792,PROD0015,1,0.1,7650.0,2650.0
ORD006792,PROD0017,1,0.2,360.0,140.0
ORD006792,PROD0020,3,0.05,68400.0,17400.0
ORD006793,PROD0007,3,0.2,52800.0,6300.0
ORD006793,PROD0002,1,0.15,55250.0,4250.0
ORD006794,PROD0016,3,0.15,17850.0,5250.0
ORD006794,PROD0024,4,0.15,14280.0,5480.0
ORD006795,PROD0006,1,0.05,2090.0,890.0
ORD006796,PROD0027,3,0.0,19500.0,7800.0
ORD006797,PROD0028,3,0.0,5400.0,2550.0
ORD006797,PROD0017,2,0.2,720.0,280.0
ORD006797,PROD0021,1,0.2,1440.0,490.0
ORD006798,PROD0023,1,0.15,2125.0,825.0
ORD006798,PROD0022,1,0.0,900.0,450.0
ORD006799,PROD0005,1,0.2,3600.0,900.0
ORD006800,PROD0012,2,0.0,36000.0,14000.0
ORD006801,PROD0019,1,0.15,12750.0,2250.0
ORD006802,PROD0004,2,0.0,2400.0,1100.0
ORD006803,PROD0020,1,0.15,20400.0,3400.0
ORD006803,PROD0019,1,0.2,12000.0,1500.0
ORD006804,PROD0027,2,0.1,11700.0,3900.0
ORD006805,PROD0018,5,0.05,3087.5,1437.5
ORD006806,PROD0018,1,0.15,552.5,222.5
ORD006806,PROD0027,2,0.0,13000.0,5200.0
ORD006806,PROD0006,1,0.1,1980.0,780.0
ORD006806,PROD0008,2,0.2,24000.0,3000.0
ORD006807,PROD0028,1,0.0,1800.0,850.0
ORD006807,PROD0027,1,0.0,6500.0,2600.0
ORD006807,PROD0014,2,0.05,53200.0,15200.0
ORD006808,PROD0009,1,0.05,52250.0,10250.0
ORD006809,PROD0001,1,0.0,85000.0,17000.0
ORD006810,PROD0022,4,0.1,3240.0,1440.0
ORD006811,PROD0026,2,0.0,11000.0,4600.0
ORD006811,PROD0019,2,0.15,25500.0,4500.0
ORD006812,PROD0002,1,0.1,58500.0,7500.0
ORD006813,PROD0003,1,0.2,84000.0,-1000.0
ORD006814,PROD0009,1,0.15,46750.0,4750.0
ORD006815,PROD0004,5,0.0,6000.0,2750.0
ORD006816,PROD0018,2,0.0,1300.0,640.0
ORD006816,PROD0004,2,0.15,2040.0,740.0
ORD006817,PROD0014,1,0.0,28000.0,9000.0
ORD006818,PROD0011,5,0.05,57000.0,19500.0
ORD006819,PROD0009,4,0.0,220000.0,52000.0
ORD006819,PROD0019,3,0.0,45000.0,13500.0
ORD006820,PROD0028,1,0.0,1800.0,850.0
ORD006821,PROD0019,2,0.15,25500.0,4500.0
ORD006821,PROD0006,4,0.0,8800.0,4000.0
ORD006822,PROD0009,1,0.0,55000.0,13000.0
ORD006822,PROD0021,2,0.05,3420.0,1520.0
ORD006823,PROD0013,2,0.15,27200.0,7200.0
ORD006824,PROD0026,3,0.1,14850.0,5250.0
ORD006824,PROD0006,2,0.2,3520.0,1120.0
ORD006824,PROD0009,1,0.2,44000.0,2000.0
ORD006825,PROD0021,2,0.0,3600.0,1700.0
ORD006826,PROD0017,1,0.05,427.5,207.5
ORD006827,PROD0024,1,0.15,3570.0,1370.0
ORD006828,PROD0003,1,0.05,99750.0,14750.0
ORD006828,PROD0002,4,0.0,260000.0,56000.0
ORD006829,PROD0024,1,0.0,4200.0,2000.0
ORD006830,PROD0011,1,0.2,9600.0,2100.0
ORD006831,PROD0017,1,0.2,360.0,140.0
ORD006832,PROD0011,1,0.0,12000.0,4500.0
ORD006833,PROD0004,2,0.15,2040.0,740.0
ORD006833,PROD0014,1,0.2,22400.0,3400.0
ORD006833,PROD0010,1,0.2,17600.0,1600.0
ORD006833,PROD0026,1,0.2,4400.0,1200.0
ORD006834,PROD0022,3,0.0,2700.0,1350.0
ORD006835,PROD0004,1,0.0,1200.0,550.0
ORD006835,PROD0025,3,0.15,8925.0,3525.0
ORD006836,PROD0011,1,0.2,9600.0,2100.0
ORD006837,PROD0022,2,0.2,1440.0,540.0
ORD006837,PROD0028,1,0.0,1800.0,850.0
ORD006837,PROD0011,1,0.0,12000.0,4500.0
ORD006838,PROD0002,1,0.0,65000.0,14000.0
ORD006838,PROD0004,1,0.2,960.0,310.0
ORD006839,PROD0008,2,0.1,27000.0,6000.0
ORD006839,PROD0011,4,0.1,43200.0,13200.0
ORD006840,PROD0019,1,0.2,12000.0,1500.0
ORD006841,PROD0002,1,0.2,52000.0,1000.0
ORD006842,PROD0008,1,0.0,15000.0,4500.0
ORD006843,PROD0013,3,0.05,45600.0,15600.0
ORD006843,PROD0016,1,0.05,6650.0,2450.0
ORD006844,PROD0018,2,0.05,1235.0,575.0
ORD006845,PROD0021,2,0.0,3600.0,1700.0
ORD006846,PROD0017,2,0.0,900.0,460.0
ORD006846,PROD0025,1,0.2,2800.0,1000.0
ORD006846,PROD0022,2,0.2,1440.0,540.0
ORD006847,PROD0008,2,0.05,28500.0,7500.0
ORD006847,PROD0010,2,0.0,44000.0,12000.0
ORD006847,PROD0016,4,0.0,28000.0,11200.0
ORD006848,PROD0025,2,0.05,6650.0,3050.0
ORD006848,PROD0024,1,0.0,4200.0,2000.0
ORD006849,PROD0018,1,0.0,650.0,320.0
ORD006849,PROD0001,1,0.15,72250.0,4250.0
ORD006849,PROD0006,1,0.0,2200.0,1000.0
ORD006849,PROD0017,3,0.0,1350.0,690.0
ORD006850,PROD0028,1,0.15,1530.0,580.0
ORD006851,PROD0008,1,0.2,12000.0,1500.0
ORD006852,PROD0013,2,0.1,28800.0,8800.0
ORD006853,PROD0010,2,0.1,39600.0,7600.0
ORD006853,PROD0005,1,0.0,4500.0,1800.0
ORD006854,PROD0027,1,0.0,6500.0,2600.0
ORD006854,PROD0025,4,0.1,12600.0,5400.0
ORD006855,PROD0017,2,0.1,810.0,370.0
ORD006856,PROD0009,1,0.0,55000.0,13000.0
ORD006857,PROD0020,1,0.15,20400.0,3400.0
ORD006858,PROD0021,1,0.0,1800.0,850.0
ORD006859,PROD0013,3,0.0,48000.0,18000.0
ORD006860,PROD0013,2,0.0,32000.0,12000.0
ORD006861,PROD0024,1,0.15,3570.0,1370.0
ORD006862,PROD0014,1,0.15,23800.0,4800.0
ORD006863,PROD0005,2,0.0,9000.0,3600.0
ORD006864,PROD0017,1,0.2,360.0,140.0
ORD006864,PROD0016,1,0.2,5600.0,1400.0
ORD006864,PROD0005,3,0.1,12150.0,4050.0
ORD006865,PROD0013,2,0.1,28800.0,8800.0
ORD006866,PROD0025,1,0.0,3500.0,1700.0
ORD006867,PROD0012,1,0.2,14400.0,3400.0
ORD006868,PROD0016,1,0.2,5600.0,1400.0
ORD006868,PROD0025,1,0.1,3150.0,1350.0
ORD006868,PROD0015,1,0.0,8500.0,3500.0
ORD006869,PROD0013,1,0.1,14400.0,4400.0
ORD006869,PROD0005,1,0.0,4500.0,1800.0
ORD006870,PROD0009,4,0.0,220000.0,52000.0
ORD006870,PROD0019,1,0.15,12750.0,2250.0
ORD006870,PROD0022,1,0.0,900.0,450.0
ORD006871,PROD0020,1,0.05,22800.0,5800.0
ORD006872,PROD0026,1,0.2,4400.0,1200.0
ORD006873,PROD0013,1,0.05,15200.0,5200.0
ORD006874,PROD0023,1,0.0,2500.0,1200.0
ORD006875,PROD0019,3,0.1,40500.0,9000.0
ORD006875,PROD0007,4,0.15,74800.0,12800.0
ORD006876,PROD0025,1,0.2,2800.0,1000.0
ORD006876,PROD0021,1,0.0,1800.0,850.0
ORD006877,PROD0012,1,0.2,14400.0,3400.0
ORD006877,PROD0023,3,0.0,7500.0,3600.0
ORD006878,PROD0011,4,0.05,45600.0,15600.0
ORD006878,PROD0013,3,0.15,40800.0,10800.0
ORD006879,PROD0022,1,0.05,855.0,405.0
ORD006880,PROD0015,1,0.05,8075.0,3075.0
ORD006881,PROD0004,3,0.0,3600.0,1650.0
ORD006881,PROD0003,1,0.05,99750.0,14750.0
ORD006882,PROD0017,2,0.0,900.0,460.0
ORD006883,PROD0021,2,0.0,3600.0,1700.0
ORD006883,PROD0017,2,0.1,810.0,370.0
ORD006884,PROD0021,2,0.0,3600.0,1700.0
ORD006885,PROD0014,1,0.2,22400.0,3400.0
ORD006885,PROD0006,1,0.0,2200.0,1000.0
ORD006886,PROD0003,1,0.15,89250.0,4250.0
ORD006887,PROD0028,1,0.2,1440.0,490.0
ORD006887,PROD0008,3,0.2,36000.0,4500.0
ORD006888,PROD0021,1,0.2,1440.0,490.0
ORD006888,PROD0009,1,0.0,55000.0,13000.0
ORD006889,PROD0022,2,0.15,1530.0,630.0
ORD006890,PROD0024,2,0.2,6720.0,2320.0
ORD006890,PROD0007,1,0.0,22000.0,6500.0
ORD006891,PROD0006,3,0.2,5280.0,1680.0
ORD006891,PROD0019,1,0.0,15000.0,4500.0
ORD006891,PROD0020,1,0.2,19200.0,2200.0
ORD006892,PROD0023,2,0.0,5000.0,2400.0
ORD006892,PROD0001,3,0.1,229500.0,25500.0
ORD006892,PROD0003,2,0.0,210000.0,40000.0
ORD006893,PROD0001,1,0.0,85000.0,17000.0
ORD006894,PROD0027,3,0.0,19500.0,7800.0
ORD006895,PROD0027,3,0.15,16575.0,4875.0
ORD006895,PROD0024,2,0.2,6720.0,2320.0
ORD006896,PROD0010,1,0.0,22000.0,6000.0
ORD006897,PROD0024,1,0.2,3360.0,1160.0
ORD006898,PROD0018,1,0.15,552.5,222.5
ORD006899,PROD0026,1,0.0,5500.0,2300.0
ORD006899,PROD0020,2,0.0,48000.0,14000.0
ORD006900,PROD0015,2,0.0,17000.0,7000.0
ORD006900,PROD0024,1,0.0,4200.0,2000.0
ORD006901,PROD0028,1,0.1,1620.0,670.0
ORD006902,PROD0004,2,0.2,1920.0,620.0
ORD006902,PROD0017,1,0.0,450.0,230.0
ORD006903,PROD0018,1,0.0,650.0,320.0
ORD006904,PROD0014,1,0.15,23800.0,4800.0
ORD006905,PROD0015,2,0.05,16150.0,6150.0
ORD006906,PROD0015,1,0.05,8075.0,3075.0
ORD006906,PROD0023,2,0.15,4250.0,1650.0
ORD006906,PROD0011,2,0.0,24000.0,9000.0
ORD006907,PROD0026,1,0.0,5500.0,2300.0
ORD006907,PROD0006,1,0.0,2200.0,1000.0
ORD006907,PROD0023,2,0.15,4250.0,1650.0
ORD006908,PROD0018,1,0.15,552.5,222.5
ORD006908,PROD0024,1,0.15,3570.0,1370.0
ORD006909,PROD0011,3,0.2,28800.0,6300.0
ORD006910,PROD0027,1,0.0,6500.0,2600.0
ORD006911,PROD0018,3,0.05,1852.5,862.5
ORD006912,PROD0011,1,0.05,11400.0,3900.0
ORD006913,PROD0010,3,0.1,59400.0,11400.0
ORD006914,PROD0024,4,0.2,13440.0,4640.0
ORD006915,PROD0024,1,0.2,3360.0,1160.0
ORD006915,PROD0018,3,0.05,1852.5,862.5
ORD006916,PROD0019,2,0.2,24000.0,3000.0
ORD006917,PROD0008,3,0.0,45000.0,13500.0
ORD006918,PROD0007,1,0.0,22000.0,6500.0
ORD006918,PROD0017,3,0.0,1350.0,690.0
ORD006918,PROD0015,1,0.0,8500.0,3500.0
ORD006919,PROD0008,1,0.1,13500.0,3000.0
ORD006920,PROD0026,3,0.0,16500.0,6900.0
ORD006920,PROD0018,2,0.15,1105.0,445.0
ORD006921,PROD0022,2,0.0,1800.0,900.0
ORD006922,PROD0010,1,0.05,20900.0,4900.0
ORD006922,PROD0001,1,0.15,72250.0,4250.0
ORD006922,PROD0013,2,0.2,25600.0,5600.0
ORD006923,PROD0015,4,0.0,34000.0,14000.0
ORD006924,PROD0022,1,0.0,900.0,450.0
ORD006925,PROD0017,2,0.0,900.0,460.0
ORD006926,PROD0011,2,0.0,24000.0,9000.0
ORD006927,PROD0017,1,0.0,450.0,230.0
ORD006928,PROD0006,4,0.0,8800.0,4000.0
ORD006928,PROD0027,3,0.1,17550.0,5850.0
ORD006928,PROD0003,1,0.1,94500.0,9500.0
ORD006929,PROD0014,1,0.05,26600.0,7600.0
ORD006930,PROD0022,1,0.05,855.0,405.0
ORD006930,PROD0007,2,0.0,44000.0,13000.0
ORD006931,PROD0003,3,0.1,283500.0,28500.0
ORD006931,PROD0023,2,0.15,4250.0,1650.0
ORD006932,PROD0027,3,0.2,15600.0,3900.0
ORD006932,PROD0017,4,0.0,1800.0,920.0
ORD006933,PROD0014,1,0.0,28000.0,9000.0
ORD006934,PROD0012,1,0.0,18000.0,7000.0
ORD006934,PROD0004,1,0.2,960.0,310.0
ORD006935,PROD0024,4,0.0,16800.0,8000.0
ORD006936,PROD0013,1,0.0,16000.0,6000.0
ORD006937,PROD0024,1,0.0,4200.0,2000.0
ORD006937,PROD0021,1,0.2,1440.0,490.0
ORD006937,PROD0020,3,0.1,64800.0,13800.0
ORD006937,PROD0002,4,0.0,260000.0,56000.0
ORD006938,PROD0001,3,0.2,204000.0,0.0
ORD006939,PROD0009,1,0.05,52250.0,10250.0
ORD006940,PROD0027,2,0.0,13000.0,5200.0
ORD006940,PROD0025,4,0.0,14000.0,6800.0
ORD006940,PROD0013,2,0.0,32000.0,12000.0
ORD006941,PROD0014,1,0.2,22400.0,3400.0
ORD006942,PROD0006,1,0.0,2200.0,1000.0
ORD006943,PROD0006,3,0.1,5940.0,2340.0
ORD006944,PROD0023,1,0.0,2500.0,1200.0
ORD006945,PROD0004,2,0.15,2040.0,740.0
ORD006946,PROD0013,2,0.0,32000.0,12000.0
ORD006947,PROD0022,1,0.2,720.0,270.0
ORD006947,PROD0015,1,0.15,7225.0,2225.0
ORD006947,PROD0006,1,0.1,1980.0,780.0
ORD006948,PROD0025,1,0.15,2975.0,1175.0
ORD006949,PROD0016,3,0.05,19950.0,7350.0
ORD006950,PROD0020,4,0.05,91200.0,23200.0
ORD006951,PROD0018,1,0.2,520.0,190.0
ORD006952,PROD0004,4,0.0,4800.0,2200.0
ORD006953,PROD0005,1,0.1,4050.0,1350.0
ORD006954,PROD0018,1,0.05,617.5,287.5
ORD006954,PROD0024,1,0.05,3990.0,1790.0
ORD006955,PROD0010,1,0.0,22000.0,6000.0
ORD006955,PROD0014,2,0.05,53200.0,15200.0
ORD006955,PROD0026,1,0.05,5225.0,2025.0
ORD006956,PROD0012,2,0.1,32400.0,10400.0
ORD006956,PROD0003,1,0.0,105000.0,20000.0
ORD006957,PROD0008,1,0.1,13500.0,3000.0
ORD006958,PROD0028,2,0.1,3240.0,1340.0
ORD006958,PROD0021,4,0.0,7200.0,3400.0
ORD006959,PROD0005,1,0.1,4050.0,1350.0
ORD006960,PROD0007,1,0.0,22000.0,6500.0
ORD006961,PROD0016,1,0.0,7000.0,2800.0
ORD006961,PROD0017,5,0.0,2250.0,1150.0
ORD006962,PROD0018,3,0.15,1657.5,667.5
ORD006963,PROD0010,1,0.05,20900.0,4900.0
ORD006964,PROD0019,2,0.0,30000.0,9000.0
ORD006964,PROD0015,4,0.0,34000.0,14000.0
ORD006965,PROD0017,1,0.2,360.0,140.0
ORD006966,PROD0027,1,0.2,5200.0,1300.0
ORD006966,PROD0006,2,0.05,4180.0,1780.0
ORD006967,PROD0028,1,0.2,1440.0,490.0
ORD006967,PROD0014,1,0.05,26600.0,7600.0
ORD006967,PROD0022,1,0.15,765.0,315.0
ORD006968,PROD0024,4,0.0,16800.0,8000.0
ORD006968,PROD0006,2,0.0,4400.0,2000.0
ORD006969,PROD0027,1,0.0,6500.0,2600.0
ORD006969,PROD0011,1,0.0,12000.0,4500.0
ORD006970,PROD0013,1,0.05,15200.0,5200.0
ORD006970,PROD0007,1,0.1,19800.0,4300.0
ORD006971,PROD0028,2,0.0,3600.0,1700.0
ORD006971,PROD0011,1,0.0,12000.0,4500.0
ORD006972,PROD0003,2,0.0,210000.0,40000.0
ORD006973,PROD0005,2,0.15,7650.0,2250.0
ORD006973,PROD0021,3,0.1,4860.0,2010.0
ORD006974,PROD0024,3,0.05,11970.0,5370.0
ORD006975,PROD0014,2,0.15,47600.0,9600.0
ORD006975,PROD0011,1,0.2,9600.0,2100.0
ORD006976,PROD0002,2,0.0,130000.0,28000.0
ORD006977,PROD0026,2,0.0,11000.0,4600.0
ORD006978,PROD0020,1,0.0,24000.0,7000.0
ORD006978,PROD0014,5,0.2,112000.0,17000.0
ORD006979,PROD0012,3,0.0,54000.0,21000.0
ORD006979,PROD0023,1,0.0,2500.0,1200.0
ORD006980,PROD0009,4,0.0,220000.0,52000.0
ORD006980,PROD0013,1,0.15,13600.0,3600.0
ORD006981,PROD0024,1,0.05,3990.0,1790.0
ORD006981,PROD0020,2,0.2,38400.0,4400.0
ORD006982,PROD0007,1,0.0,22000.0,6500.0
ORD006982,PROD0011,1,0.2,9600.0,2100.0
ORD006982,PROD0004,1,0.2,960.0,310.0
ORD006983,PROD0023,1,0.0,2500.0,1200.0
ORD006983,PROD0004,1,0.0,1200.0,550.0
ORD006983,PROD0003,1,0.15,89250.0,4250.0
ORD006984,PROD0017,1,0.15,382.5,162.5
ORD006985,PROD0018,1,0.15,552.5,222.5
ORD006985,PROD0009,1,0.2,44000.0,2000.0
ORD006986,PROD0015,2,0.0,17000.0,7000.0
ORD006987,PROD0021,1,0.1,1620.0,670.0
ORD006988,PROD0020,1,0.0,24000.0,7000.0
ORD006989,PROD0023,3,0.0,7500.0,3600.0
ORD006989,PROD0003,1,0.1,94500.0,9500.0
ORD006989,PROD0018,3,0.0,1950.0,960.0
ORD006989,PROD0026,2,0.0,11000.0,4600.0
ORD006990,PROD0017,2,0.1,810.0,370.0
ORD006991,PROD0020,1,0.2,19200.0,2200.0
ORD006992,PROD0005,2,0.2,7200.0,1800.0
ORD006993,PROD0011,1,0.2,9600.0,2100.0
ORD006994,PROD0005,1,0.15,3825.0,1125.0
ORD006995,PROD0002,2,0.0,130000.0,28000.0
ORD006996,PROD0013,1,0.0,16000.0,6000.0
ORD006996,PROD0028,2,0.1,3240.0,1340.0
ORD006996,PROD0020,2,0.1,43200.0,9200.0
ORD006997,PROD0013,4,0.0,64000.0,24000.0
ORD006998,PROD0015,1,0.0,8500.0,3500.0
ORD006998,PROD0017,3,0.0,1350.0,690.0
ORD006999,PROD0014,2,0.0,56000.0,18000.0
ORD006999,PROD0010,1,0.1,19800.0,3800.0
ORD006999,PROD0013,4,0.1,57600.0,17600.0
ORD007000,PROD0006,1,0.0,2200.0,1000.0
ORD007000,PROD0009,1,0.0,55000.0,13000.0
ORD007001,PROD0024,1,0.0,4200.0,2000.0
ORD007002,PROD0022,2,0.0,1800.0,900.0
ORD007002,PROD0002,1,0.1,58500.0,7500.0
ORD007003,PROD0019,3,0.1,40500.0,9000.0
ORD007004,PROD0022,1,0.0,900.0,450.0
ORD007005,PROD0025,1,0.15,2975.0,1175.0
ORD007006,PROD0005,2,0.1,8100.0,2700.0
ORD007007,PROD0007,1,0.0,22000.0,6500.0
ORD007008,PROD0010,3,0.15,56100.0,8100.0
ORD007009,PROD0011,1,0.0,12000.0,4500.0
ORD007010,PROD0001,2,0.2,136000.0,0.0
ORD007011,PROD0016,2,0.2,11200.0,2800.0
ORD007011,PROD0012,1,0.0,18000.0,7000.0
ORD007011,PROD0003,1,0.15,89250.0,4250.0
ORD007012,PROD0016,1,0.2,5600.0,1400.0
ORD007013,PROD0017,1,0.05,427.5,207.5
ORD007013,PROD0024,1,0.0,4200.0,2000.0
ORD007013,PROD0010,3,0.0,66000.0,18000.0
ORD007014,PROD0021,1,0.2,1440.0,490.0
ORD007015,PROD0026,5,0.0,27500.0,11500.0
ORD007016,PROD0008,1,0.15,12750.0,2250.0
ORD007017,PROD0026,1,0.15,4675.0,1475.0
ORD007017,PROD0009,1,0.05,52250.0,10250.0
ORD007018,PROD0024,1,0.0,4200.0,2000.0
ORD007019,PROD0003,2,0.15,178500.0,8500.0
ORD007020,PROD0011,2,0.1,21600.0,6600.0
ORD007021,PROD0005,1,0.0,4500.0,1800.0
ORD007022,PROD0005,2,0.0,9000.0,3600.0
ORD007023,PROD0012,4,0.1,64800.0,20800.0
ORD007024,PROD0007,2,0.15,37400.0,6400.0
ORD007024,PROD0024,1,0.05,3990.0,1790.0
ORD007025,PROD0009,1,0.2,44000.0,2000.0
ORD007026,PROD0015,2,0.05,16150.0,6150.0
ORD007026,PROD0001,3,0.05,242250.0,38250.0
ORD007027,PROD0020,2,0.15,40800.0,6800.0
ORD007028,PROD0021,1,0.15,1530.0,580.0
ORD007028,PROD0027,3,0.0,19500.0,7800.0
ORD007028,PROD0006,2,0.05,4180.0,1780.0
ORD007028,PROD0010,1,0.1,19800.0,3800.0
ORD007029,PROD0003,3,0.0,315000.0,60000.0
ORD007029,PROD0004,3,0.15,3060.0,1110.0
ORD007029,PROD0008,5,0.2,60000.0,7500.0
ORD007030,PROD0016,1,0.15,5950.0,1750.0
ORD007031,PROD0010,1,0.2,17600.0,1600.0
ORD007032,PROD0020,2,0.05,45600.0,11600.0
ORD007033,PROD0019,1,0.0,15000.0,4500.0
ORD007033,PROD0009,1,0.15,46750.0,4750.0
ORD007033,PROD0014,1,0.0,28000.0,9000.0
ORD007034,PROD0001,3,0.1,229500.0,25500.0
ORD007034,PROD0007,2,0.1,39600.0,8600.0
ORD007035,PROD0005,1,0.0,4500.0,1800.0
ORD007035,PROD0013,2,0.05,30400.0,10400.0
ORD007036,PROD0027,1,0.15,5525.0,1625.0
ORD007037,PROD0005,1,0.0,4500.0,1800.0
ORD007038,PROD0001,1,0.1,76500.0,8500.0
ORD007039,PROD0027,4,0.1,23400.0,7800.0
ORD007039,PROD0006,4,0.1,7920.0,3120.0
ORD007040,PROD0008,1,0.05,14250.0,3750.0
ORD007041,PROD0025,1,0.05,3325.0,1525.0
ORD007041,PROD0023,1,0.15,2125.0,825.0
ORD007041,PROD0021,2,0.0,3600.0,1700.0
ORD007042,PROD0020,2,0.15,40800.0,6800.0
ORD007042,PROD0001,2,0.1,153000.0,17000.0
ORD007043,PROD0022,3,0.0,2700.0,1350.0
ORD007043,PROD0021,2,0.15,3060.0,1160.0
ORD007044,PROD0014,1,0.1,25200.0,6200.0
ORD007045,PROD0001,1,0.0,85000.0,17000.0
ORD007046,PROD0017,2,0.0,900.0,460.0
ORD007046,PROD0016,1,0.2,5600.0,1400.0
ORD007046,PROD0001,1,0.0,85000.0,17000.0
ORD007047,PROD0012,1,0.1,16200.0,5200.0
ORD007047,PROD0008,2,0.1,27000.0,6000.0
ORD007047,PROD0005,2,0.05,8550.0,3150.0
ORD007047,PROD0024,5,0.0,21000.0,10000.0
ORD007048,PROD0017,1,0.05,427.5,207.5
ORD007049,PROD0028,1,0.2,1440.0,490.0
ORD007050,PROD0028,1,0.2,1440.0,490.0
ORD007050,PROD0003,1,0.0,105000.0,20000.0
ORD007051,PROD0027,3,0.1,17550.0,5850.0
ORD007051,PROD0012,2,0.2,28800.0,6800.0
ORD007052,PROD0016,1,0.0,7000.0,2800.0
ORD007053,PROD0014,1,0.05,26600.0,7600.0
ORD007053,PROD0011,1,0.15,10200.0,2700.0
ORD007054,PROD0012,2,0.2,28800.0,6800.0
ORD007054,PROD0015,1,0.05,8075.0,3075.0
ORD007055,PROD0007,1,0.2,17600.0,2100.0
ORD007055,PROD0004,5,0.0,6000.0,2750.0
ORD007055,PROD0014,1,0.0,28000.0,9000.0
ORD007056,PROD0011,3,0.0,36000.0,13500.0
ORD007056,PROD0001,1,0.05,80750.0,12750.0
ORD007056,PROD0013,2,0.0,32000.0,12000.0
ORD007057,PROD0023,1,0.0,2500.0,1200.0
ORD007057,PROD0022,3,0.15,2295.0,945.0
ORD007057,PROD0012,4,0.05,68400.0,24400.0
ORD007058,PROD0009,2,0.15,93500.0,9500.0
ORD007058,PROD0025,1,0.0,3500.0,1700.0
ORD007059,PROD0014,1,0.05,26600.0,7600.0
ORD007060,PROD0022,2,0.05,1710.0,810.0
ORD007060,PROD0024,2,0.0,8400.0,4000.0
ORD007061,PROD0023,1,0.0,2500.0,1200.0
ORD007062,PROD0027,1,0.15,5525.0,1625.0
ORD007063,PROD0025,4,0.05,13300.0,6100.0
ORD007064,PROD0015,1,0.05,8075.0,3075.0
ORD007065,PROD0001,1,0.1,76500.0,8500.0
ORD007065,PROD0025,3,0.0,10500.0,5100.0
ORD007066,PROD0005,2,0.15,7650.0,2250.0
ORD007066,PROD0011,2,0.15,20400.0,5400.0
ORD007066,PROD0028,1,0.05,1710.0,760.0
ORD007067,PROD0025,3,0.15,8925.0,3525.0
ORD007068,PROD0028,2,0.0,3600.0,1700.0
ORD007068,PROD0007,1,0.0,22000.0,6500.0
ORD007069,PROD0004,1,0.05,1140.0,490.0
ORD007070,PROD0018,5,0.2,2600.0,950.0
ORD007071,PROD0002,2,0.0,130000.0,28000.0
ORD007072,PROD0012,2,0.2,28800.0,6800.0
ORD007073,PROD0017,2,0.05,855.0,415.0
ORD007073,PROD0013,2,0.0,32000.0,12000.0
ORD007073,PROD0006,2,0.15,3740.0,1340.0
ORD007073,PROD0021,4,0.0,7200.0,3400.0
ORD007074,PROD0019,1,0.0,15000.0,4500.0
ORD007075,PROD0019,2,0.05,28500.0,7500.0
ORD007076,PROD0008,4,0.0,60000.0,18000.0
ORD007076,PROD0003,2,0.15,178500.0,8500.0
ORD007076,PROD0011,1,0.15,10200.0,2700.0
ORD007077,PROD0016,1,0.2,5600.0,1400.0
ORD007078,PROD0011,1,0.15,10200.0,2700.0
ORD007079,PROD0017,4,0.0,1800.0,920.0
ORD007080,PROD0018,4,0.05,2470.0,1150.0
ORD007080,PROD0005,1,0.15,3825.0,1125.0
ORD007081,PROD0009,1,0.1,49500.0,7500.0
ORD007082,PROD0011,2,0.15,20400.0,5400.0
ORD007082,PROD0001,1,0.0,85000.0,17000.0
ORD007082,PROD0004,1,0.15,1020.0,370.0
ORD007083,PROD0022,1,0.0,900.0,450.0
ORD007083,PROD0010,1,0.0,22000.0,6000.0
ORD007083,PROD0028,1,0.05,1710.0,760.0
ORD007083,PROD0004,2,0.0,2400.0,1100.0
ORD007084,PROD0003,1,0.2,84000.0,-1000.0
ORD007085,PROD0015,3,0.15,21675.0,6675.0
ORD007085,PROD0008,1,0.0,15000.0,4500.0
ORD007085,PROD0027,1,0.0,6500.0,2600.0
ORD007086,PROD0012,1,0.15,15300.0,4300.0
ORD007087,PROD0016,1,0.1,6300.0,2100.0
ORD007087,PROD0003,1,0.15,89250.0,4250.0
ORD007088,PROD0005,3,0.0,13500.0,5400.0
ORD007089,PROD0016,1,0.2,5600.0,1400.0
ORD007089,PROD0015,2,0.15,14450.0,4450.0
ORD007090,PROD0023,2,0.05,4750.0,2150.0
ORD007090,PROD0020,2,0.0,48000.0,14000.0
ORD007091,PROD0014,2,0.05,53200.0,15200.0
ORD007092,PROD0012,1,0.2,14400.0,3400.0
ORD007093,PROD0003,2,0.1,189000.0,19000.0
ORD007093,PROD0027,1,0.1,5850.0,1950.0
ORD007094,PROD0003,2,0.05,199500.0,29500.0
ORD007095,PROD0014,1,0.0,28000.0,9000.0
ORD007096,PROD0008,2,0.0,30000.0,9000.0
ORD007096,PROD0001,1,0.0,85000.0,17000.0
ORD007097,PROD0007,4,0.1,79200.0,17200.0
ORD007097,PROD0004,3,0.0,3600.0,1650.0
ORD007098,PROD0019,1,0.1,13500.0,3000.0
ORD007099,PROD0022,1,0.15,765.0,315.0
ORD007100,PROD0021,1,0.05,1710.0,760.0
ORD007101,PROD0011,2,0.2,19200.0,4200.0
ORD007102,PROD0013,2,0.0,32000.0,12000.0
ORD007102,PROD0009,1,0.05,52250.0,10250.0
ORD007103,PROD0025,3,0.1,9450.0,4050.0
ORD007103,PROD0019,2,0.0,30000.0,9000.0
ORD007104,PROD0017,1,0.0,450.0,230.0
ORD007104,PROD0025,1,0.2,2800.0,1000.0
ORD007105,PROD0002,2,0.15,110500.0,8500.0
ORD007106,PROD0015,1,0.0,8500.0,3500.0
ORD007106,PROD0012,1,0.0,18000.0,7000.0
ORD007107,PROD0024,3,0.1,11340.0,4740.0
ORD007107,PROD0028,1,0.2,1440.0,490.0
ORD007108,PROD0018,3,0.0,1950.0,960.0
ORD007109,PROD0020,3,0.05,68400.0,17400.0
ORD007109,PROD0027,2,0.0,13000.0,5200.0
ORD007109,PROD0025,4,0.2,11200.0,4000.0
ORD007110,PROD0015,1,0.0,8500.0,3500.0
ORD007110,PROD0017,1,0.2,360.0,140.0
ORD007110,PROD0026,2,0.2,8800.0,2400.0
ORD007111,PROD0017,1,0.1,405.0,185.0
ORD007112,PROD0022,1,0.05,855.0,405.0
ORD007113,PROD0004,1,0.0,1200.0,550.0
ORD007114,PROD0006,1,0.05,2090.0,890.0
ORD007115,PROD0014,1,0.05,26600.0,7600.0
ORD007115,PROD0003,2,0.0,210000.0,40000.0
ORD007115,PROD0016,1,0.15,5950.0,1750.0
ORD007116,PROD0017,2,0.0,900.0,460.0
ORD007116,PROD0009,1,0.0,55000.0,13000.0
ORD007117,PROD0001,3,0.0,255000.0,51000.0
ORD007118,PROD0002,3,0.15,165750.0,12750.0
ORD007119,PROD0024,1,0.1,3780.0,1580.0
ORD007119,PROD0004,2,0.0,2400.0,1100.0
ORD007120,PROD0003,3,0.2,252000.0,-3000.0
ORD007120,PROD0024,2,0.15,7140.0,2740.0
ORD007120,PROD0027,2,0.0,13000.0,5200.0
ORD007121,PROD0021,2,0.15,3060.0,1160.0
ORD007122,PROD0019,2,0.0,30000.0,9000.0
ORD007122,PROD0005,1,0.0,4500.0,1800.0
ORD007122,PROD0015,2,0.15,14450.0,4450.0
ORD007123,PROD0010,1,0.0,22000.0,6000.0
ORD007124,PROD0024,3,0.0,12600.0,6000.0
ORD007125,PROD0019,3,0.0,45000.0,13500.0
ORD007126,PROD0021,3,0.0,5400.0,2550.0
ORD007126,PROD0018,3,0.0,1950.0,960.0
ORD007126,PROD0024,2,0.05,7980.0,3580.0
ORD007127,PROD0002,4,0.15,221000.0,17000.0
ORD007128,PROD0004,1,0.15,1020.0,370.0
ORD007128,PROD0010,1,0.0,22000.0,6000.0
ORD007128,PROD0017,2,0.1,810.0,370.0
ORD007129,PROD0028,2,0.0,3600.0,1700.0
ORD007129,PROD0017,4,0.0,1800.0,920.0
ORD007130,PROD0013,1,0.1,14400.0,4400.0
ORD007130,PROD0012,1,0.15,15300.0,4300.0
ORD007131,PROD0019,1,0.0,15000.0,4500.0
ORD007131,PROD0013,1,0.05,15200.0,5200.0
ORD007132,PROD0020,2,0.05,45600.0,11600.0
ORD007133,PROD0019,2,0.0,30000.0,9000.0
ORD007133,PROD0028,2,0.05,3420.0,1520.0
ORD007134,PROD0022,1,0.15,765.0,315.0
ORD007134,PROD0001,1,0.2,68000.0,0.0
ORD007134,PROD0027,1,0.05,6175.0,2275.0
ORD007135,PROD0026,2,0.0,11000.0,4600.0
ORD007135,PROD0010,3,0.05,62700.0,14700.0
ORD007135,PROD0018,1,0.0,650.0,320.0
ORD007136,PROD0015,1,0.0,8500.0,3500.0
ORD007136,PROD0016,2,0.2,11200.0,2800.0
ORD007137,PROD0017,1,0.05,427.5,207.5
ORD007137,PROD0001,1,0.15,72250.0,4250.0
ORD007138,PROD0017,1,0.15,382.5,162.5
ORD007138,PROD0005,1,0.05,4275.0,1575.0
ORD007139,PROD0008,2,0.0,30000.0,9000.0
ORD007140,PROD0010,2,0.15,37400.0,5400.0
ORD007141,PROD0014,2,0.05,53200.0,15200.0
ORD007141,PROD0016,3,0.05,19950.0,7350.0
ORD007142,PROD0008,2,0.1,27000.0,6000.0
ORD007143,PROD0012,1,0.15,15300.0,4300.0
ORD007143,PROD0009,2,0.0,110000.0,26000.0
ORD007143,PROD0027,1,0.05,6175.0,2275.0
ORD007144,PROD0007,1,0.15,18700.0,3200.0
ORD007144,PROD0005,1,0.2,3600.0,900.0
ORD007144,PROD0003,1,0.1,94500.0,9500.0
ORD007144,PROD0008,2,0.2,24000.0,3000.0
ORD007145,PROD0017,5,0.15,1912.5,812.5
ORD007145,PROD0001,2,0.0,170000.0,34000.0
ORD007146,PROD0027,1,0.2,5200.0,1300.0
ORD007146,PROD0012,3,0.05,51300.0,18300.0
ORD007147,PROD0025,1,0.1,3150.0,1350.0
ORD007148,PROD0007,1,0.15,18700.0,3200.0
ORD007149,PROD0020,2,0.15,40800.0,6800.0
ORD007150,PROD0023,2,0.2,4000.0,1400.0
ORD007151,PROD0014,1,0.15,23800.0,4800.0
ORD007151,PROD0005,2,0.0,9000.0,3600.0
ORD007152,PROD0008,1,0.1,13500.0,3000.0
ORD007152,PROD0025,1,0.2,2800.0,1000.0
ORD007153,PROD0028,1,0.15,1530.0,580.0
ORD007154,PROD0010,1,0.05,20900.0,4900.0
ORD007155,PROD0004,2,0.2,1920.0,620.0
ORD007156,PROD0010,1,0.0,22000.0,6000.0
ORD007156,PROD0020,3,0.05,68400.0,17400.0
ORD007157,PROD0007,1,0.2,17600.0,2100.0
ORD007158,PROD0024,1,0.1,3780.0,1580.0
ORD007158,PROD0028,1,0.05,1710.0,760.0
ORD007159,PROD0021,2,0.05,3420.0,1520.0
ORD007159,PROD0023,4,0.0,10000.0,4800.0
ORD007159,PROD0025,1,0.1,3150.0,1350.0
ORD007160,PROD0006,2,0.0,4400.0,2000.0
ORD007160,PROD0018,1,0.15,552.5,222.5
ORD007161,PROD0028,1,0.2,1440.0,490.0
ORD007162,PROD0014,1,0.2,22400.0,3400.0
ORD007162,PROD0015,2,0.1,15300.0,5300.0
ORD007162,PROD0002,1,0.05,61750.0,10750.0
ORD007163,PROD0009,2,0.15,93500.0,9500.0
ORD007164,PROD0026,1,0.0,5500.0,2300.0
ORD007164,PROD0020,1,0.0,24000.0,7000.0
ORD007165,PROD0028,4,0.0,7200.0,3400.0
ORD007165,PROD0020,1,0.0,24000.0,7000.0
ORD007165,PROD0018,1,0.1,585.0,255.0
ORD007166,PROD0013,1,0.0,16000.0,6000.0
ORD007166,PROD0002,3,0.05,185250.0,32250.0
ORD007167,PROD0021,1,0.0,1800.0,850.0
ORD007168,PROD0016,3,0.0,21000.0,8400.0
ORD007169,PROD0009,4,0.0,220000.0,52000.0
ORD007169,PROD0014,1,0.0,28000.0,9000.0
ORD007169,PROD0027,3,0.0,19500.0,7800.0
ORD007170,PROD0028,1,0.0,1800.0,850.0
ORD007170,PROD0007,1,0.2,17600.0,2100.0
ORD007170,PROD0011,1,0.1,10800.0,3300.0
ORD007171,PROD0021,1,0.0,1800.0,850.0
ORD007172,PROD0007,1,0.0,22000.0,6500.0
ORD007173,PROD0023,1,0.05,2375.0,1075.0
ORD007174,PROD0002,1,0.0,65000.0,14000.0
ORD007175,PROD0011,1,0.2,9600.0,2100.0
ORD007176,PROD0021,1,0.1,1620.0,670.0
ORD007177,PROD0012,1,0.0,18000.0,7000.0
ORD007178,PROD0026,1,0.05,5225.0,2025.0
ORD007179,PROD0028,2,0.15,3060.0,1160.0
ORD007179,PROD0026,1,0.1,4950.0,1750.0
ORD007180,PROD0027,1,0.0,6500.0,2600.0
ORD007180,PROD0028,1,0.0,1800.0,850.0
ORD007181,PROD0028,1,0.05,1710.0,760.0
ORD007182,PROD0019,1,0.2,12000.0,1500.0
ORD007183,PROD0012,3,0.1,48600.0,15600.0
ORD007184,PROD0009,1,0.0,55000.0,13000.0
ORD007185,PROD0003,1,0.0,105000.0,20000.0
ORD007185,PROD0027,4,0.05,24700.0,9100.0
ORD007186,PROD0020,1,0.15,20400.0,3400.0
ORD007186,PROD0005,1,0.0,4500.0,1800.0
ORD007186,PROD0023,2,0.0,5000.0,2400.0
ORD007187,PROD0015,1,0.0,8500.0,3500.0
ORD007188,PROD0021,2,0.2,2880.0,980.0
ORD007189,PROD0025,4,0.2,11200.0,4000.0
ORD007190,PROD0025,1,0.1,3150.0,1350.0
ORD007191,PROD0016,2,0.15,11900.0,3500.0
ORD007192,PROD0004,3,0.15,3060.0,1110.0
ORD007192,PROD0019,1,0.0,15000.0,4500.0
ORD007193,PROD0004,1,0.1,1080.0,430.0
ORD007193,PROD0013,2,0.0,32000.0,12000.0
ORD007193,PROD0028,2,0.2,2880.0,980.0
ORD007194,PROD0013,2,0.0,32000.0,12000.0
ORD007194,PROD0005,1,0.1,4050.0,1350.0
ORD007194,PROD0011,1,0.05,11400.0,3900.0
ORD007195,PROD0004,3,0.1,3240.0,1290.0
ORD007195,PROD0023,1,0.0,2500.0,1200.0
ORD007196,PROD0024,2,0.2,6720.0,2320.0
ORD007196,PROD0004,1,0.0,1200.0,550.0
ORD007196,PROD0005,1,0.2,3600.0,900.0
ORD007196,PROD0017,1,0.1,405.0,185.0
ORD007197,PROD0007,3,0.15,56100.0,9600.0
ORD007198,PROD0009,1,0.05,52250.0,10250.0
ORD007198,PROD0012,2,0.05,34200.0,12200.0
ORD007199,PROD0004,2,0.1,2160.0,860.0
ORD007200,PROD0016,2,0.0,14000.0,5600.0
ORD007201,PROD0005,2,0.2,7200.0,1800.0
ORD007202,PROD0008,4,0.15,51000.0,9000.0
ORD007203,PROD0004,1,0.0,1200.0,550.0
ORD007204,PROD0003,3,0.0,315000.0,60000.0
ORD007205,PROD0006,2,0.1,3960.0,1560.0
ORD007206,PROD0024,1,0.0,4200.0,2000.0
ORD007206,PROD0005,2,0.15,7650.0,2250.0
ORD007206,PROD0023,1,0.0,2500.0,1200.0
ORD007207,PROD0023,2,0.0,5000.0,2400.0
ORD007207,PROD0001,1,0.05,80750.0,12750.0
ORD007208,PROD0003,3,0.1,283500.0,28500.0
ORD007208,PROD0025,1,0.15,2975.0,1175.0
ORD007209,PROD0006,1,0.0,2200.0,1000.0
ORD007209,PROD0003,1,0.05,99750.0,14750.0
ORD007210,PROD0027,3,0.05,18525.0,6825.0
ORD007211,PROD0005,2,0.0,9000.0,3600.0
ORD007212,PROD0014,3,0.0,84000.0,27000.0
ORD007213,PROD0023,2,0.05,4750.0,2150.0
ORD007213,PROD0022,3,0.0,2700.0,1350.0
ORD007214,PROD0006,1,0.05,2090.0,890.0
ORD007214,PROD0007,1,0.2,17600.0,2100.0
ORD007214,PROD0005,2,0.0,9000.0,3600.0
ORD007214,PROD0009,1,0.15,46750.0,4750.0
ORD007215,PROD0011,1,0.0,12000.0,4500.0
ORD007216,PROD0005,4,0.2,14400.0,3600.0
ORD007217,PROD0027,1,0.05,6175.0,2275.0
ORD007218,PROD0001,1,0.05,80750.0,12750.0
ORD007219,PROD0003,1,0.0,105000.0,20000.0
ORD007220,PROD0009,1,0.0,55000.0,13000.0
ORD007221,PROD0010,2,0.0,44000.0,12000.0
ORD007222,PROD0011,1,0.0,12000.0,4500.0
ORD007223,PROD0019,1,0.0,15000.0,4500.0
ORD007224,PROD0027,1,0.1,5850.0,1950.0
ORD007225,PROD0009,1,0.1,49500.0,7500.0
ORD007225,PROD0024,4,0.0,16800.0,8000.0
ORD007226,PROD0001,2,0.15,144500.0,8500.0
ORD007227,PROD0015,1,0.2,6800.0,1800.0
ORD007227,PROD0016,1,0.0,7000.0,2800.0
ORD007228,PROD0026,2,0.15,9350.0,2950.0
ORD007228,PROD0004,1,0.05,1140.0,490.0
ORD007229,PROD0012,2,0.0,36000.0,14000.0
ORD007230,PROD0014,4,0.0,112000.0,36000.0
ORD007231,PROD0007,2,0.05,41800.0,10800.0
ORD007232,PROD0004,1,0.2,960.0,310.0
ORD007233,PROD0016,1,0.1,6300.0,2100.0
ORD007234,PROD0005,1,0.0,4500.0,1800.0
ORD007235,PROD0017,3,0.15,1147.5,487.5
ORD007236,PROD0008,1,0.0,15000.0,4500.0
ORD007236,PROD0001,2,0.2,136000.0,0.0
ORD007236,PROD0011,5,0.2,48000.0,10500.0
ORD007236,PROD0025,1,0.0,3500.0,1700.0
ORD007237,PROD0016,2,0.2,11200.0,2800.0
ORD007238,PROD0017,1,0.0,450.0,230.0
ORD007239,PROD0002,2,0.0,130000.0,28000.0
ORD007240,PROD0021,1,0.15,1530.0,580.0
ORD007241,PROD0019,2,0.0,30000.0,9000.0
ORD007241,PROD0009,2,0.15,93500.0,9500.0
ORD007242,PROD0019,1,0.0,15000.0,4500.0
ORD007243,PROD0016,2,0.0,14000.0,5600.0
ORD007243,PROD0028,2,0.1,3240.0,1340.0
ORD007244,PROD0011,1,0.0,12000.0,4500.0
ORD007245,PROD0006,2,0.2,3520.0,1120.0
ORD007245,PROD0016,1,0.0,7000.0,2800.0
ORD007246,PROD0019,2,0.1,27000.0,6000.0
ORD007246,PROD0026,3,0.0,16500.0,6900.0
ORD007247,PROD0020,2,0.15,40800.0,6800.0
ORD007248,PROD0007,1,0.0,22000.0,6500.0
ORD007248,PROD0006,1,0.2,1760.0,560.0
ORD007249,PROD0002,2,0.2,104000.0,2000.0
ORD007250,PROD0016,1,0.0,7000.0,2800.0
ORD007250,PROD0021,1,0.1,1620.0,670.0
ORD007251,PROD0004,2,0.0,2400.0,1100.0
ORD007252,PROD0018,1,0.0,650.0,320.0
ORD007252,PROD0011,1,0.1,10800.0,3300.0
ORD007252,PROD0005,2,0.0,9000.0,3600.0
ORD007253,PROD0006,1,0.0,2200.0,1000.0
ORD007253,PROD0022,1,0.0,900.0,450.0
ORD007254,PROD0006,1,0.2,1760.0,560.0
ORD007255,PROD0013,4,0.0,64000.0,24000.0
ORD007256,PROD0019,1,0.15,12750.0,2250.0
ORD007256,PROD0020,1,0.0,24000.0,7000.0
ORD007256,PROD0023,3,0.0,7500.0,3600.0
ORD007257,PROD0004,5,0.0,6000.0,2750.0
ORD007257,PROD0012,1,0.0,18000.0,7000.0
ORD007258,PROD0017,1,0.05,427.5,207.5
ORD007258,PROD0024,1,0.0,4200.0,2000.0
ORD007259,PROD0026,2,0.2,8800.0,2400.0
ORD007259,PROD0022,1,0.0,900.0,450.0
ORD007260,PROD0014,1,0.15,23800.0,4800.0
ORD007260,PROD0017,1,0.2,360.0,140.0
ORD007261,PROD0005,5,0.15,19125.0,5625.0
ORD007262,PROD0018,1,0.05,617.5,287.5
ORD007262,PROD0022,1,0.0,900.0,450.0
ORD007263,PROD0022,3,0.2,2160.0,810.0
ORD007263,PROD0028,2,0.2,2880.0,980.0
ORD007263,PROD0006,3,0.15,5610.0,2010.0
ORD007263,PROD0026,2,0.1,9900.0,3500.0
ORD007264,PROD0011,1,0.2,9600.0,2100.0
ORD007264,PROD0026,2,0.05,10450.0,4050.0
ORD007265,PROD0021,1,0.05,1710.0,760.0
ORD007265,PROD0016,5,0.1,31500.0,10500.0
ORD007266,PROD0024,2,0.0,8400.0,4000.0
ORD007266,PROD0021,1,0.0,1800.0,850.0
ORD007267,PROD0027,1,0.0,6500.0,2600.0
ORD007268,PROD0004,4,0.0,4800.0,2200.0
ORD007268,PROD0021,1,0.0,1800.0,850.0
ORD007269,PROD0025,1,0.1,3150.0,1350.0
ORD007269,PROD0021,4,0.1,6480.0,2680.0
ORD007269,PROD0003,2,0.05,199500.0,29500.0
ORD007270,PROD0027,4,0.15,22100.0,6500.0
ORD007271,PROD0022,1,0.0,900.0,450.0
ORD007271,PROD0008,1,0.0,15000.0,4500.0
ORD007272,PROD0005,3,0.0,13500.0,5400.0
ORD007273,PROD0023,1,0.1,2250.0,950.0
ORD007274,PROD0011,1,0.15,10200.0,2700.0
ORD007274,PROD0020,3,0.1,64800.0,13800.0
ORD007275,PROD0023,1,0.15,2125.0,825.0
ORD007276,PROD0004,1,0.05,1140.0,490.0
ORD007276,PROD0016,2,0.05,13300.0,4900.0
ORD007277,PROD0004,1,0.0,1200.0,550.0
ORD007278,PROD0015,3,0.0,25500.0,10500.0
ORD007279,PROD0024,2,0.0,8400.0,4000.0
ORD007279,PROD0001,3,0.2,204000.0,0.0
ORD007279,PROD0023,1,0.05,2375.0,1075.0
ORD007279,PROD0003,1,0.0,105000.0,20000.0
ORD007280,PROD0027,1,0.0,6500.0,2600.0
ORD007281,PROD0025,1,0.1,3150.0,1350.0
ORD007282,PROD0011,2,0.1,21600.0,6600.0
ORD007282,PROD0003,2,0.1,189000.0,19000.0
ORD007283,PROD0019,1,0.15,12750.0,2250.0
ORD007284,PROD0028,1,0.05,1710.0,760.0
ORD007284,PROD0011,2,0.0,24000.0,9000.0
ORD007285,PROD0008,1,0.1,13500.0,3000.0
ORD007286,PROD0002,1,0.1,58500.0,7500.0
ORD007286,PROD0021,2,0.1,3240.0,1340.0
ORD007286,PROD0007,4,0.0,88000.0,26000.0
ORD007287,PROD0010,2,0.0,44000.0,12000.0
ORD007288,PROD0020,3,0.0,72000.0,21000.0
ORD007289,PROD0014,1,0.1,25200.0,6200.0
ORD007289,PROD0019,1,0.1,13500.0,3000.0
ORD007289,PROD0011,2,0.0,24000.0,9000.0
ORD007290,PROD0007,1,0.2,17600.0,2100.0
ORD007290,PROD0003,1,0.2,84000.0,-1000.0
ORD007290,PROD0013,1,0.0,16000.0,6000.0
ORD007291,PROD0027,1,0.0,6500.0,2600.0
ORD007291,PROD0023,1,0.0,2500.0,1200.0
ORD007292,PROD0027,2,0.0,13000.0,5200.0
ORD007293,PROD0014,1,0.0,28000.0,9000.0
ORD007293,PROD0009,1,0.05,52250.0,10250.0
ORD007294,PROD0019,1,0.1,13500.0,3000.0
ORD007295,PROD0004,1,0.2,960.0,310.0
ORD007296,PROD0020,1,0.0,24000.0,7000.0
ORD007296,PROD0006,1,0.05,2090.0,890.0
ORD007296,PROD0027,1,0.0,6500.0,2600.0
ORD007296,PROD0001,1,0.0,85000.0,17000.0
ORD007297,PROD0007,1,0.1,19800.0,4300.0
ORD007297,PROD0020,1,0.2,19200.0,2200.0
ORD007298,PROD0013,2,0.0,32000.0,12000.0
ORD007298,PROD0024,3,0.0,12600.0,6000.0
ORD007299,PROD0015,4,0.0,34000.0,14000.0
ORD007300,PROD0025,1,0.1,3150.0,1350.0
ORD007300,PROD0014,2,0.0,56000.0,18000.0
ORD007301,PROD0026,2,0.1,9900.0,3500.0
ORD007302,PROD0023,1,0.0,2500.0,1200.0
ORD007302,PROD0021,1,0.05,1710.0,760.0
ORD007302,PROD0022,1,0.2,720.0,270.0
ORD007303,PROD0016,2,0.1,12600.0,4200.0
ORD007304,PROD0024,1,0.0,4200.0,2000.0
ORD007305,PROD0006,1,0.0,2200.0,1000.0
ORD007305,PROD0011,2,0.15,20400.0,5400.0
ORD007305,PROD0017,3,0.15,1147.5,487.5
ORD007306,PROD0024,1,0.05,3990.0,1790.0
ORD007307,PROD0012,3,0.1,48600.0,15600.0
ORD007308,PROD0017,3,0.0,1350.0,690.0
ORD007309,PROD0013,1,0.2,12800.0,2800.0
ORD007310,PROD0001,1,0.15,72250.0,4250.0
ORD007310,PROD0002,4,0.2,208000.0,4000.0
ORD007311,PROD0020,1,0.0,24000.0,7000.0
ORD007311,PROD0015,1,0.0,8500.0,3500.0
ORD007311,PROD0014,3,0.1,75600.0,18600.0
ORD007311,PROD0011,1,0.05,11400.0,3900.0
ORD007312,PROD0026,1,0.05,5225.0,2025.0
ORD007312,PROD0012,1,0.1,16200.0,5200.0
ORD007313,PROD0020,1,0.2,19200.0,2200.0
ORD007313,PROD0001,2,0.0,170000.0,34000.0
ORD007313,PROD0028,1,0.1,1620.0,670.0
ORD007314,PROD0011,1,0.2,9600.0,2100.0
ORD007314,PROD0010,2,0.0,44000.0,12000.0
ORD007314,PROD0021,2,0.0,3600.0,1700.0
ORD007315,PROD0004,1,0.0,1200.0,550.0
ORD007316,PROD0027,1,0.2,5200.0,1300.0
ORD007316,PROD0020,4,0.15,81600.0,13600.0
ORD007317,PROD0019,4,0.2,48000.0,6000.0
ORD007318,PROD0002,1,0.05,61750.0,10750.0
ORD007318,PROD0015,1,0.15,7225.0,2225.0
ORD007318,PROD0013,1,0.0,16000.0,6000.0
ORD007319,PROD0006,4,0.0,8800.0,4000.0
ORD007319,PROD0001,1,0.2,68000.0,0.0
ORD007320,PROD0019,2,0.0,30000.0,9000.0
ORD007321,PROD0012,2,0.0,36000.0,14000.0
ORD007322,PROD0005,1,0.2,3600.0,900.0
ORD007323,PROD0016,1,0.0,7000.0,2800.0
ORD007324,PROD0011,1,0.2,9600.0,2100.0
ORD007325,PROD0024,1,0.0,4200.0,2000.0
ORD007325,PROD0017,2,0.0,900.0,460.0
ORD007326,PROD0025,2,0.05,6650.0,3050.0
ORD007327,PROD0028,3,0.15,4590.0,1740.0
ORD007328,PROD0006,3,0.0,6600.0,3000.0
ORD007329,PROD0021,4,0.0,7200.0,3400.0
ORD007330,PROD0011,3,0.0,36000.0,13500.0
ORD007330,PROD0017,1,0.05,427.5,207.5
ORD007330,PROD0003,1,0.0,105000.0,20000.0
ORD007331,PROD0009,3,0.2,132000.0,6000.0
ORD007331,PROD0005,3,0.0,13500.0,5400.0
ORD007332,PROD0027,1,0.0,6500.0,2600.0
ORD007332,PROD0018,2,0.2,1040.0,380.0
ORD007333,PROD0021,3,0.0,5400.0,2550.0
ORD007334,PROD0028,3,0.0,5400.0,2550.0
ORD007335,PROD0027,5,0.15,27625.0,8125.0
ORD007336,PROD0024,1,0.2,3360.0,1160.0
ORD007337,PROD0018,4,0.15,2210.0,890.0
ORD007338,PROD0008,2,0.0,30000.0,9000.0
ORD007338,PROD0004,1,0.15,1020.0,370.0
ORD007339,PROD0011,3,0.0,36000.0,13500.0
ORD007340,PROD0024,1,0.15,3570.0,1370.0
ORD007340,PROD0018,1,0.1,585.0,255.0
ORD007340,PROD0015,1,0.2,6800.0,1800.0
ORD007341,PROD0013,1,0.0,16000.0,6000.0
ORD007342,PROD0005,3,0.2,10800.0,2700.0
ORD007343,PROD0014,4,0.05,106400.0,30400.0
ORD007343,PROD0009,2,0.05,104500.0,20500.0
ORD007343,PROD0012,1,0.15,15300.0,4300.0
ORD007344,PROD0023,1,0.0,2500.0,1200.0
ORD007344,PROD0002,1,0.05,61750.0,10750.0
ORD007345,PROD0018,2,0.0,1300.0,640.0
ORD007345,PROD0023,1,0.0,2500.0,1200.0
ORD007346,PROD0028,5,0.2,7200.0,2450.0
ORD007347,PROD0027,1,0.0,6500.0,2600.0
ORD007347,PROD0011,4,0.2,38400.0,8400.0
ORD007348,PROD0005,2,0.0,9000.0,3600.0
ORD007348,PROD0026,1,0.1,4950.0,1750.0
ORD007349,PROD0023,1,0.0,2500.0,1200.0
ORD007350,PROD0003,2,0.1,189000.0,19000.0
ORD007350,PROD0016,3,0.0,21000.0,8400.0
ORD007350,PROD0019,5,0.15,63750.0,11250.0
ORD007351,PROD0012,3,0.05,51300.0,18300.0
ORD007352,PROD0019,2,0.0,30000.0,9000.0
ORD007352,PROD0025,1,0.05,3325.0,1525.0
ORD007353,PROD0004,1,0.0,1200.0,550.0
ORD007354,PROD0002,1,0.0,65000.0,14000.0
ORD007354,PROD0008,2,0.05,28500.0,7500.0
ORD007355,PROD0004,4,0.05,4560.0,1960.0
ORD007355,PROD0021,1,0.0,1800.0,850.0
ORD007356,PROD0026,1,0.0,5500.0,2300.0
ORD007356,PROD0020,1,0.0,24000.0,7000.0
ORD007356,PROD0024,1,0.0,4200.0,2000.0
ORD007356,PROD0006,1,0.05,2090.0,890.0
ORD007357,PROD0013,1,0.0,16000.0,6000.0
ORD007358,PROD0007,2,0.15,37400.0,6400.0
ORD007358,PROD0024,1,0.0,4200.0,2000.0
ORD007359,PROD0020,2,0.0,48000.0,14000.0
ORD007359,PROD0015,3,0.0,25500.0,10500.0
ORD007360,PROD0005,4,0.1,16200.0,5400.0
ORD007361,PROD0025,3,0.2,8400.0,3000.0
ORD007362,PROD0020,2,0.15,40800.0,6800.0
ORD007362,PROD0022,1,0.2,720.0,270.0
ORD007363,PROD0021,1,0.0,1800.0,850.0
ORD007364,PROD0023,1,0.2,2000.0,700.0
ORD007364,PROD0026,1,0.2,4400.0,1200.0
ORD007365,PROD0028,1,0.0,1800.0,850.0
ORD007365,PROD0008,1,0.2,12000.0,1500.0
ORD007366,PROD0022,2,0.05,1710.0,810.0
ORD007367,PROD0027,1,0.15,5525.0,1625.0
ORD007368,PROD0010,3,0.05,62700.0,14700.0
ORD007368,PROD0019,1,0.05,14250.0,3750.0
ORD007368,PROD0011,2,0.0,24000.0,9000.0
ORD007369,PROD0018,3,0.0,1950.0,960.0
ORD007370,PROD0022,2,0.0,1800.0,900.0
ORD007371,PROD0023,2,0.0,5000.0,2400.0
ORD007372,PROD0006,2,0.0,4400.0,2000.0
ORD007372,PROD0024,1,0.0,4200.0,2000.0
ORD007373,PROD0009,1,0.1,49500.0,7500.0
ORD007374,PROD0001,5,0.1,382500.0,42500.0
ORD007374,PROD0016,3,0.15,17850.0,5250.0
ORD007374,PROD0025,1,0.05,3325.0,1525.0
ORD007375,PROD0013,1,0.0,16000.0,6000.0
ORD007376,PROD0020,2,0.0,48000.0,14000.0
ORD007376,PROD0006,1,0.0,2200.0,1000.0
ORD007377,PROD0006,2,0.0,4400.0,2000.0
ORD007377,PROD0028,1,0.0,1800.0,850.0
ORD007378,PROD0009,2,0.15,93500.0,9500.0
ORD007379,PROD0028,2,0.0,3600.0,1700.0
ORD007379,PROD0003,2,0.05,199500.0,29500.0
ORD007379,PROD0013,1,0.0,16000.0,6000.0
ORD007379,PROD0002,2,0.0,130000.0,28000.0
ORD007380,PROD0021,2,0.15,3060.0,1160.0
ORD007381,PROD0019,2,0.0,30000.0,9000.0
ORD007382,PROD0026,2,0.0,11000.0,4600.0
ORD007383,PROD0017,1,0.15,382.5,162.5
ORD007384,PROD0020,2,0.15,40800.0,6800.0
ORD007385,PROD0011,1,0.0,12000.0,4500.0
ORD007386,PROD0021,1,0.0,1800.0,850.0
ORD007387,PROD0019,1,0.05,14250.0,3750.0
ORD007387,PROD0003,2,0.05,199500.0,29500.0
ORD007388,PROD0007,2,0.0,44000.0,13000.0
ORD007389,PROD0018,1,0.05,617.5,287.5
ORD007390,PROD0022,1,0.2,720.0,270.0
ORD007390,PROD0013,1,0.15,13600.0,3600.0
ORD007391,PROD0011,1,0.15,10200.0,2700.0
ORD007391,PROD0009,4,0.0,220000.0,52000.0
ORD007392,PROD0025,3,0.05,9975.0,4575.0
ORD007392,PROD0004,1,0.0,1200.0,550.0
ORD007393,PROD0026,1,0.2,4400.0,1200.0
ORD007393,PROD0015,2,0.0,17000.0,7000.0
ORD007394,PROD0022,1,0.2,720.0,270.0
ORD007394,PROD0015,2,0.15,14450.0,4450.0
ORD007394,PROD0018,1,0.05,617.5,287.5
ORD007395,PROD0006,2,0.0,4400.0,2000.0
ORD007395,PROD0002,4,0.0,260000.0,56000.0
ORD007396,PROD0027,1,0.15,5525.0,1625.0
ORD007396,PROD0020,2,0.1,43200.0,9200.0
ORD007397,PROD0018,4,0.1,2340.0,1020.0
ORD007397,PROD0006,3,0.1,5940.0,2340.0
ORD007397,PROD0017,3,0.0,1350.0,690.0
ORD007398,PROD0024,1,0.1,3780.0,1580.0
ORD007398,PROD0011,1,0.1,10800.0,3300.0
ORD007398,PROD0001,2,0.0,170000.0,34000.0
ORD007399,PROD0012,1,0.1,16200.0,5200.0
ORD007400,PROD0004,2,0.0,2400.0,1100.0
ORD007401,PROD0015,4,0.0,34000.0,14000.0
ORD007402,PROD0021,1,0.0,1800.0,850.0
ORD007403,PROD0023,2,0.0,5000.0,2400.0
ORD007404,PROD0023,1,0.2,2000.0,700.0
ORD007404,PROD0006,1,0.0,2200.0,1000.0
ORD007405,PROD0010,1,0.2,17600.0,1600.0
ORD007405,PROD0009,3,0.0,165000.0,39000.0
ORD007405,PROD0028,1,0.2,1440.0,490.0
ORD007406,PROD0019,1,0.15,12750.0,2250.0
ORD007406,PROD0020,1,0.0,24000.0,7000.0
ORD007406,PROD0015,1,0.15,7225.0,2225.0
ORD007407,PROD0018,1,0.0,650.0,320.0
ORD007408,PROD0026,1,0.0,5500.0,2300.0
ORD007409,PROD0005,3,0.15,11475.0,3375.0
ORD007409,PROD0003,2,0.15,178500.0,8500.0
ORD007410,PROD0010,1,0.0,22000.0,6000.0
ORD007410,PROD0018,4,0.0,2600.0,1280.0
ORD007410,PROD0004,3,0.0,3600.0,1650.0
ORD007411,PROD0019,1,0.15,12750.0,2250.0
ORD007412,PROD0019,2,0.15,25500.0,4500.0
ORD007413,PROD0005,1,0.0,4500.0,1800.0
ORD007413,PROD0023,3,0.2,6000.0,2100.0
ORD007413,PROD0002,1,0.05,61750.0,10750.0
ORD007414,PROD0019,3,0.2,36000.0,4500.0
ORD007414,PROD0015,2,0.2,13600.0,3600.0
ORD007414,PROD0002,1,0.15,55250.0,4250.0
ORD007415,PROD0018,1,0.15,552.5,222.5
ORD007416,PROD0010,1,0.0,22000.0,6000.0
ORD007417,PROD0020,1,0.0,24000.0,7000.0
ORD007417,PROD0022,1,0.2,720.0,270.0
ORD007418,PROD0022,1,0.0,900.0,450.0
ORD007419,PROD0020,2,0.15,40800.0,6800.0
ORD007419,PROD0012,1,0.0,18000.0,7000.0
ORD007420,PROD0011,3,0.0,36000.0,13500.0
ORD007421,PROD0011,1,0.15,10200.0,2700.0
ORD007422,PROD0014,1,0.0,28000.0,9000.0
ORD007422,PROD0024,1,0.05,3990.0,1790.0
ORD007422,PROD0009,1,0.0,55000.0,13000.0
ORD007422,PROD0013,3,0.0,48000.0,18000.0
ORD007423,PROD0007,2,0.0,44000.0,13000.0
ORD007424,PROD0006,1,0.1,1980.0,780.0
ORD007425,PROD0026,4,0.2,17600.0,4800.0
ORD007425,PROD0011,2,0.0,24000.0,9000.0
ORD007426,PROD0028,1,0.0,1800.0,850.0
ORD007427,PROD0006,4,0.15,7480.0,2680.0
ORD007427,PROD0004,2,0.2,1920.0,620.0
ORD007427,PROD0013,2,0.1,28800.0,8800.0
ORD007427,PROD0026,3,0.2,13200.0,3600.0
ORD007428,PROD0001,1,0.2,68000.0,0.0
ORD007429,PROD0010,1,0.1,19800.0,3800.0
ORD007429,PROD0026,3,0.15,14025.0,4425.0
ORD007429,PROD0012,1,0.05,17100.0,6100.0
ORD007430,PROD0018,1,0.2,520.0,190.0
ORD007431,PROD0007,1,0.15,18700.0,3200.0
ORD007431,PROD0019,3,0.15,38250.0,6750.0
ORD007432,PROD0024,3,0.1,11340.0,4740.0
ORD007432,PROD0023,2,0.0,5000.0,2400.0
ORD007432,PROD0014,1,0.05,26600.0,7600.0
ORD007433,PROD0011,3,0.15,30600.0,8100.0
ORD007433,PROD0025,1,0.0,3500.0,1700.0
ORD007434,PROD0010,2,0.0,44000.0,12000.0
ORD007435,PROD0022,1,0.05,855.0,405.0
ORD007436,PROD0009,3,0.2,132000.0,6000.0
ORD007437,PROD0027,2,0.0,13000.0,5200.0
ORD007438,PROD0001,2,0.05,161500.0,25500.0
ORD007438,PROD0015,3,0.15,21675.0,6675.0
ORD007439,PROD0001,1,0.15,72250.0,4250.0
ORD007440,PROD0021,1,0.15,1530.0,580.0
ORD007440,PROD0028,2,0.2,2880.0,980.0
ORD007440,PROD0012,2,0.05,34200.0,12200.0
ORD007441,PROD0008,3,0.05,42750.0,11250.0
ORD007441,PROD0020,2,0.1,43200.0,9200.0
ORD007442,PROD0002,1,0.1,58500.0,7500.0
ORD007442,PROD0009,1,0.0,55000.0,13000.0
ORD007443,PROD0001,1,0.0,85000.0,17000.0
ORD007443,PROD0024,1,0.2,3360.0,1160.0
ORD007444,PROD0025,1,0.0,3500.0,1700.0
ORD007445,PROD0010,2,0.05,41800.0,9800.0
ORD007445,PROD0004,4,0.0,4800.0,2200.0
ORD007446,PROD0017,3,0.2,1080.0,420.0
ORD007447,PROD0016,3,0.2,16800.0,4200.0
ORD007448,PROD0026,1,0.15,4675.0,1475.0
ORD007449,PROD0020,1,0.1,21600.0,4600.0
ORD007449,PROD0019,1,0.15,12750.0,2250.0
ORD007449,PROD0027,1,0.15,5525.0,1625.0
ORD007450,PROD0002,1,0.1,58500.0,7500.0
ORD007450,PROD0021,1,0.15,1530.0,580.0
ORD007451,PROD0023,1,0.05,2375.0,1075.0
ORD007452,PROD0008,2,0.15,25500.0,4500.0
ORD007452,PROD0001,4,0.1,306000.0,34000.0
ORD007453,PROD0025,2,0.0,7000.0,3400.0
ORD007454,PROD0011,2,0.2,19200.0,4200.0
ORD007455,PROD0025,1,0.05,3325.0,1525.0
ORD007455,PROD0017,3,0.05,1282.5,622.5
ORD007456,PROD0027,1,0.0,6500.0,2600.0
ORD007457,PROD0008,2,0.0,30000.0,9000.0
ORD007458,PROD0024,4,0.1,15120.0,6320.0
ORD007458,PROD0013,1,0.05,15200.0,5200.0
ORD007458,PROD0025,1,0.05,3325.0,1525.0
ORD007459,PROD0010,1,0.0,22000.0,6000.0
ORD007460,PROD0023,1,0.05,2375.0,1075.0
ORD007460,PROD0004,3,0.0,3600.0,1650.0
ORD007461,PROD0012,1,0.05,17100.0,6100.0
ORD007461,PROD0005,1,0.1,4050.0,1350.0
ORD007462,PROD0016,1,0.0,7000.0,2800.0
ORD007463,PROD0008,1,0.15,12750.0,2250.0
ORD007464,PROD0011,1,0.0,12000.0,4500.0
ORD007465,PROD0001,4,0.1,306000.0,34000.0
ORD007465,PROD0006,1,0.15,1870.0,670.0
ORD007465,PROD0022,1,0.0,900.0,450.0
ORD007466,PROD0025,1,0.0,3500.0,1700.0
ORD007466,PROD0003,1,0.15,89250.0,4250.0
ORD007467,PROD0026,1,0.05,5225.0,2025.0
ORD007468,PROD0015,2,0.0,17000.0,7000.0
ORD007468,PROD0009,5,0.15,233750.0,23750.0
ORD007469,PROD0014,1,0.1,25200.0,6200.0
ORD007470,PROD0009,2,0.0,110000.0,26000.0
ORD007470,PROD0005,1,0.0,4500.0,1800.0
ORD007470,PROD0007,1,0.0,22000.0,6500.0
ORD007471,PROD0018,1,0.2,520.0,190.0
ORD007471,PROD0005,1,0.0,4500.0,1800.0
ORD007472,PROD0001,2,0.0,170000.0,34000.0
ORD007473,PROD0015,2,0.0,17000.0,7000.0
ORD007473,PROD0017,1,0.15,382.5,162.5
ORD007474,PROD0023,1,0.0,2500.0,1200.0
ORD007475,PROD0022,1,0.05,855.0,405.0
ORD007476,PROD0006,1,0.0,2200.0,1000.0
ORD007477,PROD0027,2,0.05,12350.0,4550.0
ORD007477,PROD0026,1,0.1,4950.0,1750.0
ORD007478,PROD0028,1,0.15,1530.0,580.0
ORD007478,PROD0001,1,0.05,80750.0,12750.0
ORD007479,PROD0026,2,0.0,11000.0,4600.0
ORD007480,PROD0024,2,0.0,8400.0,4000.0
ORD007480,PROD0017,1,0.05,427.5,207.5
ORD007481,PROD0008,4,0.2,48000.0,6000.0
ORD007481,PROD0007,2,0.0,44000.0,13000.0
ORD007481,PROD0027,1,0.05,6175.0,2275.0
ORD007482,PROD0028,1,0.15,1530.0,580.0
ORD007482,PROD0002,1,0.0,65000.0,14000.0
ORD007482,PROD0018,4,0.15,2210.0,890.0
ORD007483,PROD0013,1,0.0,16000.0,6000.0
ORD007483,PROD0023,2,0.0,5000.0,2400.0
ORD007483,PROD0028,1,0.0,1800.0,850.0
ORD007483,PROD0020,1,0.0,24000.0,7000.0
ORD007484,PROD0005,2,0.1,8100.0,2700.0
ORD007485,PROD0023,3,0.0,7500.0,3600.0
ORD007485,PROD0009,2,0.15,93500.0,9500.0
ORD007485,PROD0020,3,0.2,57600.0,6600.0
ORD007486,PROD0020,1,0.0,24000.0,7000.0
ORD007486,PROD0002,1,0.05,61750.0,10750.0
ORD007486,PROD0009,2,0.0,110000.0,26000.0
ORD007486,PROD0010,1,0.15,18700.0,2700.0
ORD007487,PROD0025,1,0.1,3150.0,1350.0
ORD007488,PROD0028,1,0.1,1620.0,670.0
ORD007488,PROD0005,1,0.15,3825.0,1125.0
ORD007489,PROD0022,2,0.1,1620.0,720.0
ORD007490,PROD0001,1,0.05,80750.0,12750.0
ORD007491,PROD0018,2,0.05,1235.0,575.0
ORD007491,PROD0005,1,0.0,4500.0,1800.0
ORD007492,PROD0020,1,0.0,24000.0,7000.0
ORD007493,PROD0004,1,0.05,1140.0,490.0
ORD007493,PROD0005,2,0.0,9000.0,3600.0
ORD007493,PROD0017,2,0.0,900.0,460.0
ORD007494,PROD0027,2,0.0,13000.0,5200.0
ORD007494,PROD0007,2,0.0,44000.0,13000.0
ORD007495,PROD0016,1,0.0,7000.0,2800.0
ORD007496,PROD0009,1,0.2,44000.0,2000.0
ORD007497,PROD0028,1,0.1,1620.0,670.0
ORD007497,PROD0002,4,0.15,221000.0,17000.0
ORD007497,PROD0017,1,0.2,360.0,140.0
ORD007498,PROD0021,2,0.1,3240.0,1340.0
ORD007499,PROD0006,2,0.0,4400.0,2000.0
ORD007499,PROD0022,1,0.1,810.0,360.0
ORD007499,PROD0007,4,0.0,88000.0,26000.0
ORD007500,PROD0028,5,0.0,9000.0,4250.0
ORD007501,PROD0019,1,0.1,13500.0,3000.0
ORD007501,PROD0015,2,0.2,13600.0,3600.0
ORD007502,PROD0007,1,0.0,22000.0,6500.0
ORD007503,PROD0008,1,0.2,12000.0,1500.0
ORD007504,PROD0023,3,0.0,7500.0,3600.0
ORD007504,PROD0022,2,0.0,1800.0,900.0
ORD007505,PROD0027,1,0.0,6500.0,2600.0
ORD007505,PROD0010,1,0.0,22000.0,6000.0
ORD007506,PROD0028,5,0.1,8100.0,3350.0
ORD007506,PROD0009,3,0.15,140250.0,14250.0
ORD007507,PROD0016,1,0.0,7000.0,2800.0
ORD007507,PROD0026,1,0.0,5500.0,2300.0
ORD007508,PROD0020,3,0.0,72000.0,21000.0
ORD007508,PROD0022,1,0.05,855.0,405.0
ORD007509,PROD0028,3,0.15,4590.0,1740.0
ORD007510,PROD0007,2,0.05,41800.0,10800.0
ORD007511,PROD0028,1,0.0,1800.0,850.0
ORD007511,PROD0008,2,0.0,30000.0,9000.0
ORD007512,PROD0001,3,0.2,204000.0,0.0
ORD007513,PROD0001,4,0.05,323000.0,51000.0
ORD007513,PROD0021,1,0.05,1710.0,760.0
ORD007514,PROD0013,2,0.1,28800.0,8800.0
ORD007514,PROD0016,1,0.1,6300.0,2100.0
ORD007515,PROD0016,4,0.15,23800.0,7000.0
ORD007516,PROD0024,1,0.0,4200.0,2000.0
ORD007516,PROD0011,1,0.0,12000.0,4500.0
ORD007517,PROD0017,4,0.0,1800.0,920.0
ORD007517,PROD0007,1,0.1,19800.0,4300.0
ORD007517,PROD0016,2,0.15,11900.0,3500.0
ORD007517,PROD0025,2,0.0,7000.0,3400.0
ORD007518,PROD0002,1,0.15,55250.0,4250.0
ORD007518,PROD0011,1,0.2,9600.0,2100.0
ORD007519,PROD0025,1,0.1,3150.0,1350.0
ORD007520,PROD0024,3,0.0,12600.0,6000.0
ORD007521,PROD0022,3,0.05,2565.0,1215.0
ORD007522,PROD0013,1,0.0,16000.0,6000.0
ORD007522,PROD0005,3,0.2,10800.0,2700.0
ORD007523,PROD0006,2,0.2,3520.0,1120.0
ORD007523,PROD0009,1,0.05,52250.0,10250.0
ORD007524,PROD0015,2,0.05,16150.0,6150.0
ORD007525,PROD0003,1,0.15,89250.0,4250.0
ORD007526,PROD0001,1,0.0,85000.0,17000.0
ORD007526,PROD0003,2,0.0,210000.0,40000.0
ORD007527,PROD0015,1,0.0,8500.0,3500.0
ORD007527,PROD0028,1,0.0,1800.0,850.0
ORD007528,PROD0015,3,0.0,25500.0,10500.0
ORD007528,PROD0023,2,0.2,4000.0,1400.0
ORD007528,PROD0010,2,0.1,39600.0,7600.0
ORD007529,PROD0002,2,0.0,130000.0,28000.0
ORD007529,PROD0026,2,0.05,10450.0,4050.0
ORD007530,PROD0017,2,0.1,810.0,370.0
ORD007530,PROD0027,1,0.0,6500.0,2600.0
ORD007531,PROD0010,2,0.0,44000.0,12000.0
ORD007531,PROD0025,1,0.15,2975.0,1175.0
ORD007532,PROD0001,1,0.0,85000.0,17000.0
ORD007532,PROD0018,1,0.1,585.0,255.0
ORD007533,PROD0004,2,0.15,2040.0,740.0
ORD007534,PROD0022,1,0.2,720.0,270.0
ORD007535,PROD0021,1,0.2,1440.0,490.0
ORD007536,PROD0017,4,0.0,1800.0,920.0
ORD007536,PROD0028,2,0.0,3600.0,1700.0
ORD007537,PROD0027,4,0.05,24700.0,9100.0
ORD007538,PROD0004,4,0.1,4320.0,1720.0
ORD007538,PROD0005,1,0.15,3825.0,1125.0
ORD007539,PROD0025,1,0.1,3150.0,1350.0
ORD007540,PROD0024,1,0.1,3780.0,1580.0
ORD007540,PROD0018,1,0.15,552.5,222.5
ORD007541,PROD0028,5,0.05,8550.0,3800.0
ORD007542,PROD0023,1,0.1,2250.0,950.0
ORD007543,PROD0027,1,0.0,6500.0,2600.0
ORD007544,PROD0005,1,0.2,3600.0,900.0
ORD007544,PROD0017,2,0.1,810.0,370.0
ORD007545,PROD0013,3,0.0,48000.0,18000.0
ORD007545,PROD0007,2,0.05,41800.0,10800.0
ORD007546,PROD0009,4,0.2,176000.0,8000.0
ORD007547,PROD0014,3,0.0,84000.0,27000.0
ORD007548,PROD0018,3,0.1,1755.0,765.0
ORD007548,PROD0003,1,0.1,94500.0,9500.0
ORD007549,PROD0018,1,0.05,617.5,287.5
ORD007549,PROD0013,2,0.15,27200.0,7200.0
ORD007550,PROD0018,1,0.2,520.0,190.0
ORD007550,PROD0024,3,0.0,12600.0,6000.0
ORD007551,PROD0019,1,0.0,15000.0,4500.0
ORD007551,PROD0003,1,0.0,105000.0,20000.0
ORD007552,PROD0022,1,0.2,720.0,270.0
ORD007553,PROD0011,2,0.1,21600.0,6600.0
ORD007553,PROD0015,2,0.1,15300.0,5300.0
ORD007553,PROD0008,1,0.0,15000.0,4500.0
ORD007553,PROD0001,1,0.0,85000.0,17000.0
ORD007554,PROD0001,2,0.05,161500.0,25500.0
ORD007554,PROD0005,4,0.2,14400.0,3600.0
ORD007554,PROD0006,1,0.15,1870.0,670.0
ORD007555,PROD0012,2,0.2,28800.0,6800.0
ORD007555,PROD0006,4,0.05,8360.0,3560.0
ORD007555,PROD0004,2,0.15,2040.0,740.0
ORD007556,PROD0022,3,0.15,2295.0,945.0
ORD007556,PROD0005,1,0.0,4500.0,1800.0
ORD007556,PROD0008,1,0.05,14250.0,3750.0
ORD007556,PROD0003,1,0.2,84000.0,-1000.0
ORD007557,PROD0006,1,0.05,2090.0,890.0
ORD007558,PROD0026,1,0.05,5225.0,2025.0
ORD007558,PROD0019,1,0.0,15000.0,4500.0
ORD007559,PROD0017,1,0.0,450.0,230.0
ORD007559,PROD0023,1,0.15,2125.0,825.0
ORD007560,PROD0013,2,0.05,30400.0,10400.0
ORD007560,PROD0024,1,0.2,3360.0,1160.0
ORD007560,PROD0011,2,0.1,21600.0,6600.0
ORD007561,PROD0018,1,0.15,552.5,222.5
ORD007562,PROD0014,2,0.1,50400.0,12400.0
ORD007562,PROD0026,1,0.05,5225.0,2025.0
ORD007563,PROD0025,2,0.1,6300.0,2700.0
ORD007563,PROD0013,1,0.0,16000.0,6000.0
ORD007564,PROD0016,1,0.2,5600.0,1400.0
ORD007564,PROD0025,1,0.0,3500.0,1700.0
ORD007565,PROD0020,3,0.1,64800.0,13800.0
ORD007565,PROD0001,3,0.0,255000.0,51000.0
ORD007566,PROD0001,1,0.15,72250.0,4250.0
ORD007566,PROD0002,1,0.0,65000.0,14000.0
ORD007567,PROD0004,2,0.0,2400.0,1100.0
ORD007567,PROD0027,1,0.0,6500.0,2600.0
ORD007567,PROD0017,1,0.1,405.0,185.0
ORD007567,PROD0006,1,0.15,1870.0,670.0
ORD007568,PROD0006,1,0.0,2200.0,1000.0
ORD007569,PROD0003,1,0.1,94500.0,9500.0
ORD007569,PROD0020,2,0.0,48000.0,14000.0
ORD007570,PROD0028,1,0.0,1800.0,850.0
ORD007571,PROD0009,1,0.0,55000.0,13000.0
ORD007571,PROD0022,2,0.05,1710.0,810.0
ORD007571,PROD0023,4,0.05,9500.0,4300.0
ORD007572,PROD0016,2,0.2,11200.0,2800.0
ORD007573,PROD0010,2,0.2,35200.0,3200.0
ORD007574,PROD0022,4,0.0,3600.0,1800.0
ORD007574,PROD0015,1,0.0,8500.0,3500.0
ORD007575,PROD0013,2,0.05,30400.0,10400.0
ORD007576,PROD0019,1,0.2,12000.0,1500.0
ORD007576,PROD0024,1,0.2,3360.0,1160.0
ORD007577,PROD0007,1,0.1,19800.0,4300.0
ORD007578,PROD0028,1,0.2,1440.0,490.0
ORD007578,PROD0006,2,0.0,4400.0,2000.0
ORD007578,PROD0007,4,0.1,79200.0,17200.0
ORD007578,PROD0015,3,0.2,20400.0,5400.0
ORD007579,PROD0001,1,0.2,68000.0,0.0
ORD007579,PROD0018,1,0.0,650.0,320.0
ORD007579,PROD0016,2,0.0,14000.0,5600.0
ORD007580,PROD0003,1,0.0,105000.0,20000.0
ORD007581,PROD0013,2,0.15,27200.0,7200.0
ORD007581,PROD0007,2,0.0,44000.0,13000.0
ORD007581,PROD0011,1,0.05,11400.0,3900.0
ORD007582,PROD0006,4,0.05,8360.0,3560.0
ORD007583,PROD0023,1,0.2,2000.0,700.0
ORD007584,PROD0020,1,0.05,22800.0,5800.0
ORD007584,PROD0007,1,0.2,17600.0,2100.0
ORD007585,PROD0010,1,0.05,20900.0,4900.0
ORD007586,PROD0026,1,0.1,4950.0,1750.0
ORD007586,PROD0018,1,0.15,552.5,222.5
ORD007587,PROD0028,3,0.0,5400.0,2550.0
ORD007587,PROD0006,1,0.0,2200.0,1000.0
ORD007587,PROD0012,1,0.0,18000.0,7000.0
ORD007588,PROD0003,1,0.2,84000.0,-1000.0
ORD007588,PROD0018,2,0.0,1300.0,640.0
ORD007589,PROD0020,1,0.05,22800.0,5800.0
ORD007590,PROD0026,2,0.1,9900.0,3500.0
ORD007591,PROD0007,4,0.05,83600.0,21600.0
ORD007592,PROD0024,1,0.1,3780.0,1580.0
ORD007593,PROD0016,1,0.05,6650.0,2450.0
ORD007593,PROD0012,1,0.15,15300.0,4300.0
ORD007594,PROD0026,1,0.0,5500.0,2300.0
ORD007595,PROD0021,1,0.1,1620.0,670.0
ORD007596,PROD0016,2,0.0,14000.0,5600.0
ORD007596,PROD0019,2,0.2,24000.0,3000.0
ORD007597,PROD0020,1,0.1,21600.0,4600.0
ORD007598,PROD0009,2,0.0,110000.0,26000.0
ORD007598,PROD0020,1,0.1,21600.0,4600.0
ORD007599,PROD0019,1,0.0,15000.0,4500.0
ORD007600,PROD0018,2,0.15,1105.0,445.0
ORD007600,PROD0010,3,0.1,59400.0,11400.0
ORD007600,PROD0025,3,0.15,8925.0,3525.0
ORD007601,PROD0004,1,0.05,1140.0,490.0
ORD007602,PROD0006,1,0.15,1870.0,670.0
ORD007603,PROD0020,1,0.2,19200.0,2200.0
ORD007603,PROD0016,4,0.0,28000.0,11200.0
ORD007604,PROD0024,2,0.0,8400.0,4000.0
ORD007605,PROD0006,1,0.0,2200.0,1000.0
ORD007606,PROD0026,1,0.2,4400.0,1200.0
ORD007606,PROD0004,1,0.05,1140.0,490.0
ORD007606,PROD0022,1,0.0,900.0,450.0
ORD007607,PROD0022,3,0.0,2700.0,1350.0
ORD007607,PROD0025,2,0.0,7000.0,3400.0
ORD007607,PROD0019,2,0.05,28500.0,7500.0
ORD007608,PROD0018,1,0.2,520.0,190.0
ORD007608,PROD0005,1,0.05,4275.0,1575.0
ORD007609,PROD0020,1,0.15,20400.0,3400.0
ORD007610,PROD0007,2,0.05,41800.0,10800.0
ORD007611,PROD0003,1,0.1,94500.0,9500.0
ORD007612,PROD0014,1,0.2,22400.0,3400.0
ORD007613,PROD0010,1,0.15,18700.0,2700.0
ORD007614,PROD0028,1,0.05,1710.0,760.0
ORD007614,PROD0002,2,0.0,130000.0,28000.0
ORD007615,PROD0024,1,0.0,4200.0,2000.0
ORD007615,PROD0004,1,0.0,1200.0,550.0
ORD007616,PROD0010,2,0.2,35200.0,3200.0
ORD007617,PROD0009,1,0.15,46750.0,4750.0
ORD007618,PROD0003,3,0.1,283500.0,28500.0
ORD007619,PROD0011,1,0.2,9600.0,2100.0
ORD007620,PROD0017,1,0.0,450.0,230.0
ORD007621,PROD0021,1,0.0,1800.0,850.0
ORD007622,PROD0018,3,0.15,1657.5,667.5
ORD007622,PROD0008,1,0.15,12750.0,2250.0
ORD007623,PROD0027,2,0.0,13000.0,5200.0
ORD007624,PROD0003,2,0.1,189000.0,19000.0
ORD007624,PROD0022,2,0.0,1800.0,900.0
ORD007624,PROD0016,1,0.0,7000.0,2800.0
ORD007625,PROD0024,1,0.05,3990.0,1790.0
ORD007625,PROD0002,4,0.05,247000.0,43000.0
ORD007625,PROD0012,1,0.2,14400.0,3400.0
ORD007626,PROD0008,2,0.0,30000.0,9000.0
ORD007626,PROD0011,1,0.1,10800.0,3300.0
ORD007627,PROD0015,1,0.2,6800.0,1800.0
ORD007628,PROD0002,1,0.2,52000.0,1000.0
ORD007629,PROD0013,1,0.15,13600.0,3600.0
ORD007630,PROD0009,1,0.1,49500.0,7500.0
ORD007631,PROD0004,1,0.1,1080.0,430.0
ORD007631,PROD0025,1,0.1,3150.0,1350.0
ORD007631,PROD0006,2,0.0,4400.0,2000.0
ORD007631,PROD0014,5,0.1,126000.0,31000.0
ORD007632,PROD0007,2,0.15,37400.0,6400.0
ORD007632,PROD0016,1,0.1,6300.0,2100.0
ORD007633,PROD0027,2,0.1,11700.0,3900.0
ORD007633,PROD0003,2,0.1,189000.0,19000.0
ORD007633,PROD0014,1,0.0,28000.0,9000.0
ORD007634,PROD0018,4,0.1,2340.0,1020.0
ORD007635,PROD0010,1,0.05,20900.0,4900.0
ORD007635,PROD0021,1,0.0,1800.0,850.0
ORD007636,PROD0021,1,0.1,1620.0,670.0
ORD007637,PROD0010,1,0.05,20900.0,4900.0
ORD007637,PROD0011,4,0.05,45600.0,15600.0
ORD007638,PROD0002,1,0.15,55250.0,4250.0
ORD007639,PROD0024,2,0.1,7560.0,3160.0
ORD007639,PROD0011,2,0.0,24000.0,9000.0
ORD007640,PROD0012,3,0.0,54000.0,21000.0
ORD007641,PROD0024,4,0.2,13440.0,4640.0
ORD007641,PROD0008,1,0.0,15000.0,4500.0
ORD007642,PROD0003,2,0.0,210000.0,40000.0
ORD007643,PROD0005,1,0.0,4500.0,1800.0
ORD007644,PROD0021,4,0.05,6840.0,3040.0
ORD007644,PROD0012,1,0.05,17100.0,6100.0
ORD007644,PROD0027,3,0.1,17550.0,5850.0
ORD007645,PROD0003,1,0.0,105000.0,20000.0
ORD007645,PROD0018,1,0.2,520.0,190.0
ORD007646,PROD0001,2,0.0,170000.0,34000.0
ORD007646,PROD0002,1,0.2,52000.0,1000.0
ORD007647,PROD0024,2,0.0,8400.0,4000.0
ORD007648,PROD0014,4,0.05,106400.0,30400.0
ORD007648,PROD0002,2,0.1,117000.0,15000.0
ORD007648,PROD0013,2,0.2,25600.0,5600.0
ORD007649,PROD0016,1,0.15,5950.0,1750.0
ORD007650,PROD0007,1,0.15,18700.0,3200.0
ORD007650,PROD0017,3,0.0,1350.0,690.0
ORD007651,PROD0009,1,0.0,55000.0,13000.0
ORD007651,PROD0019,1,0.0,15000.0,4500.0
ORD007652,PROD0019,2,0.1,27000.0,6000.0
ORD007653,PROD0021,2,0.2,2880.0,980.0
ORD007653,PROD0006,1,0.05,2090.0,890.0
ORD007654,PROD0009,1,0.05,52250.0,10250.0
ORD007655,PROD0025,2,0.0,7000.0,3400.0
ORD007655,PROD0003,1,0.1,94500.0,9500.0
ORD007655,PROD0002,4,0.0,260000.0,56000.0
ORD007656,PROD0007,3,0.15,56100.0,9600.0
ORD007657,PROD0014,3,0.05,79800.0,22800.0
ORD007658,PROD0017,1,0.05,427.5,207.5
ORD007658,PROD0023,2,0.0,5000.0,2400.0
ORD007659,PROD0023,3,0.05,7125.0,3225.0
ORD007659,PROD0019,4,0.0,60000.0,18000.0
ORD007660,PROD0023,1,0.0,2500.0,1200.0
ORD007660,PROD0016,1,0.15,5950.0,1750.0
ORD007660,PROD0025,2,0.0,7000.0,3400.0
ORD007661,PROD0006,2,0.0,4400.0,2000.0
ORD007661,PROD0012,1,0.1,16200.0,5200.0
ORD007661,PROD0002,1,0.0,65000.0,14000.0
ORD007662,PROD0015,1,0.1,7650.0,2650.0
ORD007663,PROD0006,1,0.05,2090.0,890.0
ORD007663,PROD0016,2,0.0,14000.0,5600.0
ORD007663,PROD0003,1,0.0,105000.0,20000.0
ORD007663,PROD0019,1,0.2,12000.0,1500.0
ORD007664,PROD0007,1,0.2,17600.0,2100.0
ORD007664,PROD0017,2,0.2,720.0,280.0
ORD007665,PROD0022,1,0.05,855.0,405.0
ORD007665,PROD0002,2,0.0,130000.0,28000.0
ORD007666,PROD0001,1,0.0,85000.0,17000.0
ORD007667,PROD0013,1,0.0,16000.0,6000.0
ORD007667,PROD0009,1,0.1,49500.0,7500.0
ORD007667,PROD0019,2,0.0,30000.0,9000.0
ORD007667,PROD0004,1,0.0,1200.0,550.0
ORD007668,PROD0008,1,0.15,12750.0,2250.0
ORD007668,PROD0004,1,0.1,1080.0,430.0
ORD007668,PROD0028,1,0.0,1800.0,850.0
ORD007669,PROD0016,1,0.15,5950.0,1750.0
ORD007670,PROD0025,4,0.0,14000.0,6800.0
ORD007671,PROD0004,1,0.05,1140.0,490.0
ORD007672,PROD0024,2,0.15,7140.0,2740.0
ORD007673,PROD0022,2,0.0,1800.0,900.0
ORD007674,PROD0007,1,0.2,17600.0,2100.0
ORD007674,PROD0020,3,0.15,61200.0,10200.0
ORD007674,PROD0023,1,0.1,2250.0,950.0
ORD007675,PROD0006,3,0.0,6600.0,3000.0
ORD007676,PROD0027,5,0.0,32500.0,13000.0
ORD007676,PROD0025,3,0.0,10500.0,5100.0
ORD007677,PROD0021,1,0.0,1800.0,850.0
ORD007677,PROD0022,2,0.15,1530.0,630.0
ORD007677,PROD0001,3,0.2,204000.0,0.0
ORD007678,PROD0022,2,0.1,1620.0,720.0
ORD007679,PROD0011,1,0.0,12000.0,4500.0
ORD007680,PROD0008,1,0.1,13500.0,3000.0
ORD007680,PROD0001,1,0.0,85000.0,17000.0
ORD007681,PROD0016,1,0.1,6300.0,2100.0
ORD007681,PROD0002,3,0.0,195000.0,42000.0
ORD007682,PROD0022,2,0.0,1800.0,900.0
ORD007683,PROD0005,2,0.0,9000.0,3600.0
ORD007684,PROD0002,2,0.0,130000.0,28000.0
ORD007685,PROD0022,1,0.15,765.0,315.0
ORD007686,PROD0008,3,0.15,38250.0,6750.0
ORD007687,PROD0028,1,0.0,1800.0,850.0
ORD007688,PROD0004,3,0.0,3600.0,1650.0
ORD007689,PROD0014,1,0.1,25200.0,6200.0
ORD007690,PROD0005,1,0.0,4500.0,1800.0
ORD007691,PROD0018,1,0.0,650.0,320.0
ORD007692,PROD0022,4,0.15,3060.0,1260.0
ORD007693,PROD0023,1,0.2,2000.0,700.0
ORD007694,PROD0006,2,0.15,3740.0,1340.0
ORD007695,PROD0026,1,0.0,5500.0,2300.0
ORD007695,PROD0009,1,0.0,55000.0,13000.0
ORD007696,PROD0028,1,0.0,1800.0,850.0
ORD007697,PROD0005,1,0.2,3600.0,900.0
ORD007697,PROD0020,3,0.05,68400.0,17400.0
ORD007698,PROD0027,1,0.0,6500.0,2600.0
ORD007698,PROD0002,3,0.0,195000.0,42000.0
ORD007699,PROD0021,1,0.0,1800.0,850.0
ORD007699,PROD0016,1,0.1,6300.0,2100.0
ORD007700,PROD0025,4,0.15,11900.0,4700.0
ORD007700,PROD0024,3,0.15,10710.0,4110.0
ORD007700,PROD0007,3,0.0,66000.0,19500.0
ORD007701,PROD0012,2,0.0,36000.0,14000.0
ORD007702,PROD0016,1,0.0,7000.0,2800.0
ORD007703,PROD0023,1,0.05,2375.0,1075.0
ORD007704,PROD0015,3,0.0,25500.0,10500.0
ORD007705,PROD0007,1,0.05,20900.0,5400.0
ORD007706,PROD0010,2,0.0,44000.0,12000.0
ORD007706,PROD0007,2,0.05,41800.0,10800.0
ORD007707,PROD0006,1,0.0,2200.0,1000.0
ORD007707,PROD0028,1,0.2,1440.0,490.0
ORD007708,PROD0017,1,0.0,450.0,230.0
ORD007709,PROD0022,3,0.0,2700.0,1350.0
ORD007709,PROD0024,3,0.0,12600.0,6000.0
ORD007709,PROD0005,1,0.05,4275.0,1575.0
ORD007710,PROD0016,1,0.2,5600.0,1400.0
ORD007711,PROD0008,2,0.0,30000.0,9000.0
ORD007711,PROD0017,2,0.0,900.0,460.0
ORD007711,PROD0002,1,0.15,55250.0,4250.0
ORD007712,PROD0007,2,0.0,44000.0,13000.0
ORD007713,PROD0027,2,0.0,13000.0,5200.0
ORD007713,PROD0004,1,0.0,1200.0,550.0
ORD007714,PROD0002,1,0.0,65000.0,14000.0
ORD007715,PROD0002,2,0.2,104000.0,2000.0
ORD007715,PROD0027,1,0.0,6500.0,2600.0
ORD007716,PROD0019,3,0.15,38250.0,6750.0
ORD007717,PROD0024,1,0.05,3990.0,1790.0
ORD007718,PROD0013,2,0.05,30400.0,10400.0
ORD007718,PROD0017,1,0.1,405.0,185.0
ORD007718,PROD0010,2,0.0,44000.0,12000.0
ORD007719,PROD0006,3,0.05,6270.0,2670.0
ORD007720,PROD0012,1,0.0,18000.0,7000.0
ORD007721,PROD0027,3,0.0,19500.0,7800.0
ORD007721,PROD0025,4,0.1,12600.0,5400.0
ORD007722,PROD0016,1,0.0,7000.0,2800.0
ORD007723,PROD0005,1,0.15,3825.0,1125.0
ORD007723,PROD0026,1,0.05,5225.0,2025.0
ORD007724,PROD0009,1,0.0,55000.0,13000.0
ORD007725,PROD0006,1,0.0,2200.0,1000.0
ORD007725,PROD0003,2,0.0,210000.0,40000.0
ORD007726,PROD0017,2,0.0,900.0,460.0
ORD007727,PROD0015,2,0.0,17000.0,7000.0
ORD007727,PROD0003,2,0.15,178500.0,8500.0
ORD007728,PROD0008,1,0.05,14250.0,3750.0
ORD007728,PROD0022,1,0.0,900.0,450.0
ORD007728,PROD0011,1,0.0,12000.0,4500.0
ORD007729,PROD0019,1,0.05,14250.0,3750.0
ORD007730,PROD0007,1,0.0,22000.0,6500.0
ORD007730,PROD0013,5,0.05,76000.0,26000.0
ORD007731,PROD0012,1,0.15,15300.0,4300.0
ORD007732,PROD0021,1,0.05,1710.0,760.0
ORD007733,PROD0021,3,0.15,4590.0,1740.0
ORD007733,PROD0014,4,0.0,112000.0,36000.0
ORD007733,PROD0007,4,0.0,88000.0,26000.0
ORD007733,PROD0002,1,0.05,61750.0,10750.0
ORD007734,PROD0014,4,0.15,95200.0,19200.0
ORD007734,PROD0012,2,0.2,28800.0,6800.0
ORD007734,PROD0010,4,0.1,79200.0,15200.0
ORD007735,PROD0003,2,0.1,189000.0,19000.0
ORD007735,PROD0012,2,0.0,36000.0,14000.0
ORD007736,PROD0021,2,0.2,2880.0,980.0
ORD007736,PROD0008,1,0.0,15000.0,4500.0
ORD007737,PROD0004,2,0.15,2040.0,740.0
ORD007737,PROD0009,1,0.2,44000.0,2000.0
ORD007737,PROD0022,1,0.1,810.0,360.0
ORD007737,PROD0025,1,0.15,2975.0,1175.0
ORD007738,PROD0018,1,0.0,650.0,320.0
ORD007739,PROD0015,1,0.05,8075.0,3075.0
ORD007739,PROD0011,1,0.15,10200.0,2700.0
ORD007740,PROD0025,1,0.2,2800.0,1000.0
ORD007741,PROD0016,4,0.2,22400.0,5600.0
ORD007742,PROD0018,2,0.05,1235.0,575.0
ORD007742,PROD0004,2,0.1,2160.0,860.0
ORD007743,PROD0004,2,0.1,2160.0,860.0
ORD007743,PROD0003,1,0.05,99750.0,14750.0
ORD007743,PROD0012,1,0.1,16200.0,5200.0
ORD007744,PROD0005,2,0.0,9000.0,3600.0
ORD007745,PROD0024,3,0.1,11340.0,4740.0
ORD007745,PROD0006,1,0.0,2200.0,1000.0
ORD007746,PROD0013,1,0.2,12800.0,2800.0
ORD007747,PROD0002,1,0.0,65000.0,14000.0
ORD007748,PROD0003,1,0.1,94500.0,9500.0
ORD007748,PROD0025,2,0.05,6650.0,3050.0
ORD007749,PROD0001,1,0.0,85000.0,17000.0
ORD007750,PROD0005,3,0.1,12150.0,4050.0
ORD007751,PROD0024,1,0.2,3360.0,1160.0
ORD007751,PROD0025,3,0.15,8925.0,3525.0
ORD007752,PROD0019,2,0.15,25500.0,4500.0
ORD007753,PROD0008,1,0.15,12750.0,2250.0
ORD007754,PROD0027,2,0.2,10400.0,2600.0
ORD007755,PROD0011,4,0.0,48000.0,18000.0
ORD007756,PROD0005,4,0.0,18000.0,7200.0
ORD007756,PROD0004,3,0.2,2880.0,930.0
ORD007757,PROD0028,2,0.2,2880.0,980.0
ORD007757,PROD0010,2,0.0,44000.0,12000.0
ORD007757,PROD0017,1,0.0,450.0,230.0
ORD007757,PROD0020,4,0.0,96000.0,28000.0
ORD007758,PROD0003,4,0.15,357000.0,17000.0
ORD007758,PROD0015,1,0.15,7225.0,2225.0
ORD007758,PROD0005,1,0.05,4275.0,1575.0
ORD007758,PROD0025,1,0.2,2800.0,1000.0
ORD007759,PROD0003,1,0.05,99750.0,14750.0
ORD007760,PROD0024,3,0.15,10710.0,4110.0
ORD007760,PROD0015,1,0.1,7650.0,2650.0
ORD007761,PROD0028,1,0.0,1800.0,850.0
ORD007762,PROD0010,2,0.0,44000.0,12000.0
ORD007762,PROD0012,1,0.0,18000.0,7000.0
ORD007763,PROD0005,1,0.1,4050.0,1350.0
ORD007763,PROD0012,2,0.0,36000.0,14000.0
ORD007763,PROD0010,1,0.0,22000.0,6000.0
ORD007763,PROD0015,1,0.15,7225.0,2225.0
ORD007764,PROD0001,1,0.0,85000.0,17000.0
ORD007764,PROD0011,1,0.2,9600.0,2100.0
ORD007765,PROD0025,3,0.0,10500.0,5100.0
ORD007766,PROD0027,1,0.0,6500.0,2600.0
ORD007766,PROD0022,2,0.0,1800.0,900.0
ORD007767,PROD0018,2,0.0,1300.0,640.0
ORD007768,PROD0011,3,0.0,36000.0,13500.0
ORD007769,PROD0010,2,0.2,35200.0,3200.0
ORD007769,PROD0018,1,0.0,650.0,320.0
ORD007770,PROD0027,2,0.2,10400.0,2600.0
ORD007770,PROD0015,1,0.0,8500.0,3500.0
ORD007771,PROD0017,1,0.0,450.0,230.0
ORD007771,PROD0009,1,0.0,55000.0,13000.0
ORD007772,PROD0024,1,0.05,3990.0,1790.0
ORD007773,PROD0005,2,0.0,9000.0,3600.0
ORD007773,PROD0004,1,0.05,1140.0,490.0
ORD007774,PROD0005,1,0.0,4500.0,1800.0
ORD007774,PROD0011,2,0.15,20400.0,5400.0
ORD007774,PROD0006,3,0.0,6600.0,3000.0
ORD007775,PROD0012,3,0.0,54000.0,21000.0
ORD007775,PROD0004,1,0.05,1140.0,490.0
ORD007775,PROD0023,1,0.0,2500.0,1200.0
ORD007776,PROD0027,1,0.2,5200.0,1300.0
ORD007777,PROD0007,1,0.0,22000.0,6500.0
ORD007777,PROD0001,1,0.2,68000.0,0.0
ORD007777,PROD0014,2,0.0,56000.0,18000.0
ORD007778,PROD0022,1,0.0,900.0,450.0
ORD007779,PROD0024,5,0.0,21000.0,10000.0
ORD007780,PROD0008,1,0.0,15000.0,4500.0
ORD007781,PROD0023,1,0.2,2000.0,700.0
ORD007782,PROD0010,5,0.05,104500.0,24500.0
ORD007783,PROD0017,3,0.15,1147.5,487.5
ORD007784,PROD0007,1,0.0,22000.0,6500.0
ORD007784,PROD0006,3,0.2,5280.0,1680.0
ORD007785,PROD0011,1,0.0,12000.0,4500.0
ORD007785,PROD0001,1,0.05,80750.0,12750.0
ORD007786,PROD0013,2,0.0,32000.0,12000.0
ORD007787,PROD0017,1,0.2,360.0,140.0
ORD007788,PROD0016,3,0.0,21000.0,8400.0
ORD007789,PROD0016,3,0.15,17850.0,5250.0
ORD007790,PROD0011,1,0.0,12000.0,4500.0
ORD007791,PROD0028,3,0.15,4590.0,1740.0
ORD007791,PROD0022,1,0.15,765.0,315.0
ORD007792,PROD0002,1,0.0,65000.0,14000.0
ORD007792,PROD0024,1,0.0,4200.0,2000.0
ORD007792,PROD0010,1,0.0,22000.0,6000.0
ORD007793,PROD0022,3,0.05,2565.0,1215.0
ORD007794,PROD0018,1,0.2,520.0,190.0
ORD007794,PROD0010,3,0.0,66000.0,18000.0
ORD007795,PROD0026,1,0.0,5500.0,2300.0
ORD007795,PROD0002,2,0.05,123500.0,21500.0
ORD007796,PROD0007,1,0.05,20900.0,5400.0
ORD007797,PROD0021,1,0.2,1440.0,490.0
ORD007797,PROD0025,1,0.05,3325.0,1525.0
ORD007798,PROD0010,1,0.1,19800.0,3800.0
ORD007798,PROD0020,1,0.15,20400.0,3400.0
ORD007799,PROD0028,3,0.15,4590.0,1740.0
ORD007799,PROD0023,2,0.0,5000.0,2400.0
ORD007799,PROD0004,1,0.0,1200.0,550.0
ORD007800,PROD0008,1,0.05,14250.0,3750.0
ORD007800,PROD0023,1,0.0,2500.0,1200.0
ORD007801,PROD0011,2,0.2,19200.0,4200.0
ORD007802,PROD0018,1,0.1,585.0,255.0
ORD007802,PROD0007,1,0.05,20900.0,5400.0
ORD007802,PROD0003,1,0.05,99750.0,14750.0
ORD007803,PROD0008,3,0.0,45000.0,13500.0
ORD007804,PROD0026,2,0.0,11000.0,4600.0
ORD007804,PROD0002,1,0.15,55250.0,4250.0
ORD007805,PROD0017,1,0.1,405.0,185.0
ORD007806,PROD0015,2,0.15,14450.0,4450.0
ORD007806,PROD0001,5,0.15,361250.0,21250.0
ORD007807,PROD0003,4,0.0,420000.0,80000.0
ORD007807,PROD0022,3,0.2,2160.0,810.0
ORD007808,PROD0021,1,0.05,1710.0,760.0
ORD007809,PROD0004,4,0.05,4560.0,1960.0
ORD007810,PROD0021,3,0.15,4590.0,1740.0
ORD007811,PROD0020,3,0.05,68400.0,17400.0
ORD007812,PROD0008,1,0.0,15000.0,4500.0
ORD007813,PROD0009,4,0.05,209000.0,41000.0
ORD007814,PROD0019,1,0.0,15000.0,4500.0
ORD007815,PROD0011,3,0.0,36000.0,13500.0
ORD007815,PROD0014,1,0.1,25200.0,6200.0
ORD007816,PROD0023,4,0.0,10000.0,4800.0
ORD007817,PROD0020,5,0.05,114000.0,29000.0
ORD007817,PROD0027,1,0.0,6500.0,2600.0
ORD007818,PROD0015,5,0.2,34000.0,9000.0
ORD007818,PROD0014,1,0.2,22400.0,3400.0
ORD007819,PROD0006,1,0.1,1980.0,780.0
ORD007820,PROD0008,4,0.0,60000.0,18000.0
ORD007820,PROD0025,1,0.05,3325.0,1525.0
ORD007821,PROD0019,3,0.1,40500.0,9000.0
ORD007822,PROD0025,1,0.0,3500.0,1700.0
ORD007822,PROD0007,1,0.0,22000.0,6500.0
ORD007823,PROD0004,1,0.1,1080.0,430.0
ORD007823,PROD0026,1,0.05,5225.0,2025.0
ORD007824,PROD0025,2,0.0,7000.0,3400.0
ORD007824,PROD0011,2,0.1,21600.0,6600.0
ORD007824,PROD0021,4,0.0,7200.0,3400.0
ORD007825,PROD0003,1,0.15,89250.0,4250.0
ORD007825,PROD0023,1,0.05,2375.0,1075.0
ORD007826,PROD0027,2,0.05,12350.0,4550.0
ORD007826,PROD0009,1,0.05,52250.0,10250.0
ORD007827,PROD0015,1,0.05,8075.0,3075.0
ORD007827,PROD0007,1,0.0,22000.0,6500.0
ORD007828,PROD0013,1,0.1,14400.0,4400.0
ORD007828,PROD0020,5,0.05,114000.0,29000.0
ORD007828,PROD0009,2,0.05,104500.0,20500.0
ORD007828,PROD0027,4,0.15,22100.0,6500.0
ORD007829,PROD0023,2,0.15,4250.0,1650.0
ORD007830,PROD0004,1,0.15,1020.0,370.0
ORD007831,PROD0022,1,0.2,720.0,270.0
ORD007831,PROD0015,1,0.2,6800.0,1800.0
ORD007832,PROD0019,1,0.2,12000.0,1500.0
ORD007833,PROD0019,3,0.1,40500.0,9000.0
ORD007833,PROD0010,1,0.0,22000.0,6000.0
ORD007833,PROD0023,2,0.0,5000.0,2400.0
ORD007834,PROD0016,1,0.0,7000.0,2800.0
ORD007834,PROD0010,1,0.0,22000.0,6000.0
ORD007835,PROD0010,1,0.0,22000.0,6000.0
ORD007835,PROD0001,3,0.1,229500.0,25500.0
ORD007835,PROD0012,2,0.2,28800.0,6800.0
ORD007836,PROD0026,2,0.2,8800.0,2400.0
ORD007836,PROD0017,3,0.15,1147.5,487.5
ORD007837,PROD0018,1,0.15,552.5,222.5
ORD007838,PROD0015,2,0.0,17000.0,7000.0
ORD007839,PROD0018,1,0.0,650.0,320.0
ORD007839,PROD0019,2,0.1,27000.0,6000.0
ORD007839,PROD0004,4,0.0,4800.0,2200.0
ORD007840,PROD0027,2,0.2,10400.0,2600.0
ORD007841,PROD0018,1,0.15,552.5,222.5
ORD007841,PROD0021,2,0.15,3060.0,1160.0
ORD007841,PROD0012,2,0.15,30600.0,8600.0
ORD007842,PROD0006,1,0.2,1760.0,560.0
ORD007843,PROD0021,1,0.1,1620.0,670.0
ORD007844,PROD0018,1,0.05,617.5,287.5
ORD007845,PROD0009,2,0.15,93500.0,9500.0
ORD007845,PROD0022,2,0.2,1440.0,540.0
ORD007846,PROD0020,4,0.0,96000.0,28000.0
ORD007846,PROD0001,1,0.0,85000.0,17000.0
ORD007847,PROD0013,1,0.15,13600.0,3600.0
ORD007847,PROD0009,1,0.0,55000.0,13000.0
ORD007848,PROD0019,1,0.1,13500.0,3000.0
ORD007848,PROD0028,1,0.05,1710.0,760.0
ORD007848,PROD0017,1,0.1,405.0,185.0
ORD007849,PROD0018,3,0.0,1950.0,960.0
ORD007849,PROD0023,4,0.1,9000.0,3800.0
ORD007850,PROD0010,5,0.0,110000.0,30000.0
ORD007850,PROD0003,1,0.0,105000.0,20000.0
ORD007851,PROD0002,2,0.15,110500.0,8500.0
ORD007851,PROD0012,1,0.05,17100.0,6100.0
ORD007852,PROD0013,1,0.0,16000.0,6000.0
ORD007853,PROD0005,1,0.15,3825.0,1125.0
ORD007854,PROD0007,1,0.2,17600.0,2100.0
ORD007854,PROD0013,4,0.1,57600.0,17600.0
ORD007854,PROD0003,2,0.1,189000.0,19000.0
ORD007855,PROD0023,1,0.0,2500.0,1200.0
ORD007856,PROD0014,2,0.0,56000.0,18000.0
ORD007856,PROD0006,1,0.0,2200.0,1000.0
ORD007856,PROD0027,3,0.1,17550.0,5850.0
ORD007857,PROD0002,2,0.0,130000.0,28000.0
ORD007858,PROD0009,1,0.05,52250.0,10250.0
ORD007858,PROD0014,2,0.0,56000.0,18000.0
ORD007859,PROD0026,2,0.2,8800.0,2400.0
ORD007860,PROD0012,1,0.05,17100.0,6100.0
ORD007860,PROD0013,3,0.1,43200.0,13200.0
ORD007860,PROD0024,1,0.2,3360.0,1160.0
ORD007861,PROD0026,1,0.1,4950.0,1750.0
ORD007862,PROD0024,1,0.1,3780.0,1580.0
ORD007863,PROD0011,2,0.1,21600.0,6600.0
ORD007864,PROD0008,2,0.0,30000.0,9000.0
ORD007865,PROD0019,1,0.0,15000.0,4500.0
ORD007865,PROD0007,1,0.1,19800.0,4300.0
ORD007865,PROD0005,4,0.15,15300.0,4500.0
ORD007866,PROD0004,1,0.05,1140.0,490.0
ORD007866,PROD0021,3,0.2,4320.0,1470.0
ORD007867,PROD0005,1,0.05,4275.0,1575.0
ORD007867,PROD0028,1,0.05,1710.0,760.0
ORD007867,PROD0027,2,0.0,13000.0,5200.0
ORD007867,PROD0024,2,0.05,7980.0,3580.0
ORD007868,PROD0003,1,0.0,105000.0,20000.0
ORD007869,PROD0018,1,0.0,650.0,320.0
ORD007870,PROD0026,1,0.0,5500.0,2300.0
ORD007870,PROD0004,3,0.0,3600.0,1650.0
ORD007870,PROD0023,1,0.05,2375.0,1075.0
ORD007871,PROD0013,1,0.05,15200.0,5200.0
ORD007872,PROD0007,1,0.15,18700.0,3200.0
ORD007872,PROD0013,2,0.2,25600.0,5600.0
ORD007873,PROD0020,1,0.15,20400.0,3400.0
ORD007874,PROD0006,3,0.0,6600.0,3000.0
ORD007874,PROD0007,4,0.0,88000.0,26000.0
ORD007875,PROD0008,1,0.15,12750.0,2250.0
ORD007876,PROD0019,3,0.0,45000.0,13500.0
ORD007876,PROD0018,2,0.05,1235.0,575.0
ORD007876,PROD0027,2,0.15,11050.0,3250.0
ORD007876,PROD0006,2,0.05,4180.0,1780.0
ORD007877,PROD0025,1,0.0,3500.0,1700.0
ORD007877,PROD0003,1,0.05,99750.0,14750.0
ORD007878,PROD0019,4,0.0,60000.0,18000.0
ORD007878,PROD0026,2,0.15,9350.0,2950.0
ORD007879,PROD0024,1,0.0,4200.0,2000.0
ORD007880,PROD0020,1,0.2,19200.0,2200.0
ORD007881,PROD0005,1,0.0,4500.0,1800.0
ORD007881,PROD0020,1,0.0,24000.0,7000.0
ORD007882,PROD0024,1,0.05,3990.0,1790.0
ORD007883,PROD0023,2,0.0,5000.0,2400.0
ORD007883,PROD0001,1,0.15,72250.0,4250.0
ORD007883,PROD0022,4,0.15,3060.0,1260.0
ORD007884,PROD0021,1,0.0,1800.0,850.0
ORD007885,PROD0020,3,0.05,68400.0,17400.0
ORD007885,PROD0005,2,0.15,7650.0,2250.0
ORD007885,PROD0018,1,0.0,650.0,320.0
ORD007885,PROD0007,1,0.0,22000.0,6500.0
ORD007886,PROD0018,1,0.1,585.0,255.0
ORD007886,PROD0008,1,0.0,15000.0,4500.0
ORD007887,PROD0007,2,0.2,35200.0,4200.0
ORD007887,PROD0008,1,0.05,14250.0,3750.0
ORD007888,PROD0024,3,0.0,12600.0,6000.0
ORD007888,PROD0025,4,0.05,13300.0,6100.0
ORD007889,PROD0024,4,0.0,16800.0,8000.0
ORD007890,PROD0014,1,0.0,28000.0,9000.0
ORD007891,PROD0014,2,0.1,50400.0,12400.0
ORD007891,PROD0003,1,0.0,105000.0,20000.0
ORD007891,PROD0022,2,0.0,1800.0,900.0
ORD007892,PROD0020,2,0.15,40800.0,6800.0
ORD007893,PROD0026,1,0.0,5500.0,2300.0
ORD007893,PROD0019,1,0.1,13500.0,3000.0
ORD007893,PROD0006,1,0.1,1980.0,780.0
ORD007894,PROD0028,2,0.1,3240.0,1340.0
ORD007894,PROD0011,5,0.0,60000.0,22500.0
ORD007895,PROD0005,1,0.2,3600.0,900.0
ORD007895,PROD0002,1,0.15,55250.0,4250.0
ORD007896,PROD0026,2,0.0,11000.0,4600.0
ORD007896,PROD0017,1,0.0,450.0,230.0
ORD007897,PROD0026,1,0.2,4400.0,1200.0
ORD007898,PROD0027,1,0.15,5525.0,1625.0
ORD007898,PROD0016,1,0.0,7000.0,2800.0
ORD007899,PROD0003,3,0.0,315000.0,60000.0
ORD007899,PROD0020,1,0.0,24000.0,7000.0
ORD007900,PROD0018,1,0.2,520.0,190.0
ORD007901,PROD0009,1,0.0,55000.0,13000.0
ORD007901,PROD0005,1,0.1,4050.0,1350.0
ORD007901,PROD0011,2,0.0,24000.0,9000.0
ORD007902,PROD0017,1,0.05,427.5,207.5
ORD007902,PROD0011,2,0.0,24000.0,9000.0
ORD007903,PROD0019,1,0.15,12750.0,2250.0
ORD007904,PROD0003,2,0.0,210000.0,40000.0
ORD007904,PROD0002,1,0.0,65000.0,14000.0
ORD007905,PROD0003,1,0.0,105000.0,20000.0
ORD007905,PROD0001,2,0.05,161500.0,25500.0
ORD007906,PROD0023,1,0.0,2500.0,1200.0
ORD007906,PROD0026,4,0.0,22000.0,9200.0
ORD007907,PROD0024,3,0.2,10080.0,3480.0
ORD007908,PROD0012,1,0.1,16200.0,5200.0
ORD007909,PROD0007,1,0.05,20900.0,5400.0
ORD007909,PROD0004,2,0.05,2280.0,980.0
ORD007910,PROD0010,4,0.05,83600.0,19600.0
ORD007910,PROD0003,2,0.05,199500.0,29500.0
ORD007911,PROD0027,4,0.1,23400.0,7800.0
ORD007911,PROD0022,1,0.15,765.0,315.0
ORD007912,PROD0014,2,0.05,53200.0,15200.0
ORD007913,PROD0019,1,0.2,12000.0,1500.0
ORD007913,PROD0014,1,0.0,28000.0,9000.0
ORD007914,PROD0016,2,0.1,12600.0,4200.0
ORD007914,PROD0012,2,0.0,36000.0,14000.0
ORD007915,PROD0023,1,0.0,2500.0,1200.0
ORD007915,PROD0010,1,0.0,22000.0,6000.0
ORD007915,PROD0003,1,0.1,94500.0,9500.0
ORD007916,PROD0007,1,0.0,22000.0,6500.0
ORD007916,PROD0002,1,0.05,61750.0,10750.0
ORD007917,PROD0028,1,0.0,1800.0,850.0
ORD007917,PROD0027,1,0.0,6500.0,2600.0
ORD007918,PROD0027,5,0.0,32500.0,13000.0
ORD007918,PROD0017,2,0.05,855.0,415.0
ORD007918,PROD0001,4,0.2,272000.0,0.0
ORD007919,PROD0014,2,0.0,56000.0,18000.0
ORD007920,PROD0017,2,0.1,810.0,370.0
ORD007920,PROD0010,2,0.15,37400.0,5400.0
ORD007921,PROD0016,1,0.0,7000.0,2800.0
ORD007921,PROD0024,2,0.05,7980.0,3580.0
ORD007921,PROD0001,1,0.0,85000.0,17000.0
ORD007921,PROD0009,3,0.2,132000.0,6000.0
ORD007922,PROD0018,3,0.0,1950.0,960.0
ORD007923,PROD0013,1,0.15,13600.0,3600.0
ORD007923,PROD0008,1,0.0,15000.0,4500.0
ORD007923,PROD0006,1,0.0,2200.0,1000.0
ORD007924,PROD0007,1,0.15,18700.0,3200.0
ORD007925,PROD0006,2,0.0,4400.0,2000.0
ORD007926,PROD0016,2,0.0,14000.0,5600.0
ORD007927,PROD0008,3,0.0,45000.0,13500.0
ORD007928,PROD0007,1,0.2,17600.0,2100.0
ORD007929,PROD0014,1,0.0,28000.0,9000.0
ORD007929,PROD0006,2,0.2,3520.0,1120.0
ORD007929,PROD0015,2,0.05,16150.0,6150.0
ORD007930,PROD0017,1,0.0,450.0,230.0
ORD007930,PROD0028,1,0.05,1710.0,760.0
ORD007930,PROD0027,3,0.0,19500.0,7800.0
ORD007931,PROD0004,1,0.0,1200.0,550.0
ORD007932,PROD0008,2,0.1,27000.0,6000.0
ORD007932,PROD0026,3,0.15,14025.0,4425.0
ORD007933,PROD0023,2,0.2,4000.0,1400.0
ORD007933,PROD0017,1,0.0,450.0,230.0
ORD007934,PROD0015,1,0.05,8075.0,3075.0
ORD007934,PROD0024,2,0.15,7140.0,2740.0
ORD007935,PROD0008,1,0.2,12000.0,1500.0
ORD007936,PROD0002,2,0.2,104000.0,2000.0
ORD007937,PROD0011,1,0.0,12000.0,4500.0
ORD007937,PROD0018,1,0.1,585.0,255.0
ORD007937,PROD0025,5,0.0,17500.0,8500.0
ORD007938,PROD0028,3,0.0,5400.0,2550.0
ORD007939,PROD0012,1,0.0,18000.0,7000.0
ORD007939,PROD0027,2,0.1,11700.0,3900.0
ORD007940,PROD0009,1,0.1,49500.0,7500.0
ORD007940,PROD0020,2,0.2,38400.0,4400.0
ORD007941,PROD0008,1,0.0,15000.0,4500.0
ORD007942,PROD0003,1,0.2,84000.0,-1000.0
ORD007943,PROD0007,1,0.15,18700.0,3200.0
ORD007943,PROD0023,3,0.0,7500.0,3600.0
ORD007944,PROD0025,2,0.2,5600.0,2000.0
ORD007945,PROD0028,3,0.0,5400.0,2550.0
ORD007945,PROD0006,2,0.0,4400.0,2000.0
ORD007946,PROD0018,2,0.2,1040.0,380.0
ORD007947,PROD0027,2,0.1,11700.0,3900.0
ORD007948,PROD0005,1,0.0,4500.0,1800.0
ORD007948,PROD0015,3,0.2,20400.0,5400.0
ORD007948,PROD0020,2,0.05,45600.0,11600.0
ORD007949,PROD0018,1,0.0,650.0,320.0
ORD007950,PROD0020,1,0.15,20400.0,3400.0
ORD007950,PROD0004,1,0.0,1200.0,550.0
ORD007950,PROD0009,2,0.0,110000.0,26000.0
ORD007951,PROD0019,4,0.0,60000.0,18000.0
ORD007951,PROD0017,1,0.05,427.5,207.5
ORD007952,PROD0026,3,0.15,14025.0,4425.0
ORD007952,PROD0003,1,0.0,105000.0,20000.0
ORD007953,PROD0001,2,0.2,136000.0,0.0
ORD007954,PROD0025,3,0.05,9975.0,4575.0
ORD007954,PROD0004,3,0.0,3600.0,1650.0
ORD007955,PROD0024,1,0.0,4200.0,2000.0
ORD007955,PROD0019,1,0.0,15000.0,4500.0
ORD007956,PROD0025,1,0.1,3150.0,1350.0
ORD007957,PROD0028,1,0.05,1710.0,760.0
ORD007957,PROD0011,5,0.0,60000.0,22500.0
ORD007958,PROD0027,1,0.2,5200.0,1300.0
ORD007958,PROD0018,1,0.15,552.5,222.5
ORD007959,PROD0001,3,0.15,216750.0,12750.0
ORD007960,PROD0002,1,0.0,65000.0,14000.0
ORD007960,PROD0005,1,0.15,3825.0,1125.0
ORD007961,PROD0018,1,0.0,650.0,320.0
ORD007962,PROD0021,1,0.0,1800.0,850.0
ORD007963,PROD0024,1,0.15,3570.0,1370.0
ORD007963,PROD0009,1,0.05,52250.0,10250.0
ORD007964,PROD0021,1,0.15,1530.0,580.0
ORD007965,PROD0009,3,0.0,165000.0,39000.0
ORD007966,PROD0021,2,0.15,3060.0,1160.0
ORD007967,PROD0027,1,0.05,6175.0,2275.0
ORD007968,PROD0004,2,0.1,2160.0,860.0
ORD007969,PROD0018,2,0.0,1300.0,640.0
ORD007970,PROD0024,1,0.15,3570.0,1370.0
ORD007971,PROD0010,1,0.15,18700.0,2700.0
ORD007972,PROD0006,2,0.05,4180.0,1780.0
ORD007972,PROD0016,2,0.2,11200.0,2800.0
ORD007973,PROD0028,2,0.2,2880.0,980.0
ORD007973,PROD0007,3,0.0,66000.0,19500.0
ORD007974,PROD0027,1,0.2,5200.0,1300.0
ORD007975,PROD0021,1,0.2,1440.0,490.0
ORD007976,PROD0012,3,0.0,54000.0,21000.0
ORD007977,PROD0008,1,0.0,15000.0,4500.0
ORD007977,PROD0001,2,0.1,153000.0,17000.0
ORD007978,PROD0019,2,0.1,27000.0,6000.0
ORD007979,PROD0023,1,0.0,2500.0,1200.0
ORD007979,PROD0013,1,0.0,16000.0,6000.0
ORD007980,PROD0007,4,0.15,74800.0,12800.0
ORD007980,PROD0004,4,0.0,4800.0,2200.0
ORD007981,PROD0008,1,0.0,15000.0,4500.0
ORD007981,PROD0001,2,0.2,136000.0,0.0
ORD007982,PROD0020,1,0.0,24000.0,7000.0
ORD007983,PROD0001,1,0.1,76500.0,8500.0
ORD007983,PROD0016,1,0.2,5600.0,1400.0
ORD007984,PROD0003,3,0.0,315000.0,60000.0
ORD007985,PROD0010,2,0.0,44000.0,12000.0
ORD007986,PROD0002,1,0.0,65000.0,14000.0
ORD007987,PROD0025,4,0.0,14000.0,6800.0
ORD007987,PROD0021,1,0.1,1620.0,670.0
ORD007987,PROD0016,1,0.0,7000.0,2800.0
ORD007988,PROD0017,1,0.0,450.0,230.0
ORD007988,PROD0021,4,0.0,7200.0,3400.0
ORD007989,PROD0015,2,0.1,15300.0,5300.0
ORD007990,PROD0022,3,0.0,2700.0,1350.0
ORD007990,PROD0017,1,0.2,360.0,140.0
ORD007990,PROD0018,3,0.0,1950.0,960.0
ORD007991,PROD0004,1,0.0,1200.0,550.0
ORD007991,PROD0010,1,0.1,19800.0,3800.0
ORD007991,PROD0013,1,0.2,12800.0,2800.0
ORD007992,PROD0014,1,0.15,23800.0,4800.0
ORD007993,PROD0025,1,0.0,3500.0,1700.0
ORD007993,PROD0027,1,0.2,5200.0,1300.0
ORD007994,PROD0017,1,0.0,450.0,230.0
ORD007995,PROD0016,1,0.0,7000.0,2800.0
ORD007995,PROD0002,1,0.0,65000.0,14000.0
ORD007996,PROD0023,1,0.0,2500.0,1200.0
ORD007997,PROD0011,1,0.1,10800.0,3300.0
ORD007998,PROD0012,2,0.0,36000.0,14000.0
ORD007999,PROD0024,2,0.0,8400.0,4000.0
ORD008000,PROD0004,1,0.15,1020.0,370.0
ORD008001,PROD0018,2,0.2,1040.0,380.0
ORD008002,PROD0022,2,0.0,1800.0,900.0
ORD008003,PROD0017,1,0.0,450.0,230.0
ORD008004,PROD0016,2,0.2,11200.0,2800.0
ORD008005,PROD0019,1,0.1,13500.0,3000.0
ORD008006,PROD0009,1,0.0,55000.0,13000.0
ORD008007,PROD0021,2,0.2,2880.0,980.0
ORD008008,PROD0007,3,0.0,66000.0,19500.0
ORD008009,PROD0002,1,0.0,65000.0,14000.0
ORD008010,PROD0014,1,0.0,28000.0,9000.0
ORD008010,PROD0004,1,0.0,1200.0,550.0
ORD008011,PROD0008,1,0.2,12000.0,1500.0
ORD008011,PROD0016,2,0.0,14000.0,5600.0
ORD008012,PROD0027,2,0.05,12350.0,4550.0
ORD008013,PROD0021,1,0.0,1800.0,850.0
ORD008014,PROD0021,1,0.05,1710.0,760.0
ORD008015,PROD0018,2,0.0,1300.0,640.0
ORD008015,PROD0002,2,0.0,130000.0,28000.0
ORD008016,PROD0021,2,0.05,3420.0,1520.0
ORD008016,PROD0007,1,0.0,22000.0,6500.0
ORD008017,PROD0012,2,0.15,30600.0,8600.0
ORD008018,PROD0019,1,0.2,12000.0,1500.0
ORD008019,PROD0006,4,0.0,8800.0,4000.0
ORD008019,PROD0025,1,0.05,3325.0,1525.0
ORD008020,PROD0014,1,0.1,25200.0,6200.0
ORD008021,PROD0020,5,0.0,120000.0,35000.0
ORD008021,PROD0005,1,0.2,3600.0,900.0
ORD008022,PROD0008,1,0.15,12750.0,2250.0
ORD008023,PROD0014,3,0.0,84000.0,27000.0
ORD008023,PROD0010,1,0.0,22000.0,6000.0
ORD008024,PROD0006,1,0.05,2090.0,890.0
ORD008025,PROD0016,1,0.2,5600.0,1400.0
ORD008026,PROD0011,1,0.2,9600.0,2100.0
ORD008027,PROD0006,2,0.1,3960.0,1560.0
ORD008028,PROD0013,1,0.0,16000.0,6000.0
ORD008028,PROD0007,1,0.0,22000.0,6500.0
ORD008028,PROD0005,2,0.05,8550.0,3150.0
ORD008029,PROD0009,2,0.1,99000.0,15000.0
ORD008030,PROD0013,1,0.0,16000.0,6000.0
ORD008031,PROD0004,1,0.0,1200.0,550.0
ORD008031,PROD0013,1,0.2,12800.0,2800.0
ORD008031,PROD0001,1,0.05,80750.0,12750.0
ORD008032,PROD0025,2,0.2,5600.0,2000.0
ORD008032,PROD0001,3,0.1,229500.0,25500.0
ORD008033,PROD0020,2,0.15,40800.0,6800.0
ORD008034,PROD0016,3,0.1,18900.0,6300.0
ORD008035,PROD0012,2,0.2,28800.0,6800.0
ORD008035,PROD0008,1,0.05,14250.0,3750.0
ORD008035,PROD0020,1,0.0,24000.0,7000.0
ORD008036,PROD0010,2,0.05,41800.0,9800.0
ORD008036,PROD0005,1,0.05,4275.0,1575.0
ORD008037,PROD0003,4,0.1,378000.0,38000.0
ORD008038,PROD0021,4,0.15,6120.0,2320.0
ORD008038,PROD0006,1,0.0,2200.0,1000.0
ORD008039,PROD0003,2,0.05,199500.0,29500.0
ORD008040,PROD0008,1,0.0,15000.0,4500.0
ORD008041,PROD0024,2,0.15,7140.0,2740.0
ORD008042,PROD0015,2,0.2,13600.0,3600.0
ORD008042,PROD0012,1,0.0,18000.0,7000.0
ORD008043,PROD0024,1,0.2,3360.0,1160.0
ORD008044,PROD0008,3,0.05,42750.0,11250.0
ORD008045,PROD0013,2,0.05,30400.0,10400.0
ORD008045,PROD0019,2,0.15,25500.0,4500.0
ORD008046,PROD0015,1,0.2,6800.0,1800.0
ORD008047,PROD0008,1,0.0,15000.0,4500.0
ORD008047,PROD0019,2,0.0,30000.0,9000.0
ORD008048,PROD0015,2,0.0,17000.0,7000.0
ORD008049,PROD0007,2,0.2,35200.0,4200.0
ORD008050,PROD0019,1,0.05,14250.0,3750.0
ORD008050,PROD0003,2,0.15,178500.0,8500.0
ORD008051,PROD0028,1,0.0,1800.0,850.0
ORD008051,PROD0014,1,0.1,25200.0,6200.0
ORD008052,PROD0018,2,0.0,1300.0,640.0
ORD008052,PROD0025,1,0.2,2800.0,1000.0
ORD008052,PROD0004,2,0.05,2280.0,980.0
ORD008053,PROD0011,2,0.0,24000.0,9000.0
ORD008054,PROD0012,2,0.15,30600.0,8600.0
ORD008054,PROD0028,2,0.0,3600.0,1700.0
ORD008054,PROD0022,1,0.2,720.0,270.0
ORD008055,PROD0017,5,0.0,2250.0,1150.0
ORD008055,PROD0011,2,0.05,22800.0,7800.0
ORD008055,PROD0026,2,0.0,11000.0,4600.0
ORD008056,PROD0022,2,0.1,1620.0,720.0
ORD008057,PROD0008,3,0.05,42750.0,11250.0
ORD008058,PROD0028,1,0.2,1440.0,490.0
ORD008058,PROD0021,1,0.0,1800.0,850.0
ORD008059,PROD0023,1,0.1,2250.0,950.0
ORD008059,PROD0020,3,0.0,72000.0,21000.0
ORD008059,PROD0002,2,0.1,117000.0,15000.0
ORD008060,PROD0013,3,0.15,40800.0,10800.0
ORD008060,PROD0008,2,0.05,28500.0,7500.0
ORD008060,PROD0021,3,0.0,5400.0,2550.0
ORD008060,PROD0026,2,0.05,10450.0,4050.0
ORD008061,PROD0012,1,0.0,18000.0,7000.0
ORD008062,PROD0001,2,0.05,161500.0,25500.0
ORD008063,PROD0001,1,0.15,72250.0,4250.0
ORD008064,PROD0004,1,0.1,1080.0,430.0
ORD008064,PROD0023,1,0.1,2250.0,950.0
ORD008065,PROD0004,1,0.0,1200.0,550.0
ORD008065,PROD0003,2,0.15,178500.0,8500.0
ORD008066,PROD0026,5,0.15,23375.0,7375.0
ORD008067,PROD0001,5,0.05,403750.0,63750.0
ORD008068,PROD0019,2,0.1,27000.0,6000.0
ORD008068,PROD0022,2,0.0,1800.0,900.0
ORD008068,PROD0017,3,0.0,1350.0,690.0
ORD008069,PROD0023,1,0.05,2375.0,1075.0
ORD008070,PROD0006,2,0.0,4400.0,2000.0
ORD008071,PROD0018,1,0.0,650.0,320.0
ORD008072,PROD0006,1,0.05,2090.0,890.0
ORD008072,PROD0022,1,0.15,765.0,315.0
ORD008072,PROD0010,1,0.0,22000.0,6000.0
ORD008073,PROD0027,1,0.05,6175.0,2275.0
ORD008074,PROD0006,3,0.0,6600.0,3000.0
ORD008075,PROD0027,1,0.1,5850.0,1950.0
ORD008075,PROD0002,1,0.2,52000.0,1000.0
ORD008075,PROD0010,2,0.0,44000.0,12000.0
ORD008075,PROD0007,5,0.15,93500.0,16000.0
ORD008076,PROD0009,2,0.15,93500.0,9500.0
ORD008076,PROD0001,1,0.2,68000.0,0.0
ORD008077,PROD0020,1,0.05,22800.0,5800.0
ORD008078,PROD0019,1,0.05,14250.0,3750.0
ORD008078,PROD0018,4,0.0,2600.0,1280.0
ORD008079,PROD0007,3,0.1,59400.0,12900.0
ORD008080,PROD0009,2,0.15,93500.0,9500.0
ORD008080,PROD0002,3,0.05,185250.0,32250.0
ORD008081,PROD0027,4,0.0,26000.0,10400.0
ORD008082,PROD0002,2,0.0,130000.0,28000.0
ORD008083,PROD0028,3,0.15,4590.0,1740.0
ORD008084,PROD0005,2,0.05,8550.0,3150.0
ORD008085,PROD0020,3,0.05,68400.0,17400.0
ORD008086,PROD0020,3,0.0,72000.0,21000.0
ORD008087,PROD0014,1,0.0,28000.0,9000.0
ORD008087,PROD0018,3,0.0,1950.0,960.0
ORD008088,PROD0002,4,0.05,247000.0,43000.0
ORD008088,PROD0001,2,0.05,161500.0,25500.0
ORD008089,PROD0022,1,0.0,900.0,450.0
ORD008090,PROD0001,2,0.0,170000.0,34000.0
ORD008091,PROD0014,2,0.0,56000.0,18000.0
ORD008091,PROD0010,1,0.0,22000.0,6000.0
ORD008092,PROD0011,1,0.0,12000.0,4500.0
ORD008093,PROD0004,5,0.0,6000.0,2750.0
ORD008093,PROD0006,2,0.05,4180.0,1780.0
ORD008094,PROD0021,1,0.15,1530.0,580.0
ORD008095,PROD0001,1,0.2,68000.0,0.0
ORD008095,PROD0006,2,0.0,4400.0,2000.0
ORD008095,PROD0012,2,0.0,36000.0,14000.0
ORD008096,PROD0007,2,0.05,41800.0,10800.0
ORD008097,PROD0012,1,0.15,15300.0,4300.0
ORD008098,PROD0015,2,0.0,17000.0,7000.0
ORD008099,PROD0020,2,0.05,45600.0,11600.0
ORD008100,PROD0020,4,0.0,96000.0,28000.0
ORD008101,PROD0021,1,0.1,1620.0,670.0
ORD008101,PROD0006,4,0.2,7040.0,2240.0
ORD008102,PROD0022,4,0.0,3600.0,1800.0
ORD008103,PROD0024,2,0.0,8400.0,4000.0
ORD008104,PROD0004,2,0.2,1920.0,620.0
ORD008104,PROD0010,1,0.0,22000.0,6000.0
ORD008105,PROD0026,1,0.1,4950.0,1750.0
ORD008106,PROD0017,1,0.0,450.0,230.0
ORD008106,PROD0019,2,0.1,27000.0,6000.0
ORD008106,PROD0020,3,0.0,72000.0,21000.0
ORD008107,PROD0019,2,0.1,27000.0,6000.0
ORD008108,PROD0019,1,0.2,12000.0,1500.0
ORD008109,PROD0003,1,0.1,94500.0,9500.0
ORD008109,PROD0002,1,0.0,65000.0,14000.0
ORD008110,PROD0008,1,0.05,14250.0,3750.0
ORD008110,PROD0022,1,0.1,810.0,360.0
ORD008111,PROD0013,2,0.1,28800.0,8800.0
ORD008112,PROD0011,1,0.0,12000.0,4500.0
ORD008113,PROD0004,1,0.2,960.0,310.0
ORD008114,PROD0028,1,0.2,1440.0,490.0
ORD008115,PROD0007,4,0.1,79200.0,17200.0
ORD008116,PROD0011,2,0.1,21600.0,6600.0
ORD008116,PROD0003,2,0.1,189000.0,19000.0
ORD008117,PROD0024,2,0.0,8400.0,4000.0
ORD008118,PROD0019,1,0.15,12750.0,2250.0
ORD008118,PROD0015,3,0.15,21675.0,6675.0
ORD008118,PROD0021,2,0.05,3420.0,1520.0
ORD008118,PROD0002,1,0.1,58500.0,7500.0
ORD008119,PROD0001,1,0.0,85000.0,17000.0
ORD008120,PROD0027,1,0.15,5525.0,1625.0
ORD008121,PROD0025,2,0.15,5950.0,2350.0
ORD008121,PROD0023,4,0.0,10000.0,4800.0
ORD008121,PROD0014,2,0.0,56000.0,18000.0
ORD008122,PROD0027,2,0.0,13000.0,5200.0
ORD008122,PROD0009,3,0.0,165000.0,39000.0
ORD008123,PROD0023,3,0.1,6750.0,2850.0
ORD008124,PROD0012,2,0.15,30600.0,8600.0
ORD008124,PROD0018,1,0.0,650.0,320.0
ORD008124,PROD0013,1,0.05,15200.0,5200.0
ORD008124,PROD0006,1,0.1,1980.0,780.0
ORD008125,PROD0028,1,0.0,1800.0,850.0
ORD008126,PROD0010,1,0.0,22000.0,6000.0
ORD008127,PROD0011,3,0.05,34200.0,11700.0
ORD008128,PROD0023,1,0.15,2125.0,825.0
ORD008129,PROD0004,3,0.0,3600.0,1650.0
ORD008129,PROD0011,1,0.0,12000.0,4500.0
ORD008130,PROD0006,1,0.15,1870.0,670.0
ORD008130,PROD0009,2,0.1,99000.0,15000.0
ORD008130,PROD0008,4,0.0,60000.0,18000.0
ORD008131,PROD0026,1,0.0,5500.0,2300.0
ORD008131,PROD0023,1,0.15,2125.0,825.0
ORD008131,PROD0013,2,0.15,27200.0,7200.0
ORD008131,PROD0004,1,0.2,960.0,310.0
ORD008132,PROD0013,1,0.0,16000.0,6000.0
ORD008133,PROD0015,1,0.0,8500.0,3500.0
ORD008134,PROD0013,2,0.05,30400.0,10400.0
ORD008135,PROD0009,1,0.2,44000.0,2000.0
ORD008135,PROD0004,1,0.0,1200.0,550.0
ORD008136,PROD0001,3,0.0,255000.0,51000.0
ORD008136,PROD0028,3,0.2,4320.0,1470.0
ORD008137,PROD0002,3,0.1,175500.0,22500.0
ORD008138,PROD0025,1,0.1,3150.0,1350.0
ORD008138,PROD0019,1,0.1,13500.0,3000.0
ORD008138,PROD0005,1,0.0,4500.0,1800.0
ORD008139,PROD0007,1,0.15,18700.0,3200.0
ORD008139,PROD0015,1,0.15,7225.0,2225.0
ORD008140,PROD0021,5,0.05,8550.0,3800.0
ORD008141,PROD0016,1,0.05,6650.0,2450.0
ORD008141,PROD0006,1,0.05,2090.0,890.0
ORD008141,PROD0020,1,0.0,24000.0,7000.0
ORD008141,PROD0010,1,0.0,22000.0,6000.0
ORD008142,PROD0027,2,0.15,11050.0,3250.0
ORD008142,PROD0004,2,0.0,2400.0,1100.0
ORD008143,PROD0011,1,0.05,11400.0,3900.0
ORD008144,PROD0024,1,0.05,3990.0,1790.0
ORD008145,PROD0002,1,0.05,61750.0,10750.0
ORD008145,PROD0021,1,0.15,1530.0,580.0
ORD008145,PROD0005,2,0.1,8100.0,2700.0
ORD008146,PROD0027,3,0.15,16575.0,4875.0
ORD008146,PROD0014,1,0.15,23800.0,4800.0
ORD008146,PROD0025,1,0.1,3150.0,1350.0
ORD008147,PROD0014,3,0.0,84000.0,27000.0
ORD008147,PROD0020,4,0.2,76800.0,8800.0
ORD008148,PROD0004,2,0.1,2160.0,860.0
ORD008148,PROD0002,2,0.0,130000.0,28000.0
ORD008149,PROD0028,1,0.05,1710.0,760.0
ORD008150,PROD0016,2,0.0,14000.0,5600.0
ORD008150,PROD0023,2,0.2,4000.0,1400.0
ORD008151,PROD0009,1,0.2,44000.0,2000.0
ORD008152,PROD0005,2,0.15,7650.0,2250.0
ORD008153,PROD0003,1,0.2,84000.0,-1000.0
ORD008153,PROD0001,1,0.15,72250.0,4250.0
ORD008154,PROD0021,1,0.1,1620.0,670.0
ORD008154,PROD0006,1,0.15,1870.0,670.0
ORD008155,PROD0010,1,0.1,19800.0,3800.0
ORD008155,PROD0012,1,0.0,18000.0,7000.0
ORD008156,PROD0011,2,0.2,19200.0,4200.0
ORD008157,PROD0021,2,0.0,3600.0,1700.0
ORD008157,PROD0025,1,0.0,3500.0,1700.0
ORD008158,PROD0019,2,0.05,28500.0,7500.0
ORD008159,PROD0018,4,0.1,2340.0,1020.0
ORD008160,PROD0020,3,0.2,57600.0,6600.0
ORD008160,PROD0021,3,0.2,4320.0,1470.0
ORD008161,PROD0001,1,0.0,85000.0,17000.0
ORD008162,PROD0019,4,0.1,54000.0,12000.0
ORD008162,PROD0025,2,0.1,6300.0,2700.0
ORD008163,PROD0012,2,0.0,36000.0,14000.0
ORD008164,PROD0019,1,0.1,13500.0,3000.0
ORD008165,PROD0001,2,0.05,161500.0,25500.0
ORD008166,PROD0007,1,0.1,19800.0,4300.0
ORD008167,PROD0011,1,0.1,10800.0,3300.0
ORD008167,PROD0008,1,0.0,15000.0,4500.0
ORD008167,PROD0001,4,0.2,272000.0,0.0
ORD008168,PROD0015,1,0.05,8075.0,3075.0
ORD008168,PROD0002,2,0.0,130000.0,28000.0
ORD008168,PROD0012,1,0.0,18000.0,7000.0
ORD008169,PROD0025,1,0.2,2800.0,1000.0
ORD008170,PROD0019,1,0.0,15000.0,4500.0
ORD008170,PROD0021,1,0.0,1800.0,850.0
ORD008171,PROD0005,1,0.1,4050.0,1350.0
ORD008171,PROD0023,1,0.0,2500.0,1200.0
ORD008171,PROD0012,2,0.2,28800.0,6800.0
ORD008172,PROD0001,1,0.05,80750.0,12750.0
ORD008172,PROD0010,1,0.0,22000.0,6000.0
ORD008172,PROD0025,1,0.15,2975.0,1175.0
ORD008172,PROD0003,3,0.0,315000.0,60000.0
ORD008173,PROD0025,4,0.0,14000.0,6800.0
ORD008173,PROD0027,2,0.0,13000.0,5200.0
ORD008174,PROD0017,1,0.0,450.0,230.0
ORD008174,PROD0025,2,0.2,5600.0,2000.0
ORD008175,PROD0003,1,0.15,89250.0,4250.0
ORD008176,PROD0027,1,0.0,6500.0,2600.0
ORD008177,PROD0008,3,0.05,42750.0,11250.0
ORD008178,PROD0028,1,0.0,1800.0,850.0
ORD008178,PROD0024,4,0.15,14280.0,5480.0
ORD008179,PROD0004,1,0.2,960.0,310.0
ORD008179,PROD0023,1,0.05,2375.0,1075.0
ORD008180,PROD0016,1,0.0,7000.0,2800.0
ORD008181,PROD0021,1,0.15,1530.0,580.0
ORD008182,PROD0001,1,0.0,85000.0,17000.0
ORD008182,PROD0010,1,0.0,22000.0,6000.0
ORD008183,PROD0011,4,0.15,40800.0,10800.0
ORD008184,PROD0028,1,0.05,1710.0,760.0
ORD008184,PROD0007,1,0.0,22000.0,6500.0
ORD008184,PROD0021,1,0.0,1800.0,850.0
ORD008184,PROD0025,1,0.1,3150.0,1350.0
ORD008185,PROD0008,1,0.0,15000.0,4500.0
ORD008186,PROD0014,1,0.05,26600.0,7600.0
ORD008187,PROD0015,1,0.0,8500.0,3500.0
ORD008188,PROD0020,4,0.2,76800.0,8800.0
ORD008189,PROD0022,1,0.0,900.0,450.0
ORD008190,PROD0005,1,0.0,4500.0,1800.0
ORD008191,PROD0004,1,0.2,960.0,310.0
ORD008192,PROD0003,3,0.1,283500.0,28500.0
ORD008193,PROD0001,1,0.2,68000.0,0.0
ORD008193,PROD0023,1,0.2,2000.0,700.0
ORD008194,PROD0004,4,0.05,4560.0,1960.0
ORD008195,PROD0002,2,0.05,123500.0,21500.0
ORD008195,PROD0026,2,0.0,11000.0,4600.0
ORD008195,PROD0021,3,0.0,5400.0,2550.0
ORD008196,PROD0013,1,0.2,12800.0,2800.0
ORD008197,PROD0010,4,0.2,70400.0,6400.0
ORD008198,PROD0006,1,0.0,2200.0,1000.0
ORD008199,PROD0017,2,0.0,900.0,460.0
ORD008200,PROD0009,2,0.1,99000.0,15000.0
ORD008201,PROD0019,1,0.15,12750.0,2250.0
ORD008202,PROD0023,1,0.2,2000.0,700.0
ORD008202,PROD0022,1,0.0,900.0,450.0
ORD008203,PROD0006,1,0.1,1980.0,780.0
ORD008204,PROD0006,1,0.0,2200.0,1000.0
ORD008204,PROD0020,1,0.0,24000.0,7000.0
ORD008205,PROD0001,4,0.0,340000.0,68000.0
ORD008206,PROD0022,2,0.0,1800.0,900.0
ORD008207,PROD0012,1,0.2,14400.0,3400.0
ORD008208,PROD0015,1,0.0,8500.0,3500.0
ORD008208,PROD0009,2,0.05,104500.0,20500.0
ORD008208,PROD0012,2,0.15,30600.0,8600.0
ORD008209,PROD0013,1,0.2,12800.0,2800.0
ORD008210,PROD0024,1,0.0,4200.0,2000.0
ORD008210,PROD0019,2,0.1,27000.0,6000.0
ORD008210,PROD0004,2,0.0,2400.0,1100.0
ORD008211,PROD0011,2,0.0,24000.0,9000.0
ORD008212,PROD0028,1,0.0,1800.0,850.0
ORD008213,PROD0009,1,0.0,55000.0,13000.0
ORD008213,PROD0016,2,0.0,14000.0,5600.0
ORD008214,PROD0009,1,0.0,55000.0,13000.0
ORD008215,PROD0014,1,0.05,26600.0,7600.0
ORD008215,PROD0011,1,0.05,11400.0,3900.0
ORD008216,PROD0013,1,0.0,16000.0,6000.0
ORD008217,PROD0001,1,0.05,80750.0,12750.0
ORD008217,PROD0015,3,0.15,21675.0,6675.0
ORD008217,PROD0006,1,0.0,2200.0,1000.0
ORD008218,PROD0007,3,0.1,59400.0,12900.0
ORD008218,PROD0003,2,0.2,168000.0,-2000.0
ORD008219,PROD0015,1,0.05,8075.0,3075.0
ORD008220,PROD0024,2,0.0,8400.0,4000.0
ORD008221,PROD0024,1,0.2,3360.0,1160.0
ORD008222,PROD0025,2,0.0,7000.0,3400.0
ORD008223,PROD0017,1,0.15,382.5,162.5
ORD008224,PROD0028,1,0.05,1710.0,760.0
ORD008225,PROD0025,1,0.2,2800.0,1000.0
ORD008225,PROD0026,2,0.0,11000.0,4600.0
ORD008226,PROD0004,1,0.2,960.0,310.0
ORD008227,PROD0020,3,0.05,68400.0,17400.0
ORD008227,PROD0028,1,0.1,1620.0,670.0
ORD008228,PROD0010,5,0.2,88000.0,8000.0
ORD008228,PROD0022,1,0.1,810.0,360.0
ORD008229,PROD0028,1,0.15,1530.0,580.0
ORD008230,PROD0006,1,0.05,2090.0,890.0
ORD008230,PROD0028,4,0.15,6120.0,2320.0
ORD008231,PROD0002,2,0.05,123500.0,21500.0
ORD008232,PROD0007,1,0.1,19800.0,4300.0
ORD008232,PROD0005,4,0.1,16200.0,5400.0
ORD008233,PROD0017,1,0.0,450.0,230.0
ORD008233,PROD0003,1,0.0,105000.0,20000.0
ORD008233,PROD0001,4,0.05,323000.0,51000.0
ORD008234,PROD0013,2,0.15,27200.0,7200.0
ORD008235,PROD0023,2,0.0,5000.0,2400.0
ORD008235,PROD0026,1,0.0,5500.0,2300.0
ORD008235,PROD0018,1,0.0,650.0,320.0
ORD008236,PROD0026,1,0.0,5500.0,2300.0
ORD008237,PROD0017,3,0.0,1350.0,690.0
ORD008237,PROD0014,1,0.05,26600.0,7600.0
ORD008238,PROD0014,4,0.05,106400.0,30400.0
ORD008239,PROD0001,1,0.05,80750.0,12750.0
ORD008239,PROD0024,1,0.0,4200.0,2000.0
ORD008239,PROD0005,1,0.2,3600.0,900.0
ORD008239,PROD0022,1,0.1,810.0,360.0
ORD008240,PROD0026,1,0.1,4950.0,1750.0
ORD008241,PROD0013,2,0.0,32000.0,12000.0
ORD008242,PROD0028,1,0.15,1530.0,580.0
ORD008243,PROD0006,1,0.1,1980.0,780.0
ORD008243,PROD0019,2,0.2,24000.0,3000.0
ORD008243,PROD0001,1,0.15,72250.0,4250.0
ORD008244,PROD0027,4,0.0,26000.0,10400.0
ORD008244,PROD0020,1,0.2,19200.0,2200.0
ORD008245,PROD0028,1,0.0,1800.0,850.0
ORD008246,PROD0026,2,0.0,11000.0,4600.0
ORD008246,PROD0003,2,0.15,178500.0,8500.0
ORD008247,PROD0014,1,0.1,25200.0,6200.0
ORD008248,PROD0019,1,0.0,15000.0,4500.0
ORD008249,PROD0007,2,0.15,37400.0,6400.0
ORD008249,PROD0019,1,0.0,15000.0,4500.0
ORD008250,PROD0021,1,0.0,1800.0,850.0
ORD008250,PROD0017,3,0.0,1350.0,690.0
ORD008250,PROD0008,1,0.0,15000.0,4500.0
ORD008250,PROD0006,1,0.15,1870.0,670.0
ORD008251,PROD0022,3,0.0,2700.0,1350.0
ORD008252,PROD0020,4,0.0,96000.0,28000.0
ORD008252,PROD0022,1,0.2,720.0,270.0
ORD008253,PROD0020,1,0.05,22800.0,5800.0
ORD008254,PROD0014,2,0.2,44800.0,6800.0
ORD008254,PROD0028,1,0.15,1530.0,580.0
ORD008254,PROD0022,1,0.0,900.0,450.0
ORD008255,PROD0012,2,0.15,30600.0,8600.0
ORD008255,PROD0009,1,0.05,52250.0,10250.0
ORD008255,PROD0022,3,0.15,2295.0,945.0
ORD008256,PROD0011,2,0.0,24000.0,9000.0
ORD008256,PROD0008,4,0.05,57000.0,15000.0
ORD008257,PROD0028,1,0.1,1620.0,670.0
ORD008257,PROD0025,1,0.05,3325.0,1525.0
ORD008258,PROD0008,1,0.15,12750.0,2250.0
ORD008258,PROD0002,1,0.05,61750.0,10750.0
ORD008259,PROD0025,1,0.0,3500.0,1700.0
ORD008260,PROD0014,4,0.0,112000.0,36000.0
ORD008260,PROD0024,1,0.0,4200.0,2000.0
ORD008261,PROD0013,1,0.05,15200.0,5200.0
ORD008261,PROD0018,4,0.1,2340.0,1020.0
ORD008261,PROD0021,5,0.0,9000.0,4250.0
ORD008262,PROD0012,1,0.2,14400.0,3400.0
ORD008262,PROD0015,1,0.0,8500.0,3500.0
ORD008263,PROD0024,1,0.1,3780.0,1580.0
ORD008263,PROD0003,1,0.1,94500.0,9500.0
ORD008264,PROD0004,3,0.0,3600.0,1650.0
ORD008265,PROD0016,1,0.0,7000.0,2800.0
ORD008265,PROD0008,4,0.15,51000.0,9000.0
ORD008266,PROD0015,2,0.15,14450.0,4450.0
ORD008267,PROD0005,1,0.0,4500.0,1800.0
ORD008267,PROD0016,3,0.1,18900.0,6300.0
ORD008268,PROD0026,3,0.0,16500.0,6900.0
ORD008269,PROD0012,2,0.2,28800.0,6800.0
ORD008270,PROD0016,1,0.0,7000.0,2800.0
ORD008271,PROD0011,2,0.15,20400.0,5400.0
ORD008271,PROD0018,1,0.0,650.0,320.0
ORD008272,PROD0018,1,0.0,650.0,320.0
ORD008273,PROD0027,2,0.0,13000.0,5200.0
ORD008273,PROD0008,2,0.1,27000.0,6000.0
ORD008274,PROD0027,1,0.05,6175.0,2275.0
ORD008275,PROD0012,3,0.2,43200.0,10200.0
ORD008275,PROD0024,2,0.0,8400.0,4000.0
ORD008275,PROD0026,2,0.0,11000.0,4600.0
ORD008276,PROD0014,2,0.1,50400.0,12400.0
ORD008277,PROD0016,1,0.0,7000.0,2800.0
ORD008277,PROD0021,4,0.0,7200.0,3400.0
ORD008277,PROD0005,1,0.0,4500.0,1800.0
ORD008278,PROD0026,2,0.2,8800.0,2400.0
ORD008279,PROD0016,3,0.05,19950.0,7350.0
ORD008280,PROD0003,1,0.15,89250.0,4250.0
ORD008281,PROD0010,2,0.0,44000.0,12000.0
ORD008281,PROD0025,4,0.2,11200.0,4000.0
ORD008282,PROD0013,1,0.15,13600.0,3600.0
ORD008282,PROD0017,1,0.1,405.0,185.0
ORD008283,PROD0010,1,0.2,17600.0,1600.0
ORD008283,PROD0028,3,0.15,4590.0,1740.0
ORD008283,PROD0016,4,0.0,28000.0,11200.0
ORD008284,PROD0009,1,0.15,46750.0,4750.0
ORD008284,PROD0002,2,0.15,110500.0,8500.0
ORD008284,PROD0019,2,0.2,24000.0,3000.0
ORD008284,PROD0014,2,0.0,56000.0,18000.0
ORD008285,PROD0026,1,0.05,5225.0,2025.0
ORD008286,PROD0027,3,0.0,19500.0,7800.0
ORD008286,PROD0026,1,0.0,5500.0,2300.0
ORD008286,PROD0010,1,0.1,19800.0,3800.0
ORD008287,PROD0013,3,0.2,38400.0,8400.0
ORD008288,PROD0020,1,0.05,22800.0,5800.0
ORD008289,PROD0006,2,0.1,3960.0,1560.0
ORD008289,PROD0025,2,0.2,5600.0,2000.0
ORD008289,PROD0015,5,0.0,42500.0,17500.0
ORD008290,PROD0026,1,0.0,5500.0,2300.0
ORD008291,PROD0007,2,0.0,44000.0,13000.0
ORD008291,PROD0003,1,0.05,99750.0,14750.0
ORD008291,PROD0019,2,0.0,30000.0,9000.0
ORD008291,PROD0014,2,0.0,56000.0,18000.0
ORD008292,PROD0016,2,0.1,12600.0,4200.0
ORD008293,PROD0014,1,0.0,28000.0,9000.0
ORD008294,PROD0019,1,0.15,12750.0,2250.0
ORD008294,PROD0003,1,0.0,105000.0,20000.0
ORD008294,PROD0021,1,0.1,1620.0,670.0
ORD008295,PROD0018,4,0.2,2080.0,760.0
ORD008295,PROD0007,2,0.2,35200.0,4200.0
ORD008296,PROD0012,1,0.2,14400.0,3400.0
ORD008297,PROD0013,1,0.15,13600.0,3600.0
ORD008298,PROD0002,1,0.15,55250.0,4250.0
ORD008299,PROD0013,3,0.1,43200.0,13200.0
ORD008299,PROD0012,1,0.0,18000.0,7000.0
ORD008300,PROD0009,1,0.05,52250.0,10250.0
ORD008301,PROD0017,1,0.2,360.0,140.0
ORD008301,PROD0013,1,0.0,16000.0,6000.0
ORD008302,PROD0028,1,0.15,1530.0,580.0
ORD008303,PROD0001,1,0.15,72250.0,4250.0
ORD008303,PROD0025,2,0.05,6650.0,3050.0
ORD008303,PROD0013,2,0.0,32000.0,12000.0
ORD008303,PROD0026,2,0.0,11000.0,4600.0
ORD008304,PROD0021,1,0.1,1620.0,670.0
ORD008305,PROD0001,3,0.0,255000.0,51000.0
ORD008305,PROD0007,1,0.05,20900.0,5400.0
ORD008306,PROD0018,1,0.05,617.5,287.5
ORD008306,PROD0015,1,0.2,6800.0,1800.0
ORD008306,PROD0028,2,0.05,3420.0,1520.0
ORD008306,PROD0006,1,0.05,2090.0,890.0
ORD008307,PROD0001,3,0.15,216750.0,12750.0
ORD008307,PROD0022,2,0.2,1440.0,540.0
ORD008308,PROD0013,1,0.0,16000.0,6000.0
ORD008309,PROD0016,1,0.0,7000.0,2800.0
ORD008309,PROD0004,1,0.0,1200.0,550.0
ORD008309,PROD0005,1,0.05,4275.0,1575.0
ORD008310,PROD0020,1,0.15,20400.0,3400.0
ORD008310,PROD0018,2,0.15,1105.0,445.0
ORD008311,PROD0022,1,0.1,810.0,360.0
ORD008312,PROD0004,1,0.2,960.0,310.0
ORD008312,PROD0027,1,0.0,6500.0,2600.0
ORD008313,PROD0005,4,0.2,14400.0,3600.0
ORD008314,PROD0018,3,0.15,1657.5,667.5
ORD008314,PROD0013,1,0.0,16000.0,6000.0
ORD008315,PROD0001,2,0.0,170000.0,34000.0
ORD008316,PROD0019,4,0.2,48000.0,6000.0
ORD008317,PROD0019,1,0.1,13500.0,3000.0
ORD008318,PROD0010,1,0.0,22000.0,6000.0
ORD008319,PROD0013,2,0.2,25600.0,5600.0
ORD008319,PROD0001,2,0.0,170000.0,34000.0
ORD008320,PROD0010,5,0.05,104500.0,24500.0
ORD008320,PROD0001,2,0.2,136000.0,0.0
ORD008321,PROD0007,1,0.0,22000.0,6500.0
ORD008322,PROD0022,3,0.05,2565.0,1215.0
ORD008322,PROD0015,1,0.05,8075.0,3075.0
ORD008323,PROD0020,1,0.0,24000.0,7000.0
ORD008324,PROD0008,2,0.0,30000.0,9000.0
ORD008325,PROD0001,3,0.2,204000.0,0.0
ORD008325,PROD0004,2,0.2,1920.0,620.0
ORD008326,PROD0002,2,0.0,130000.0,28000.0
ORD008327,PROD0013,3,0.1,43200.0,13200.0
ORD008327,PROD0011,2,0.1,21600.0,6600.0
ORD008328,PROD0013,2,0.15,27200.0,7200.0
ORD008329,PROD0023,1,0.0,2500.0,1200.0
ORD008330,PROD0020,3,0.1,64800.0,13800.0
ORD008330,PROD0008,1,0.15,12750.0,2250.0
ORD008331,PROD0001,1,0.15,72250.0,4250.0
ORD008332,PROD0013,2,0.05,30400.0,10400.0
ORD008333,PROD0020,1,0.0,24000.0,7000.0
ORD008333,PROD0028,1,0.0,1800.0,850.0
ORD008334,PROD0002,4,0.0,260000.0,56000.0
ORD008334,PROD0003,2,0.2,168000.0,-2000.0
ORD008335,PROD0016,1,0.0,7000.0,2800.0
ORD008336,PROD0015,1,0.05,8075.0,3075.0
ORD008336,PROD0013,1,0.0,16000.0,6000.0
ORD008337,PROD0004,1,0.05,1140.0,490.0
ORD008338,PROD0024,1,0.2,3360.0,1160.0
ORD008338,PROD0001,1,0.0,85000.0,17000.0
ORD008338,PROD0023,1,0.15,2125.0,825.0
ORD008339,PROD0026,5,0.15,23375.0,7375.0
ORD008339,PROD0019,2,0.0,30000.0,9000.0
ORD008340,PROD0019,1,0.0,15000.0,4500.0
ORD008341,PROD0028,1,0.15,1530.0,580.0
ORD008342,PROD0014,3,0.1,75600.0,18600.0
ORD008342,PROD0003,2,0.15,178500.0,8500.0
ORD008343,PROD0002,3,0.05,185250.0,32250.0
ORD008344,PROD0023,1,0.1,2250.0,950.0
ORD008344,PROD0022,1,0.1,810.0,360.0
ORD008345,PROD0018,1,0.2,520.0,190.0
ORD008346,PROD0023,1,0.0,2500.0,1200.0
ORD008346,PROD0019,3,0.2,36000.0,4500.0
ORD008346,PROD0004,1,0.05,1140.0,490.0
ORD008347,PROD0012,1,0.0,18000.0,7000.0
ORD008348,PROD0003,1,0.1,94500.0,9500.0
ORD008348,PROD0017,2,0.1,810.0,370.0
ORD008349,PROD0026,4,0.1,19800.0,7000.0
ORD008350,PROD0016,3,0.0,21000.0,8400.0
ORD008351,PROD0017,2,0.05,855.0,415.0
ORD008352,PROD0005,3,0.15,11475.0,3375.0
ORD008352,PROD0009,5,0.05,261250.0,51250.0
ORD008352,PROD0002,1,0.0,65000.0,14000.0
ORD008353,PROD0019,2,0.1,27000.0,6000.0
ORD008354,PROD0016,1,0.15,5950.0,1750.0
ORD008355,PROD0016,3,0.15,17850.0,5250.0
ORD008356,PROD0020,2,0.15,40800.0,6800.0
ORD008356,PROD0001,1,0.1,76500.0,8500.0
ORD008357,PROD0020,3,0.0,72000.0,21000.0
ORD008357,PROD0018,3,0.2,1560.0,570.0
ORD008357,PROD0025,1,0.05,3325.0,1525.0
ORD008358,PROD0003,2,0.0,210000.0,40000.0
ORD008359,PROD0006,2,0.15,3740.0,1340.0
ORD008360,PROD0016,1,0.15,5950.0,1750.0
ORD008361,PROD0027,1,0.0,6500.0,2600.0
ORD008362,PROD0010,1,0.2,17600.0,1600.0
ORD008363,PROD0006,1,0.1,1980.0,780.0
ORD008364,PROD0018,1,0.0,650.0,320.0
ORD008365,PROD0026,4,0.1,19800.0,7000.0
ORD008366,PROD0023,1,0.0,2500.0,1200.0
ORD008367,PROD0008,3,0.0,45000.0,13500.0
ORD008367,PROD0018,3,0.2,1560.0,570.0
ORD008368,PROD0027,1,0.0,6500.0,2600.0
ORD008369,PROD0023,2,0.0,5000.0,2400.0
ORD008369,PROD0017,1,0.2,360.0,140.0
ORD008370,PROD0008,2,0.0,30000.0,9000.0
ORD008371,PROD0017,3,0.1,1215.0,555.0
ORD008371,PROD0016,1,0.05,6650.0,2450.0
ORD008372,PROD0024,1,0.0,4200.0,2000.0
ORD008373,PROD0017,1,0.0,450.0,230.0
ORD008373,PROD0016,2,0.0,14000.0,5600.0
ORD008373,PROD0022,1,0.05,855.0,405.0
ORD008374,PROD0024,2,0.0,8400.0,4000.0
ORD008374,PROD0015,1,0.05,8075.0,3075.0
ORD008375,PROD0024,3,0.1,11340.0,4740.0
ORD008375,PROD0002,2,0.0,130000.0,28000.0
ORD008375,PROD0020,1,0.2,19200.0,2200.0
ORD008376,PROD0019,1,0.1,13500.0,3000.0
ORD008376,PROD0020,1,0.0,24000.0,7000.0
ORD008376,PROD0003,4,0.0,420000.0,80000.0
ORD008377,PROD0023,1,0.15,2125.0,825.0
ORD008378,PROD0018,2,0.0,1300.0,640.0
ORD008379,PROD0004,2,0.0,2400.0,1100.0
ORD008379,PROD0026,1,0.0,5500.0,2300.0
ORD008380,PROD0007,1,0.0,22000.0,6500.0
ORD008380,PROD0009,1,0.1,49500.0,7500.0
ORD008381,PROD0012,1,0.0,18000.0,7000.0
ORD008381,PROD0026,1,0.1,4950.0,1750.0
ORD008382,PROD0021,1,0.0,1800.0,850.0
ORD008382,PROD0027,5,0.1,29250.0,9750.0
ORD008383,PROD0009,1,0.0,55000.0,13000.0
ORD008383,PROD0018,1,0.2,520.0,190.0
ORD008384,PROD0026,2,0.05,10450.0,4050.0
ORD008384,PROD0028,1,0.2,1440.0,490.0
ORD008385,PROD0001,2,0.05,161500.0,25500.0
ORD008386,PROD0027,1,0.2,5200.0,1300.0
ORD008386,PROD0011,1,0.05,11400.0,3900.0
ORD008387,PROD0017,2,0.1,810.0,370.0
ORD008388,PROD0015,2,0.1,15300.0,5300.0
ORD008389,PROD0007,1,0.05,20900.0,5400.0
ORD008390,PROD0026,3,0.0,16500.0,6900.0
ORD008391,PROD0022,4,0.2,2880.0,1080.0
ORD008392,PROD0004,4,0.1,4320.0,1720.0
ORD008393,PROD0026,1,0.0,5500.0,2300.0
ORD008393,PROD0016,1,0.2,5600.0,1400.0
ORD008394,PROD0003,1,0.2,84000.0,-1000.0
ORD008394,PROD0014,3,0.15,71400.0,14400.0
ORD008394,PROD0018,1,0.15,552.5,222.5
ORD008394,PROD0023,1,0.0,2500.0,1200.0
ORD008395,PROD0023,1,0.0,2500.0,1200.0
ORD008395,PROD0020,2,0.0,48000.0,14000.0
ORD008396,PROD0020,2,0.0,48000.0,14000.0
ORD008397,PROD0028,1,0.0,1800.0,850.0
ORD008397,PROD0006,1,0.05,2090.0,890.0
ORD008398,PROD0026,4,0.0,22000.0,9200.0
ORD008399,PROD0021,1,0.1,1620.0,670.0
ORD008400,PROD0028,4,0.0,7200.0,3400.0
ORD008400,PROD0010,1,0.05,20900.0,4900.0
ORD008400,PROD0006,3,0.05,6270.0,2670.0
ORD008401,PROD0007,1,0.15,18700.0,3200.0
ORD008402,PROD0021,3,0.05,5130.0,2280.0
ORD008402,PROD0026,3,0.15,14025.0,4425.0
ORD008402,PROD0010,2,0.2,35200.0,3200.0
ORD008403,PROD0012,1,0.1,16200.0,5200.0
ORD008404,PROD0018,1,0.0,650.0,320.0
ORD008404,PROD0007,4,0.0,88000.0,26000.0
ORD008405,PROD0024,5,0.0,21000.0,10000.0
ORD008405,PROD0027,1,0.0,6500.0,2600.0
ORD008406,PROD0023,4,0.15,8500.0,3300.0
ORD008407,PROD0009,1,0.0,55000.0,13000.0
ORD008407,PROD0007,1,0.1,19800.0,4300.0
ORD008408,PROD0012,1,0.1,16200.0,5200.0
ORD008409,PROD0017,2,0.15,765.0,325.0
ORD008410,PROD0026,1,0.0,5500.0,2300.0
ORD008410,PROD0027,2,0.0,13000.0,5200.0
ORD008410,PROD0016,1,0.1,6300.0,2100.0
ORD008411,PROD0028,2,0.0,3600.0,1700.0
ORD008411,PROD0004,1,0.0,1200.0,550.0
ORD008411,PROD0017,2,0.15,765.0,325.0
ORD008411,PROD0018,2,0.0,1300.0,640.0
ORD008412,PROD0012,1,0.0,18000.0,7000.0
ORD008413,PROD0028,1,0.0,1800.0,850.0
ORD008413,PROD0006,3,0.0,6600.0,3000.0
ORD008414,PROD0020,1,0.15,20400.0,3400.0
ORD008415,PROD0009,4,0.0,220000.0,52000.0
ORD008416,PROD0013,1,0.1,14400.0,4400.0
ORD008417,PROD0010,1,0.0,22000.0,6000.0
ORD008417,PROD0005,1,0.05,4275.0,1575.0
ORD008418,PROD0001,2,0.1,153000.0,17000.0
ORD008418,PROD0028,1,0.0,1800.0,850.0
ORD008419,PROD0027,1,0.0,6500.0,2600.0
ORD008419,PROD0018,2,0.1,1170.0,510.0
ORD008420,PROD0007,2,0.0,44000.0,13000.0
ORD008421,PROD0001,3,0.05,242250.0,38250.0
ORD008422,PROD0011,3,0.0,36000.0,13500.0
ORD008422,PROD0015,2,0.1,15300.0,5300.0
ORD008423,PROD0004,1,0.0,1200.0,550.0
ORD008424,PROD0027,1,0.1,5850.0,1950.0
ORD008425,PROD0028,1,0.2,1440.0,490.0
ORD008426,PROD0028,4,0.2,5760.0,1960.0
ORD008426,PROD0025,1,0.0,3500.0,1700.0
ORD008427,PROD0023,4,0.0,10000.0,4800.0
ORD008427,PROD0014,2,0.0,56000.0,18000.0
ORD008427,PROD0019,2,0.0,30000.0,9000.0
ORD008427,PROD0011,1,0.0,12000.0,4500.0
ORD008428,PROD0021,1,0.05,1710.0,760.0
ORD008429,PROD0002,1,0.0,65000.0,14000.0
ORD008430,PROD0017,1,0.05,427.5,207.5
ORD008431,PROD0003,1,0.0,105000.0,20000.0
ORD008431,PROD0013,5,0.0,80000.0,30000.0
ORD008432,PROD0028,4,0.0,7200.0,3400.0
ORD008433,PROD0008,1,0.2,12000.0,1500.0
ORD008433,PROD0014,3,0.0,84000.0,27000.0
ORD008434,PROD0006,1,0.15,1870.0,670.0
ORD008434,PROD0008,2,0.05,28500.0,7500.0
ORD008434,PROD0011,2,0.15,20400.0,5400.0
ORD008435,PROD0004,1,0.1,1080.0,430.0
ORD008436,PROD0018,2,0.0,1300.0,640.0
ORD008437,PROD0023,1,0.0,2500.0,1200.0
ORD008438,PROD0003,2,0.0,210000.0,40000.0
ORD008439,PROD0017,1,0.2,360.0,140.0
ORD008439,PROD0003,2,0.05,199500.0,29500.0
ORD008439,PROD0009,2,0.15,93500.0,9500.0
ORD008440,PROD0005,1,0.0,4500.0,1800.0
ORD008441,PROD0009,1,0.15,46750.0,4750.0
ORD008442,PROD0015,1,0.15,7225.0,2225.0
ORD008442,PROD0013,1,0.0,16000.0,6000.0
ORD008442,PROD0017,2,0.05,855.0,415.0
ORD008443,PROD0027,1,0.0,6500.0,2600.0
ORD008443,PROD0009,2,0.0,110000.0,26000.0
ORD008444,PROD0007,4,0.2,70400.0,8400.0
ORD008445,PROD0008,1,0.0,15000.0,4500.0
ORD008446,PROD0024,1,0.05,3990.0,1790.0
ORD008447,PROD0022,1,0.0,900.0,450.0
ORD008448,PROD0021,1,0.0,1800.0,850.0
ORD008449,PROD0027,5,0.0,32500.0,13000.0
ORD008449,PROD0002,2,0.2,104000.0,2000.0
ORD008450,PROD0003,1,0.2,84000.0,-1000.0
ORD008450,PROD0019,1,0.0,15000.0,4500.0
ORD008451,PROD0012,1,0.05,17100.0,6100.0
ORD008452,PROD0017,1,0.15,382.5,162.5
ORD008452,PROD0004,2,0.0,2400.0,1100.0
ORD008453,PROD0012,1,0.05,17100.0,6100.0
ORD008454,PROD0015,1,0.15,7225.0,2225.0
ORD008454,PROD0002,1,0.15,55250.0,4250.0
ORD008455,PROD0022,1,0.2,720.0,270.0
ORD008456,PROD0023,1,0.0,2500.0,1200.0
ORD008456,PROD0012,4,0.2,57600.0,13600.0
ORD008456,PROD0003,1,0.15,89250.0,4250.0
ORD008457,PROD0024,1,0.0,4200.0,2000.0
ORD008458,PROD0023,1,0.05,2375.0,1075.0
ORD008458,PROD0010,1,0.0,22000.0,6000.0
ORD008459,PROD0010,3,0.2,52800.0,4800.0
ORD008459,PROD0026,2,0.1,9900.0,3500.0
ORD008460,PROD0003,1,0.1,94500.0,9500.0
ORD008460,PROD0021,1,0.1,1620.0,670.0
ORD008460,PROD0005,1,0.0,4500.0,1800.0
ORD008461,PROD0018,2,0.0,1300.0,640.0
ORD008462,PROD0010,1,0.1,19800.0,3800.0
ORD008462,PROD0002,5,0.2,260000.0,5000.0
ORD008463,PROD0014,1,0.0,28000.0,9000.0
ORD008464,PROD0012,1,0.0,18000.0,7000.0
ORD008465,PROD0011,2,0.1,21600.0,6600.0
ORD008465,PROD0013,3,0.05,45600.0,15600.0
ORD008466,PROD0014,3,0.2,67200.0,10200.0
ORD008467,PROD0008,1,0.0,15000.0,4500.0
ORD008468,PROD0025,1,0.0,3500.0,1700.0
ORD008468,PROD0023,3,0.0,7500.0,3600.0
ORD008468,PROD0011,2,0.0,24000.0,9000.0
ORD008468,PROD0005,1,0.05,4275.0,1575.0
ORD008469,PROD0023,3,0.0,7500.0,3600.0
ORD008470,PROD0005,2,0.05,8550.0,3150.0
ORD008471,PROD0006,1,0.0,2200.0,1000.0
ORD008472,PROD0006,1,0.1,1980.0,780.0
ORD008473,PROD0010,2,0.1,39600.0,7600.0
ORD008473,PROD0028,2,0.05,3420.0,1520.0
ORD008473,PROD0003,1,0.1,94500.0,9500.0
ORD008474,PROD0010,1,0.15,18700.0,2700.0
ORD008475,PROD0015,1,0.0,8500.0,3500.0
ORD008476,PROD0015,1,0.0,8500.0,3500.0
ORD008476,PROD0008,2,0.05,28500.0,7500.0
ORD008477,PROD0017,1,0.1,405.0,185.0
ORD008477,PROD0015,1,0.2,6800.0,1800.0
ORD008478,PROD0007,3,0.15,56100.0,9600.0
ORD008478,PROD0024,1,0.0,4200.0,2000.0
ORD008479,PROD0011,3,0.2,28800.0,6300.0
ORD008480,PROD0021,2,0.1,3240.0,1340.0
ORD008481,PROD0011,1,0.0,12000.0,4500.0
ORD008482,PROD0002,1,0.1,58500.0,7500.0
ORD008483,PROD0010,1,0.1,19800.0,3800.0
ORD008484,PROD0018,2,0.15,1105.0,445.0
ORD008485,PROD0028,1,0.0,1800.0,850.0
ORD008486,PROD0010,1,0.2,17600.0,1600.0
ORD008486,PROD0024,3,0.0,12600.0,6000.0
ORD008486,PROD0005,2,0.15,7650.0,2250.0
ORD008487,PROD0007,1,0.05,20900.0,5400.0
ORD008488,PROD0016,2,0.0,14000.0,5600.0
ORD008489,PROD0012,4,0.1,64800.0,20800.0
ORD008490,PROD0028,1,0.1,1620.0,670.0
ORD008491,PROD0010,1,0.0,22000.0,6000.0
ORD008492,PROD0011,3,0.15,30600.0,8100.0
ORD008493,PROD0020,1,0.05,22800.0,5800.0
ORD008493,PROD0013,1,0.2,12800.0,2800.0
ORD008494,PROD0016,1,0.0,7000.0,2800.0
ORD008494,PROD0014,2,0.0,56000.0,18000.0
ORD008494,PROD0024,4,0.05,15960.0,7160.0
ORD008495,PROD0011,1,0.0,12000.0,4500.0
ORD008496,PROD0008,1,0.0,15000.0,4500.0
ORD008496,PROD0009,1,0.0,55000.0,13000.0
ORD008497,PROD0021,1,0.0,1800.0,850.0
ORD008498,PROD0009,1,0.1,49500.0,7500.0
ORD008499,PROD0008,2,0.05,28500.0,7500.0
ORD008500,PROD0013,1,0.0,16000.0,6000.0
ORD008500,PROD0018,1,0.0,650.0,320.0
ORD008501,PROD0009,1,0.2,44000.0,2000.0
ORD008502,PROD0002,2,0.2,104000.0,2000.0
ORD008502,PROD0021,2,0.05,3420.0,1520.0
ORD008503,PROD0012,1,0.0,18000.0,7000.0
ORD008504,PROD0007,2,0.05,41800.0,10800.0
ORD008504,PROD0001,3,0.0,255000.0,51000.0
ORD008505,PROD0004,1,0.2,960.0,310.0
ORD008506,PROD0024,1,0.05,3990.0,1790.0
ORD008507,PROD0028,1,0.0,1800.0,850.0
ORD008507,PROD0024,1,0.0,4200.0,2000.0
ORD008507,PROD0019,1,0.0,15000.0,4500.0
ORD008508,PROD0007,2,0.15,37400.0,6400.0
ORD008508,PROD0003,5,0.0,525000.0,100000.0
ORD008509,PROD0005,2,0.15,7650.0,2250.0
ORD008510,PROD0004,1,0.0,1200.0,550.0
ORD008511,PROD0016,1,0.15,5950.0,1750.0
ORD008512,PROD0018,4,0.15,2210.0,890.0
ORD008512,PROD0001,1,0.1,76500.0,8500.0
ORD008512,PROD0002,2,0.2,104000.0,2000.0
ORD008513,PROD0028,2,0.05,3420.0,1520.0
ORD008514,PROD0015,2,0.05,16150.0,6150.0
ORD008514,PROD0001,3,0.05,242250.0,38250.0
ORD008515,PROD0017,1,0.0,450.0,230.0
ORD008516,PROD0003,1,0.1,94500.0,9500.0
ORD008516,PROD0014,1,0.0,28000.0,9000.0
ORD008517,PROD0003,1,0.2,84000.0,-1000.0
ORD008517,PROD0022,1,0.15,765.0,315.0
ORD008517,PROD0006,1,0.2,1760.0,560.0
ORD008518,PROD0002,1,0.1,58500.0,7500.0
ORD008518,PROD0012,1,0.05,17100.0,6100.0
ORD008518,PROD0010,4,0.1,79200.0,15200.0
ORD008519,PROD0009,2,0.1,99000.0,15000.0
ORD008519,PROD0016,3,0.0,21000.0,8400.0
ORD008520,PROD0027,3,0.0,19500.0,7800.0
ORD008520,PROD0007,4,0.15,74800.0,12800.0
ORD008521,PROD0003,3,0.0,315000.0,60000.0
ORD008522,PROD0022,1,0.1,810.0,360.0
ORD008522,PROD0012,1,0.2,14400.0,3400.0
ORD008523,PROD0007,1,0.0,22000.0,6500.0
ORD008524,PROD0001,1,0.15,72250.0,4250.0
ORD008525,PROD0013,1,0.2,12800.0,2800.0
ORD008525,PROD0022,1,0.2,720.0,270.0
ORD008526,PROD0008,1,0.0,15000.0,4500.0
ORD008527,PROD0012,1,0.15,15300.0,4300.0
ORD008527,PROD0002,1,0.2,52000.0,1000.0
ORD008528,PROD0015,2,0.05,16150.0,6150.0
ORD008528,PROD0028,4,0.0,7200.0,3400.0
ORD008529,PROD0013,2,0.0,32000.0,12000.0
ORD008530,PROD0008,1,0.05,14250.0,3750.0
ORD008531,PROD0001,1,0.2,68000.0,0.0
ORD008531,PROD0027,2,0.0,13000.0,5200.0
ORD008532,PROD0002,1,0.0,65000.0,14000.0
ORD008533,PROD0013,2,0.0,32000.0,12000.0
ORD008533,PROD0009,4,0.15,187000.0,19000.0
ORD008534,PROD0009,4,0.1,198000.0,30000.0
ORD008534,PROD0028,2,0.05,3420.0,1520.0
ORD008535,PROD0012,1,0.0,18000.0,7000.0
ORD008536,PROD0003,1,0.1,94500.0,9500.0
ORD008536,PROD0015,4,0.0,34000.0,14000.0
ORD008537,PROD0008,1,0.0,15000.0,4500.0
ORD008538,PROD0013,1,0.0,16000.0,6000.0
ORD008539,PROD0009,1,0.0,55000.0,13000.0
ORD008540,PROD0020,1,0.0,24000.0,7000.0
ORD008541,PROD0027,3,0.0,19500.0,7800.0
ORD008542,PROD0006,3,0.0,6600.0,3000.0
ORD008542,PROD0009,3,0.05,156750.0,30750.0
ORD008542,PROD0001,1,0.2,68000.0,0.0
ORD008543,PROD0013,5,0.0,80000.0,30000.0
ORD008544,PROD0019,1,0.2,12000.0,1500.0
ORD008545,PROD0016,1,0.0,7000.0,2800.0
ORD008546,PROD0024,1,0.1,3780.0,1580.0
ORD008547,PROD0003,1,0.15,89250.0,4250.0
ORD008548,PROD0026,1,0.2,4400.0,1200.0
ORD008549,PROD0021,5,0.1,8100.0,3350.0
ORD008549,PROD0005,1,0.15,3825.0,1125.0
ORD008549,PROD0003,2,0.0,210000.0,40000.0
ORD008550,PROD0016,3,0.15,17850.0,5250.0
ORD008550,PROD0018,1,0.05,617.5,287.5
ORD008550,PROD0024,1,0.05,3990.0,1790.0
ORD008550,PROD0019,1,0.05,14250.0,3750.0
ORD008551,PROD0010,2,0.15,37400.0,5400.0
ORD008552,PROD0021,3,0.1,4860.0,2010.0
ORD008552,PROD0024,2,0.15,7140.0,2740.0
ORD008553,PROD0028,1,0.1,1620.0,670.0
ORD008554,PROD0005,3,0.0,13500.0,5400.0
ORD008554,PROD0015,1,0.0,8500.0,3500.0
ORD008555,PROD0026,1,0.05,5225.0,2025.0
ORD008555,PROD0012,1,0.2,14400.0,3400.0
ORD008556,PROD0002,2,0.1,117000.0,15000.0
ORD008557,PROD0008,3,0.1,40500.0,9000.0
ORD008558,PROD0009,3,0.1,148500.0,22500.0
ORD008559,PROD0024,1,0.0,4200.0,2000.0
ORD008560,PROD0015,2,0.0,17000.0,7000.0
ORD008561,PROD0010,4,0.05,83600.0,19600.0
ORD008562,PROD0026,1,0.05,5225.0,2025.0
ORD008562,PROD0022,1,0.05,855.0,405.0
ORD008562,PROD0010,3,0.1,59400.0,11400.0
ORD008563,PROD0004,1,0.0,1200.0,550.0
ORD008564,PROD0012,1,0.0,18000.0,7000.0
ORD008564,PROD0005,4,0.15,15300.0,4500.0
ORD008564,PROD0027,1,0.0,6500.0,2600.0
ORD008565,PROD0019,1,0.0,15000.0,4500.0
ORD008565,PROD0012,1,0.2,14400.0,3400.0
ORD008565,PROD0018,4,0.1,2340.0,1020.0
ORD008566,PROD0013,1,0.15,13600.0,3600.0
ORD008567,PROD0006,1,0.0,2200.0,1000.0
ORD008567,PROD0008,1,0.0,15000.0,4500.0
ORD008568,PROD0011,1,0.0,12000.0,4500.0
ORD008568,PROD0023,2,0.1,4500.0,1900.0
ORD008569,PROD0010,1,0.0,22000.0,6000.0
ORD008569,PROD0012,1,0.05,17100.0,6100.0
ORD008570,PROD0004,1,0.2,960.0,310.0
ORD008571,PROD0025,1,0.0,3500.0,1700.0
ORD008571,PROD0021,1,0.0,1800.0,850.0
ORD008572,PROD0007,1,0.0,22000.0,6500.0
ORD008572,PROD0002,1,0.0,65000.0,14000.0
ORD008573,PROD0015,2,0.15,14450.0,4450.0
ORD008573,PROD0012,1,0.2,14400.0,3400.0
ORD008573,PROD0009,2,0.2,88000.0,4000.0
ORD008574,PROD0015,4,0.2,27200.0,7200.0
ORD008574,PROD0025,2,0.0,7000.0,3400.0
ORD008575,PROD0011,2,0.0,24000.0,9000.0
ORD008576,PROD0015,1,0.1,7650.0,2650.0
ORD008576,PROD0013,1,0.2,12800.0,2800.0
ORD008577,PROD0019,1,0.05,14250.0,3750.0
ORD008578,PROD0026,2,0.0,11000.0,4600.0
ORD008578,PROD0012,2,0.0,36000.0,14000.0
ORD008578,PROD0011,2,0.05,22800.0,7800.0
ORD008579,PROD0003,2,0.05,199500.0,29500.0
ORD008580,PROD0004,1,0.0,1200.0,550.0
ORD008581,PROD0016,3,0.0,21000.0,8400.0
ORD008582,PROD0006,1,0.2,1760.0,560.0
ORD008582,PROD0027,2,0.0,13000.0,5200.0
ORD008582,PROD0022,1,0.0,900.0,450.0
ORD008583,PROD0023,1,0.05,2375.0,1075.0
ORD008583,PROD0026,1,0.0,5500.0,2300.0
ORD008584,PROD0004,1,0.0,1200.0,550.0
ORD008584,PROD0018,1,0.0,650.0,320.0
ORD008584,PROD0022,1,0.0,900.0,450.0
ORD008585,PROD0017,3,0.0,1350.0,690.0
ORD008585,PROD0024,2,0.1,7560.0,3160.0
ORD008586,PROD0006,1,0.05,2090.0,890.0
ORD008587,PROD0013,1,0.1,14400.0,4400.0
ORD008587,PROD0023,2,0.2,4000.0,1400.0
ORD008588,PROD0015,1,0.1,7650.0,2650.0
ORD008588,PROD0019,1,0.15,12750.0,2250.0
ORD008589,PROD0003,1,0.1,94500.0,9500.0
ORD008589,PROD0008,3,0.0,45000.0,13500.0
ORD008590,PROD0022,1,0.05,855.0,405.0
ORD008590,PROD0017,3,0.15,1147.5,487.5
ORD008590,PROD0015,2,0.15,14450.0,4450.0
ORD008590,PROD0024,1,0.2,3360.0,1160.0
ORD008591,PROD0014,3,0.05,79800.0,22800.0
ORD008592,PROD0022,2,0.05,1710.0,810.0
ORD008593,PROD0026,3,0.1,14850.0,5250.0
ORD008594,PROD0024,1,0.0,4200.0,2000.0
ORD008595,PROD0018,5,0.2,2600.0,950.0
ORD008596,PROD0021,1,0.05,1710.0,760.0
ORD008597,PROD0026,1,0.2,4400.0,1200.0
ORD008597,PROD0002,1,0.0,65000.0,14000.0
ORD008598,PROD0003,4,0.05,399000.0,59000.0
ORD008598,PROD0022,1,0.1,810.0,360.0
ORD008598,PROD0012,2,0.0,36000.0,14000.0
ORD008599,PROD0018,2,0.0,1300.0,640.0
ORD008600,PROD0026,2,0.05,10450.0,4050.0
ORD008601,PROD0018,1,0.0,650.0,320.0
ORD008601,PROD0016,2,0.0,14000.0,5600.0
ORD008601,PROD0007,1,0.0,22000.0,6500.0
ORD008601,PROD0009,2,0.05,104500.0,20500.0
ORD008602,PROD0015,1,0.05,8075.0,3075.0
ORD008602,PROD0012,2,0.0,36000.0,14000.0
ORD008602,PROD0022,1,0.0,900.0,450.0
ORD008603,PROD0026,4,0.2,17600.0,4800.0
ORD008604,PROD0006,1,0.0,2200.0,1000.0
ORD008604,PROD0022,2,0.2,1440.0,540.0
ORD008605,PROD0019,1,0.0,15000.0,4500.0
ORD008605,PROD0020,4,0.2,76800.0,8800.0
ORD008606,PROD0021,1,0.0,1800.0,850.0
ORD008606,PROD0020,1,0.05,22800.0,5800.0
ORD008606,PROD0027,1,0.0,6500.0,2600.0
ORD008607,PROD0021,1,0.15,1530.0,580.0
ORD008608,PROD0021,4,0.0,7200.0,3400.0
ORD008609,PROD0025,1,0.1,3150.0,1350.0
ORD008610,PROD0007,1,0.0,22000.0,6500.0
ORD008610,PROD0002,3,0.15,165750.0,12750.0
ORD008611,PROD0027,1,0.0,6500.0,2600.0
ORD008612,PROD0028,3,0.15,4590.0,1740.0
ORD008612,PROD0023,3,0.0,7500.0,3600.0
ORD008613,PROD0006,2,0.1,3960.0,1560.0
ORD008613,PROD0005,2,0.15,7650.0,2250.0
ORD008613,PROD0012,1,0.05,17100.0,6100.0
ORD008614,PROD0004,3,0.15,3060.0,1110.0
ORD008615,PROD0028,1,0.15,1530.0,580.0
ORD008615,PROD0012,1,0.05,17100.0,6100.0
ORD008616,PROD0026,1,0.05,5225.0,2025.0
ORD008616,PROD0002,1,0.0,65000.0,14000.0
ORD008617,PROD0021,4,0.05,6840.0,3040.0
ORD008617,PROD0001,1,0.0,85000.0,17000.0
ORD008617,PROD0012,1,0.0,18000.0,7000.0
ORD008618,PROD0016,1,0.2,5600.0,1400.0
ORD008618,PROD0025,3,0.0,10500.0,5100.0
ORD008619,PROD0025,1,0.15,2975.0,1175.0
ORD008619,PROD0023,1,0.2,2000.0,700.0
ORD008619,PROD0017,1,0.0,450.0,230.0
ORD008620,PROD0028,1,0.0,1800.0,850.0
ORD008621,PROD0019,2,0.05,28500.0,7500.0
ORD008622,PROD0010,1,0.15,18700.0,2700.0
ORD008623,PROD0003,4,0.05,399000.0,59000.0
ORD008623,PROD0019,3,0.2,36000.0,4500.0
ORD008624,PROD0015,1,0.0,8500.0,3500.0
ORD008624,PROD0023,1,0.2,2000.0,700.0
ORD008624,PROD0020,3,0.0,72000.0,21000.0
ORD008625,PROD0023,2,0.1,4500.0,1900.0
ORD008626,PROD0006,2,0.1,3960.0,1560.0
ORD008626,PROD0007,3,0.2,52800.0,6300.0
ORD008627,PROD0025,2,0.05,6650.0,3050.0
ORD008628,PROD0028,1,0.15,1530.0,580.0
ORD008629,PROD0024,1,0.0,4200.0,2000.0
ORD008630,PROD0010,4,0.0,88000.0,24000.0
ORD008630,PROD0008,2,0.0,30000.0,9000.0
ORD008630,PROD0003,3,0.0,315000.0,60000.0
ORD008630,PROD0002,1,0.0,65000.0,14000.0
ORD008631,PROD0016,3,0.0,21000.0,8400.0
ORD008631,PROD0021,2,0.15,3060.0,1160.0
ORD008631,PROD0028,1,0.2,1440.0,490.0
ORD008631,PROD0009,2,0.0,110000.0,26000.0
ORD008632,PROD0001,2,0.1,153000.0,17000.0
ORD008633,PROD0023,3,0.2,6000.0,2100.0
ORD008634,PROD0018,1,0.2,520.0,190.0
ORD008635,PROD0001,3,0.0,255000.0,51000.0
ORD008636,PROD0018,2,0.15,1105.0,445.0
ORD008637,PROD0002,4,0.15,221000.0,17000.0
ORD008638,PROD0012,2,0.0,36000.0,14000.0
ORD008638,PROD0001,4,0.15,289000.0,17000.0
ORD008638,PROD0026,1,0.1,4950.0,1750.0
ORD008638,PROD0028,1,0.15,1530.0,580.0
ORD008639,PROD0012,5,0.0,90000.0,35000.0
ORD008640,PROD0016,1,0.15,5950.0,1750.0
ORD008640,PROD0009,2,0.0,110000.0,26000.0
ORD008641,PROD0015,1,0.0,8500.0,3500.0
ORD008642,PROD0006,2,0.05,4180.0,1780.0
ORD008643,PROD0009,1,0.05,52250.0,10250.0
ORD008643,PROD0006,1,0.05,2090.0,890.0
ORD008643,PROD0027,1,0.15,5525.0,1625.0
ORD008643,PROD0011,5,0.15,51000.0,13500.0
ORD008644,PROD0016,1,0.0,7000.0,2800.0
ORD008644,PROD0010,3,0.1,59400.0,11400.0
ORD008645,PROD0026,1,0.0,5500.0,2300.0
ORD008646,PROD0014,3,0.0,84000.0,27000.0
ORD008646,PROD0026,1,0.0,5500.0,2300.0
ORD008646,PROD0003,1,0.15,89250.0,4250.0
ORD008647,PROD0004,1,0.15,1020.0,370.0
ORD008648,PROD0028,5,0.2,7200.0,2450.0
ORD008649,PROD0004,1,0.05,1140.0,490.0
ORD008649,PROD0023,1,0.15,2125.0,825.0
ORD008650,PROD0019,4,0.05,57000.0,15000.0
ORD008651,PROD0024,1,0.0,4200.0,2000.0
ORD008651,PROD0006,1,0.1,1980.0,780.0
ORD008652,PROD0006,2,0.0,4400.0,2000.0
ORD008653,PROD0007,1,0.0,22000.0,6500.0
ORD008654,PROD0002,3,0.0,195000.0,42000.0
ORD008655,PROD0007,1,0.0,22000.0,6500.0
ORD008656,PROD0010,2,0.2,35200.0,3200.0
ORD008656,PROD0001,1,0.1,76500.0,8500.0
ORD008657,PROD0010,4,0.2,70400.0,6400.0
ORD008657,PROD0005,1,0.0,4500.0,1800.0
ORD008658,PROD0016,2,0.2,11200.0,2800.0
ORD008658,PROD0006,5,0.05,10450.0,4450.0
ORD008659,PROD0005,2,0.0,9000.0,3600.0
ORD008659,PROD0026,1,0.1,4950.0,1750.0
ORD008659,PROD0016,2,0.0,14000.0,5600.0
ORD008660,PROD0002,1,0.05,61750.0,10750.0
ORD008661,PROD0007,1,0.0,22000.0,6500.0
ORD008662,PROD0016,2,0.0,14000.0,5600.0
ORD008662,PROD0003,2,0.15,178500.0,8500.0
ORD008663,PROD0010,2,0.2,35200.0,3200.0
ORD008664,PROD0009,4,0.0,220000.0,52000.0
ORD008664,PROD0005,1,0.05,4275.0,1575.0
ORD008665,PROD0025,3,0.05,9975.0,4575.0
ORD008665,PROD0003,2,0.2,168000.0,-2000.0
ORD008666,PROD0005,3,0.0,13500.0,5400.0
ORD008667,PROD0007,1,0.0,22000.0,6500.0
ORD008668,PROD0010,1,0.2,17600.0,1600.0
ORD008668,PROD0006,2,0.15,3740.0,1340.0
ORD008669,PROD0010,1,0.05,20900.0,4900.0
ORD008670,PROD0010,2,0.0,44000.0,12000.0
ORD008670,PROD0022,1,0.0,900.0,450.0
ORD008671,PROD0015,2,0.2,13600.0,3600.0
ORD008672,PROD0024,3,0.0,12600.0,6000.0
ORD008673,PROD0009,1,0.15,46750.0,4750.0
ORD008673,PROD0028,2,0.2,2880.0,980.0
ORD008674,PROD0004,1,0.15,1020.0,370.0
ORD008675,PROD0027,3,0.15,16575.0,4875.0
ORD008676,PROD0014,1,0.05,26600.0,7600.0
ORD008676,PROD0010,1,0.05,20900.0,4900.0
ORD008677,PROD0017,1,0.0,450.0,230.0
ORD008678,PROD0002,1,0.0,65000.0,14000.0
ORD008679,PROD0016,1,0.1,6300.0,2100.0
ORD008680,PROD0016,1,0.05,6650.0,2450.0
ORD008680,PROD0020,1,0.05,22800.0,5800.0
ORD008681,PROD0014,1,0.15,23800.0,4800.0
ORD008682,PROD0013,1,0.05,15200.0,5200.0
ORD008683,PROD0019,1,0.0,15000.0,4500.0
ORD008683,PROD0023,2,0.0,5000.0,2400.0
ORD008684,PROD0019,2,0.2,24000.0,3000.0
ORD008685,PROD0009,1,0.0,55000.0,13000.0
ORD008685,PROD0001,2,0.0,170000.0,34000.0
ORD008686,PROD0023,1,0.0,2500.0,1200.0
ORD008687,PROD0005,3,0.0,13500.0,5400.0
ORD008688,PROD0010,2,0.0,44000.0,12000.0
ORD008688,PROD0023,1,0.0,2500.0,1200.0
ORD008689,PROD0010,2,0.0,44000.0,12000.0
ORD008690,PROD0020,1,0.0,24000.0,7000.0
ORD008691,PROD0017,1,0.1,405.0,185.0
ORD008692,PROD0007,1,0.0,22000.0,6500.0
ORD008692,PROD0014,1,0.0,28000.0,9000.0
ORD008692,PROD0012,1,0.15,15300.0,4300.0
ORD008693,PROD0008,1,0.0,15000.0,4500.0
ORD008694,PROD0015,2,0.0,17000.0,7000.0
ORD008695,PROD0015,5,0.0,42500.0,17500.0
ORD008696,PROD0003,1,0.05,99750.0,14750.0
ORD008696,PROD0001,1,0.1,76500.0,8500.0
ORD008697,PROD0022,4,0.0,3600.0,1800.0
ORD008698,PROD0009,3,0.0,165000.0,39000.0
ORD008698,PROD0012,1,0.15,15300.0,4300.0
ORD008698,PROD0004,2,0.0,2400.0,1100.0
ORD008698,PROD0007,1,0.15,18700.0,3200.0
ORD008699,PROD0027,1,0.15,5525.0,1625.0
ORD008700,PROD0019,1,0.0,15000.0,4500.0
ORD008700,PROD0011,5,0.0,60000.0,22500.0
ORD008701,PROD0025,2,0.0,7000.0,3400.0
ORD008702,PROD0019,1,0.1,13500.0,3000.0
ORD008703,PROD0024,2,0.0,8400.0,4000.0
ORD008703,PROD0012,3,0.0,54000.0,21000.0
ORD008704,PROD0015,1,0.0,8500.0,3500.0
ORD008704,PROD0004,1,0.2,960.0,310.0
ORD008705,PROD0026,1,0.1,4950.0,1750.0
ORD008706,PROD0021,1,0.0,1800.0,850.0
ORD008707,PROD0018,1,0.0,650.0,320.0
ORD008708,PROD0012,1,0.0,18000.0,7000.0
ORD008709,PROD0010,1,0.2,17600.0,1600.0
ORD008710,PROD0020,1,0.0,24000.0,7000.0
ORD008710,PROD0004,3,0.15,3060.0,1110.0
ORD008711,PROD0003,1,0.2,84000.0,-1000.0
ORD008712,PROD0004,3,0.05,3420.0,1470.0
ORD008712,PROD0028,2,0.0,3600.0,1700.0
ORD008712,PROD0003,1,0.0,105000.0,20000.0
ORD008712,PROD0010,1,0.05,20900.0,4900.0
ORD008713,PROD0004,1,0.1,1080.0,430.0
ORD008714,PROD0009,1,0.0,55000.0,13000.0
ORD008714,PROD0012,1,0.15,15300.0,4300.0
ORD008715,PROD0013,1,0.0,16000.0,6000.0
ORD008715,PROD0015,2,0.0,17000.0,7000.0
ORD008716,PROD0026,3,0.2,13200.0,3600.0
ORD008717,PROD0024,3,0.0,12600.0,6000.0
ORD008718,PROD0009,2,0.05,104500.0,20500.0
ORD008719,PROD0013,1,0.1,14400.0,4400.0
ORD008720,PROD0007,4,0.2,70400.0,8400.0
ORD008721,PROD0006,1,0.0,2200.0,1000.0
ORD008722,PROD0028,1,0.05,1710.0,760.0
ORD008722,PROD0009,1,0.2,44000.0,2000.0
ORD008723,PROD0014,2,0.0,56000.0,18000.0
ORD008723,PROD0024,1,0.1,3780.0,1580.0
ORD008723,PROD0004,1,0.1,1080.0,430.0
ORD008724,PROD0015,1,0.1,7650.0,2650.0
ORD008725,PROD0002,1,0.0,65000.0,14000.0
ORD008726,PROD0007,3,0.0,66000.0,19500.0
ORD008727,PROD0007,4,0.0,88000.0,26000.0
ORD008728,PROD0020,3,0.0,72000.0,21000.0
ORD008728,PROD0009,1,0.0,55000.0,13000.0
ORD008728,PROD0003,2,0.05,199500.0,29500.0
ORD008729,PROD0013,1,0.0,16000.0,6000.0
ORD008729,PROD0012,4,0.0,72000.0,28000.0
ORD008730,PROD0008,1,0.1,13500.0,3000.0
ORD008731,PROD0028,1,0.0,1800.0,850.0
ORD008731,PROD0026,1,0.15,4675.0,1475.0
ORD008732,PROD0017,1,0.0,450.0,230.0
ORD008733,PROD0001,1,0.15,72250.0,4250.0
ORD008733,PROD0016,2,0.0,14000.0,5600.0
ORD008733,PROD0026,1,0.0,5500.0,2300.0
ORD008734,PROD0022,1,0.2,720.0,270.0
ORD008734,PROD0017,1,0.05,427.5,207.5
ORD008735,PROD0007,1,0.0,22000.0,6500.0
ORD008736,PROD0024,2,0.15,7140.0,2740.0
ORD008736,PROD0013,1,0.0,16000.0,6000.0
ORD008737,PROD0019,1,0.0,15000.0,4500.0
ORD008738,PROD0004,2,0.0,2400.0,1100.0
ORD008739,PROD0007,3,0.0,66000.0,19500.0
ORD008740,PROD0026,1,0.1,4950.0,1750.0
ORD008740,PROD0024,1,0.0,4200.0,2000.0
ORD008741,PROD0015,5,0.1,38250.0,13250.0
ORD008742,PROD0025,3,0.1,9450.0,4050.0
ORD008742,PROD0005,3,0.0,13500.0,5400.0
ORD008743,PROD0014,2,0.2,44800.0,6800.0
ORD008743,PROD0012,3,0.0,54000.0,21000.0
ORD008744,PROD0006,2,0.05,4180.0,1780.0
ORD008745,PROD0015,1,0.0,8500.0,3500.0
ORD008746,PROD0018,1,0.0,650.0,320.0
ORD008747,PROD0017,4,0.0,1800.0,920.0
ORD008748,PROD0019,1,0.2,12000.0,1500.0
ORD008748,PROD0026,2,0.0,11000.0,4600.0
ORD008749,PROD0011,2,0.05,22800.0,7800.0
ORD008750,PROD0010,1,0.1,19800.0,3800.0
ORD008751,PROD0026,1,0.2,4400.0,1200.0
ORD008752,PROD0026,1,0.05,5225.0,2025.0
ORD008752,PROD0020,2,0.2,38400.0,4400.0
ORD008753,PROD0018,2,0.0,1300.0,640.0
ORD008754,PROD0020,2,0.05,45600.0,11600.0
ORD008754,PROD0005,4,0.15,15300.0,4500.0
ORD008755,PROD0022,1,0.0,900.0,450.0
ORD008756,PROD0026,1,0.15,4675.0,1475.0
ORD008756,PROD0012,2,0.0,36000.0,14000.0
ORD008757,PROD0022,2,0.1,1620.0,720.0
ORD008757,PROD0004,1,0.2,960.0,310.0
ORD008757,PROD0021,1,0.1,1620.0,670.0
ORD008758,PROD0020,3,0.0,72000.0,21000.0
ORD008759,PROD0004,1,0.15,1020.0,370.0
ORD008759,PROD0027,1,0.0,6500.0,2600.0
ORD008759,PROD0021,4,0.0,7200.0,3400.0
ORD008760,PROD0005,1,0.0,4500.0,1800.0
ORD008761,PROD0024,2,0.15,7140.0,2740.0
ORD008761,PROD0012,1,0.15,15300.0,4300.0
ORD008762,PROD0004,2,0.05,2280.0,980.0
ORD008762,PROD0027,1,0.15,5525.0,1625.0
ORD008763,PROD0006,2,0.0,4400.0,2000.0
ORD008764,PROD0010,3,0.0,66000.0,18000.0
ORD008765,PROD0004,1,0.2,960.0,310.0
ORD008765,PROD0026,2,0.1,9900.0,3500.0
ORD008766,PROD0007,1,0.1,19800.0,4300.0
ORD008767,PROD0004,2,0.0,2400.0,1100.0
ORD008767,PROD0016,1,0.1,6300.0,2100.0
ORD008768,PROD0022,1,0.15,765.0,315.0
ORD008769,PROD0024,1,0.05,3990.0,1790.0
ORD008770,PROD0021,1,0.0,1800.0,850.0
ORD008770,PROD0026,1,0.0,5500.0,2300.0
ORD008770,PROD0017,4,0.1,1620.0,740.0
ORD008770,PROD0028,3,0.1,4860.0,2010.0
ORD008771,PROD0004,1,0.2,960.0,310.0
ORD008771,PROD0006,2,0.05,4180.0,1780.0
ORD008772,PROD0025,3,0.0,10500.0,5100.0
ORD008772,PROD0021,4,0.2,5760.0,1960.0
ORD008772,PROD0010,2,0.0,44000.0,12000.0
ORD008773,PROD0004,3,0.0,3600.0,1650.0
ORD008774,PROD0016,1,0.0,7000.0,2800.0
ORD008774,PROD0001,2,0.0,170000.0,34000.0
ORD008775,PROD0025,2,0.0,7000.0,3400.0
ORD008775,PROD0004,1,0.2,960.0,310.0
ORD008775,PROD0021,1,0.0,1800.0,850.0
ORD008776,PROD0005,4,0.0,18000.0,7200.0
ORD008776,PROD0001,4,0.0,340000.0,68000.0
ORD008777,PROD0025,1,0.2,2800.0,1000.0
ORD008778,PROD0021,5,0.1,8100.0,3350.0
ORD008778,PROD0022,2,0.0,1800.0,900.0
ORD008778,PROD0015,2,0.2,13600.0,3600.0
ORD008779,PROD0022,2,0.0,1800.0,900.0
ORD008779,PROD0014,1,0.0,28000.0,9000.0
ORD008779,PROD0021,1,0.1,1620.0,670.0
ORD008779,PROD0006,2,0.0,4400.0,2000.0
ORD008780,PROD0025,1,0.0,3500.0,1700.0
ORD008781,PROD0019,2,0.2,24000.0,3000.0
ORD008781,PROD0022,1,0.0,900.0,450.0
ORD008782,PROD0012,3,0.1,48600.0,15600.0
ORD008782,PROD0006,1,0.05,2090.0,890.0
ORD008783,PROD0002,1,0.15,55250.0,4250.0
ORD008784,PROD0018,1,0.2,520.0,190.0
ORD008784,PROD0010,1,0.0,22000.0,6000.0
ORD008785,PROD0005,3,0.0,13500.0,5400.0
ORD008785,PROD0006,1,0.1,1980.0,780.0
ORD008786,PROD0015,3,0.2,20400.0,5400.0
ORD008786,PROD0006,2,0.0,4400.0,2000.0
ORD008787,PROD0017,2,0.15,765.0,325.0
ORD008788,PROD0015,1,0.0,8500.0,3500.0
ORD008788,PROD0008,2,0.15,25500.0,4500.0
ORD008789,PROD0001,3,0.05,242250.0,38250.0
ORD008790,PROD0005,1,0.15,3825.0,1125.0
ORD008790,PROD0007,1,0.0,22000.0,6500.0
ORD008791,PROD0028,1,0.0,1800.0,850.0
ORD008791,PROD0024,3,0.05,11970.0,5370.0
ORD008792,PROD0007,2,0.0,44000.0,13000.0
ORD008792,PROD0005,2,0.0,9000.0,3600.0
ORD008793,PROD0014,1,0.0,28000.0,9000.0
ORD008794,PROD0021,3,0.0,5400.0,2550.0
ORD008794,PROD0028,2,0.15,3060.0,1160.0
ORD008795,PROD0016,1,0.05,6650.0,2450.0
ORD008796,PROD0021,1,0.05,1710.0,760.0
ORD008797,PROD0028,1,0.15,1530.0,580.0
ORD008798,PROD0005,2,0.05,8550.0,3150.0
ORD008798,PROD0013,3,0.15,40800.0,10800.0
ORD008799,PROD0017,1,0.0,450.0,230.0
ORD008800,PROD0025,1,0.15,2975.0,1175.0
ORD008801,PROD0011,1,0.0,12000.0,4500.0
ORD008801,PROD0018,1,0.15,552.5,222.5
ORD008802,PROD0024,1,0.0,4200.0,2000.0
ORD008803,PROD0014,1,0.0,28000.0,9000.0
ORD008804,PROD0003,1,0.1,94500.0,9500.0
ORD008804,PROD0001,4,0.1,306000.0,34000.0
ORD008804,PROD0025,1,0.1,3150.0,1350.0
ORD008805,PROD0027,1,0.0,6500.0,2600.0
ORD008806,PROD0019,2,0.15,25500.0,4500.0
ORD008807,PROD0019,1,0.0,15000.0,4500.0
ORD008807,PROD0015,3,0.0,25500.0,10500.0
ORD008808,PROD0002,1,0.15,55250.0,4250.0
ORD008808,PROD0014,5,0.0,140000.0,45000.0
ORD008809,PROD0023,2,0.0,5000.0,2400.0
ORD008809,PROD0016,2,0.15,11900.0,3500.0
ORD008810,PROD0026,1,0.05,5225.0,2025.0
ORD008811,PROD0011,3,0.0,36000.0,13500.0
ORD008812,PROD0006,3,0.15,5610.0,2010.0
ORD008812,PROD0027,1,0.0,6500.0,2600.0
ORD008813,PROD0018,2,0.0,1300.0,640.0
ORD008813,PROD0026,1,0.1,4950.0,1750.0
ORD008813,PROD0022,1,0.0,900.0,450.0
ORD008814,PROD0017,2,0.0,900.0,460.0
ORD008814,PROD0021,1,0.2,1440.0,490.0
ORD008814,PROD0008,1,0.1,13500.0,3000.0
ORD008815,PROD0022,3,0.0,2700.0,1350.0
ORD008816,PROD0005,1,0.2,3600.0,900.0
ORD008817,PROD0007,2,0.2,35200.0,4200.0
ORD008817,PROD0009,3,0.1,148500.0,22500.0
ORD008817,PROD0011,1,0.15,10200.0,2700.0
ORD008817,PROD0026,2,0.05,10450.0,4050.0
ORD008818,PROD0024,1,0.2,3360.0,1160.0
ORD008818,PROD0028,4,0.05,6840.0,3040.0
ORD008819,PROD0015,1,0.2,6800.0,1800.0
ORD008820,PROD0002,2,0.05,123500.0,21500.0
ORD008820,PROD0013,1,0.0,16000.0,6000.0
ORD008821,PROD0002,1,0.0,65000.0,14000.0
ORD008821,PROD0023,1,0.0,2500.0,1200.0
ORD008822,PROD0006,2,0.0,4400.0,2000.0
ORD008823,PROD0023,2,0.15,4250.0,1650.0
ORD008824,PROD0009,1,0.1,49500.0,7500.0
ORD008825,PROD0007,3,0.1,59400.0,12900.0
ORD008826,PROD0027,1,0.05,6175.0,2275.0
ORD008826,PROD0007,1,0.0,22000.0,6500.0
ORD008826,PROD0011,3,0.05,34200.0,11700.0
ORD008827,PROD0022,1,0.0,900.0,450.0
ORD008828,PROD0023,1,0.0,2500.0,1200.0
ORD008829,PROD0003,3,0.0,315000.0,60000.0
ORD008829,PROD0010,1,0.15,18700.0,2700.0
ORD008829,PROD0018,1,0.0,650.0,320.0
ORD008830,PROD0013,2,0.0,32000.0,12000.0
ORD008830,PROD0012,4,0.0,72000.0,28000.0
ORD008830,PROD0018,1,0.1,585.0,255.0
ORD008831,PROD0024,2,0.1,7560.0,3160.0
ORD008832,PROD0017,1,0.05,427.5,207.5
ORD008833,PROD0014,4,0.1,100800.0,24800.0
ORD008834,PROD0025,1,0.15,2975.0,1175.0
ORD008835,PROD0015,4,0.2,27200.0,7200.0
ORD008835,PROD0002,1,0.0,65000.0,14000.0
ORD008836,PROD0016,2,0.05,13300.0,4900.0
ORD008836,PROD0019,1,0.0,15000.0,4500.0
ORD008837,PROD0021,1,0.15,1530.0,580.0
ORD008838,PROD0009,3,0.15,140250.0,14250.0
ORD008839,PROD0020,2,0.0,48000.0,14000.0
ORD008839,PROD0009,1,0.15,46750.0,4750.0
ORD008840,PROD0011,3,0.1,32400.0,9900.0
ORD008840,PROD0015,1,0.1,7650.0,2650.0
ORD008841,PROD0002,3,0.2,156000.0,3000.0
ORD008841,PROD0024,2,0.0,8400.0,4000.0
ORD008842,PROD0016,1,0.2,5600.0,1400.0
ORD008843,PROD0013,3,0.15,40800.0,10800.0
ORD008844,PROD0022,4,0.1,3240.0,1440.0
ORD008845,PROD0027,1,0.0,6500.0,2600.0
ORD008846,PROD0015,1,0.1,7650.0,2650.0
ORD008847,PROD0002,3,0.1,175500.0,22500.0
ORD008847,PROD0017,2,0.1,810.0,370.0
ORD008847,PROD0003,1,0.15,89250.0,4250.0
ORD008847,PROD0026,2,0.05,10450.0,4050.0
ORD008848,PROD0004,1,0.0,1200.0,550.0
ORD008849,PROD0017,2,0.0,900.0,460.0
ORD008850,PROD0026,1,0.0,5500.0,2300.0
ORD008851,PROD0008,2,0.0,30000.0,9000.0
ORD008851,PROD0025,1,0.0,3500.0,1700.0
ORD008851,PROD0027,1,0.2,5200.0,1300.0
ORD008852,PROD0003,2,0.0,210000.0,40000.0
ORD008852,PROD0019,4,0.0,60000.0,18000.0
ORD008852,PROD0022,1,0.0,900.0,450.0
ORD008853,PROD0022,2,0.0,1800.0,900.0
ORD008854,PROD0025,1,0.0,3500.0,1700.0
ORD008855,PROD0011,1,0.0,12000.0,4500.0
ORD008856,PROD0006,3,0.0,6600.0,3000.0
ORD008856,PROD0022,3,0.0,2700.0,1350.0
ORD008857,PROD0017,1,0.1,405.0,185.0
ORD008858,PROD0016,1,0.15,5950.0,1750.0
ORD008858,PROD0021,2,0.0,3600.0,1700.0
ORD008859,PROD0015,1,0.0,8500.0,3500.0
ORD008860,PROD0011,4,0.05,45600.0,15600.0
ORD008861,PROD0024,1,0.2,3360.0,1160.0
ORD008861,PROD0022,2,0.1,1620.0,720.0
ORD008862,PROD0010,1,0.0,22000.0,6000.0
ORD008863,PROD0024,1,0.05,3990.0,1790.0
ORD008863,PROD0016,1,0.15,5950.0,1750.0
ORD008864,PROD0019,2,0.0,30000.0,9000.0
ORD008864,PROD0022,1,0.05,855.0,405.0
ORD008864,PROD0020,1,0.0,24000.0,7000.0
ORD008865,PROD0026,1,0.2,4400.0,1200.0
ORD008866,PROD0026,1,0.05,5225.0,2025.0
ORD008867,PROD0011,1,0.1,10800.0,3300.0
ORD008867,PROD0028,1,0.15,1530.0,580.0
ORD008867,PROD0019,5,0.15,63750.0,11250.0
ORD008867,PROD0008,1,0.0,15000.0,4500.0
ORD008868,PROD0002,1,0.0,65000.0,14000.0
ORD008868,PROD0022,4,0.05,3420.0,1620.0
ORD008869,PROD0016,2,0.2,11200.0,2800.0
ORD008869,PROD0005,2,0.2,7200.0,1800.0
ORD008869,PROD0008,4,0.1,54000.0,12000.0
ORD008870,PROD0003,1,0.1,94500.0,9500.0
ORD008871,PROD0025,4,0.2,11200.0,4000.0
ORD008872,PROD0013,3,0.2,38400.0,8400.0
ORD008873,PROD0011,4,0.1,43200.0,13200.0
ORD008873,PROD0022,4,0.0,3600.0,1800.0
ORD008874,PROD0021,2,0.05,3420.0,1520.0
ORD008875,PROD0002,1,0.05,61750.0,10750.0
ORD008875,PROD0009,3,0.05,156750.0,30750.0
ORD008875,PROD0005,2,0.05,8550.0,3150.0
ORD008875,PROD0012,1,0.0,18000.0,7000.0
ORD008876,PROD0012,3,0.1,48600.0,15600.0
ORD008877,PROD0001,3,0.05,242250.0,38250.0
ORD008878,PROD0006,2,0.0,4400.0,2000.0
ORD008878,PROD0018,4,0.2,2080.0,760.0
ORD008879,PROD0005,1,0.0,4500.0,1800.0
ORD008880,PROD0004,4,0.0,4800.0,2200.0
ORD008881,PROD0027,2,0.2,10400.0,2600.0
ORD008882,PROD0014,1,0.05,26600.0,7600.0
ORD008882,PROD0006,1,0.2,1760.0,560.0
ORD008882,PROD0020,2,0.05,45600.0,11600.0
ORD008883,PROD0006,1,0.2,1760.0,560.0
ORD008884,PROD0026,1,0.05,5225.0,2025.0
ORD008885,PROD0024,2,0.0,8400.0,4000.0
ORD008886,PROD0001,2,0.15,144500.0,8500.0
ORD008887,PROD0022,5,0.1,4050.0,1800.0
ORD008887,PROD0013,2,0.1,28800.0,8800.0
ORD008888,PROD0020,5,0.0,120000.0,35000.0
ORD008888,PROD0026,2,0.15,9350.0,2950.0
ORD008888,PROD0028,3,0.15,4590.0,1740.0
ORD008888,PROD0008,1,0.15,12750.0,2250.0
ORD008889,PROD0009,1,0.0,55000.0,13000.0
ORD008890,PROD0011,5,0.0,60000.0,22500.0
ORD008891,PROD0018,1,0.2,520.0,190.0
ORD008891,PROD0025,1,0.0,3500.0,1700.0
ORD008891,PROD0012,1,0.05,17100.0,6100.0
ORD008892,PROD0001,3,0.0,255000.0,51000.0
ORD008893,PROD0025,1,0.0,3500.0,1700.0
ORD008893,PROD0021,1,0.0,1800.0,850.0
ORD008894,PROD0024,2,0.15,7140.0,2740.0
ORD008895,PROD0025,3,0.05,9975.0,4575.0
ORD008895,PROD0010,1,0.0,22000.0,6000.0
ORD008896,PROD0015,2,0.0,17000.0,7000.0
ORD008897,PROD0015,1,0.15,7225.0,2225.0
ORD008897,PROD0009,3,0.05,156750.0,30750.0
ORD008897,PROD0026,3,0.15,14025.0,4425.0
ORD008897,PROD0005,1,0.0,4500.0,1800.0
ORD008898,PROD0025,2,0.1,6300.0,2700.0
ORD008898,PROD0017,2,0.05,855.0,415.0
ORD008898,PROD0001,2,0.0,170000.0,34000.0
ORD008899,PROD0024,2,0.0,8400.0,4000.0
ORD008899,PROD0018,2,0.0,1300.0,640.0
ORD008900,PROD0017,1,0.05,427.5,207.5
ORD008901,PROD0009,4,0.05,209000.0,41000.0
ORD008901,PROD0005,1,0.0,4500.0,1800.0
ORD008902,PROD0018,3,0.0,1950.0,960.0
ORD008902,PROD0023,1,0.2,2000.0,700.0
ORD008902,PROD0015,2,0.2,13600.0,3600.0
ORD008903,PROD0013,2,0.2,25600.0,5600.0
ORD008903,PROD0015,1,0.2,6800.0,1800.0
ORD008903,PROD0008,1,0.0,15000.0,4500.0
ORD008903,PROD0009,1,0.0,55000.0,13000.0
ORD008904,PROD0002,1,0.1,58500.0,7500.0
ORD008904,PROD0017,1,0.0,450.0,230.0
ORD008905,PROD0023,2,0.0,5000.0,2400.0
ORD008905,PROD0010,1,0.05,20900.0,4900.0
ORD008906,PROD0019,4,0.0,60000.0,18000.0
ORD008906,PROD0006,1,0.15,1870.0,670.0
ORD008907,PROD0028,1,0.0,1800.0,850.0
ORD008907,PROD0011,1,0.1,10800.0,3300.0
ORD008908,PROD0002,2,0.05,123500.0,21500.0
ORD008909,PROD0028,2,0.15,3060.0,1160.0
ORD008910,PROD0005,5,0.2,18000.0,4500.0
ORD008910,PROD0001,1,0.1,76500.0,8500.0
ORD008911,PROD0011,1,0.0,12000.0,4500.0
ORD008911,PROD0009,1,0.15,46750.0,4750.0
ORD008912,PROD0003,2,0.15,178500.0,8500.0
ORD008913,PROD0009,2,0.0,110000.0,26000.0
ORD008914,PROD0027,1,0.15,5525.0,1625.0
ORD008915,PROD0008,4,0.15,51000.0,9000.0
ORD008915,PROD0013,4,0.1,57600.0,17600.0
ORD008915,PROD0005,1,0.0,4500.0,1800.0
ORD008916,PROD0024,2,0.1,7560.0,3160.0
ORD008917,PROD0008,2,0.0,30000.0,9000.0
ORD008917,PROD0001,4,0.05,323000.0,51000.0
ORD008917,PROD0011,2,0.0,24000.0,9000.0
ORD008918,PROD0001,1,0.0,85000.0,17000.0
ORD008918,PROD0009,3,0.0,165000.0,39000.0
ORD008918,PROD0014,1,0.15,23800.0,4800.0
ORD008919,PROD0023,1,0.1,2250.0,950.0
ORD008919,PROD0003,3,0.2,252000.0,-3000.0
ORD008919,PROD0019,1,0.1,13500.0,3000.0
ORD008920,PROD0023,2,0.1,4500.0,1900.0
ORD008920,PROD0005,1,0.0,4500.0,1800.0
ORD008921,PROD0013,1,0.15,13600.0,3600.0
ORD008921,PROD0025,1,0.0,3500.0,1700.0
ORD008921,PROD0004,2,0.1,2160.0,860.0
ORD008921,PROD0010,1,0.0,22000.0,6000.0
ORD008922,PROD0027,2,0.0,13000.0,5200.0
ORD008922,PROD0015,1,0.0,8500.0,3500.0
ORD008922,PROD0010,1,0.0,22000.0,6000.0
ORD008923,PROD0025,2,0.2,5600.0,2000.0
ORD008924,PROD0004,4,0.15,4080.0,1480.0
ORD008924,PROD0017,1,0.0,450.0,230.0
ORD008925,PROD0027,2,0.0,13000.0,5200.0
ORD008926,PROD0026,2,0.15,9350.0,2950.0
ORD008927,PROD0026,1,0.0,5500.0,2300.0
ORD008927,PROD0007,1,0.15,18700.0,3200.0
ORD008928,PROD0026,1,0.0,5500.0,2300.0
ORD008929,PROD0026,2,0.1,9900.0,3500.0
ORD008929,PROD0017,2,0.15,765.0,325.0
ORD008930,PROD0015,1,0.15,7225.0,2225.0
ORD008931,PROD0012,2,0.15,30600.0,8600.0
ORD008931,PROD0014,3,0.15,71400.0,14400.0
ORD008931,PROD0024,1,0.1,3780.0,1580.0
ORD008932,PROD0010,1,0.05,20900.0,4900.0
ORD008932,PROD0012,1,0.2,14400.0,3400.0
ORD008933,PROD0009,2,0.0,110000.0,26000.0
ORD008934,PROD0009,2,0.15,93500.0,9500.0
ORD008935,PROD0008,4,0.1,54000.0,12000.0
ORD008936,PROD0009,2,0.0,110000.0,26000.0
ORD008937,PROD0005,3,0.0,13500.0,5400.0
ORD008938,PROD0028,2,0.0,3600.0,1700.0
ORD008939,PROD0006,1,0.2,1760.0,560.0
ORD008939,PROD0017,4,0.0,1800.0,920.0
ORD008940,PROD0008,2,0.15,25500.0,4500.0
ORD008941,PROD0012,3,0.1,48600.0,15600.0
ORD008942,PROD0028,1,0.15,1530.0,580.0
ORD008942,PROD0004,1,0.15,1020.0,370.0
ORD008943,PROD0012,1,0.2,14400.0,3400.0
ORD008944,PROD0008,1,0.15,12750.0,2250.0
ORD008944,PROD0004,2,0.05,2280.0,980.0
ORD008944,PROD0003,1,0.0,105000.0,20000.0
ORD008945,PROD0028,1,0.15,1530.0,580.0
ORD008945,PROD0027,2,0.0,13000.0,5200.0
ORD008946,PROD0024,4,0.0,16800.0,8000.0
ORD008947,PROD0012,2,0.15,30600.0,8600.0
ORD008947,PROD0024,4,0.0,16800.0,8000.0
ORD008948,PROD0003,1,0.0,105000.0,20000.0
ORD008948,PROD0004,4,0.1,4320.0,1720.0
ORD008949,PROD0024,1,0.05,3990.0,1790.0
ORD008950,PROD0007,1,0.1,19800.0,4300.0
ORD008950,PROD0008,2,0.0,30000.0,9000.0
ORD008951,PROD0026,2,0.0,11000.0,4600.0
ORD008952,PROD0020,4,0.2,76800.0,8800.0
ORD008952,PROD0018,1,0.0,650.0,320.0
ORD008953,PROD0028,2,0.1,3240.0,1340.0
ORD008954,PROD0019,1,0.15,12750.0,2250.0
ORD008955,PROD0021,1,0.0,1800.0,850.0
ORD008955,PROD0004,1,0.2,960.0,310.0
ORD008956,PROD0021,3,0.1,4860.0,2010.0
ORD008957,PROD0018,1,0.0,650.0,320.0
ORD008958,PROD0018,1,0.1,585.0,255.0
ORD008959,PROD0025,1,0.15,2975.0,1175.0
ORD008960,PROD0019,1,0.05,14250.0,3750.0
ORD008960,PROD0014,2,0.1,50400.0,12400.0
ORD008960,PROD0017,1,0.0,450.0,230.0
ORD008961,PROD0009,1,0.0,55000.0,13000.0
ORD008962,PROD0019,2,0.15,25500.0,4500.0
ORD008962,PROD0017,2,0.0,900.0,460.0
ORD008963,PROD0001,2,0.2,136000.0,0.0
ORD008964,PROD0022,1,0.0,900.0,450.0
ORD008964,PROD0025,2,0.2,5600.0,2000.0
ORD008965,PROD0012,1,0.0,18000.0,7000.0
ORD008966,PROD0005,1,0.1,4050.0,1350.0
ORD008966,PROD0021,2,0.0,3600.0,1700.0
ORD008967,PROD0013,1,0.1,14400.0,4400.0
ORD008968,PROD0027,3,0.0,19500.0,7800.0
ORD008968,PROD0007,2,0.1,39600.0,8600.0
ORD008969,PROD0011,1,0.2,9600.0,2100.0
ORD008969,PROD0020,1,0.05,22800.0,5800.0
ORD008970,PROD0024,1,0.2,3360.0,1160.0
ORD008970,PROD0004,1,0.0,1200.0,550.0
ORD008971,PROD0009,3,0.0,165000.0,39000.0
ORD008972,PROD0014,1,0.2,22400.0,3400.0
ORD008973,PROD0007,1,0.05,20900.0,5400.0
ORD008973,PROD0021,1,0.0,1800.0,850.0
ORD008973,PROD0025,1,0.05,3325.0,1525.0
ORD008974,PROD0022,1,0.05,855.0,405.0
ORD008975,PROD0027,3,0.05,18525.0,6825.0
ORD008976,PROD0003,4,0.0,420000.0,80000.0
ORD008977,PROD0014,1,0.1,25200.0,6200.0
ORD008978,PROD0019,1,0.1,13500.0,3000.0
ORD008978,PROD0002,3,0.15,165750.0,12750.0
ORD008979,PROD0004,1,0.0,1200.0,550.0
ORD008980,PROD0004,1,0.0,1200.0,550.0
ORD008981,PROD0006,3,0.0,6600.0,3000.0
ORD008981,PROD0022,3,0.1,2430.0,1080.0
ORD008981,PROD0007,1,0.05,20900.0,5400.0
ORD008982,PROD0017,1,0.0,450.0,230.0
ORD008982,PROD0011,3,0.1,32400.0,9900.0
ORD008982,PROD0028,2,0.0,3600.0,1700.0
ORD008983,PROD0022,1,0.0,900.0,450.0
ORD008984,PROD0026,2,0.1,9900.0,3500.0
ORD008985,PROD0010,1,0.15,18700.0,2700.0
ORD008986,PROD0013,2,0.1,28800.0,8800.0
ORD008986,PROD0024,1,0.0,4200.0,2000.0
ORD008987,PROD0024,1,0.05,3990.0,1790.0
ORD008988,PROD0005,1,0.0,4500.0,1800.0
ORD008989,PROD0020,2,0.15,40800.0,6800.0
ORD008989,PROD0023,1,0.1,2250.0,950.0
ORD008990,PROD0016,2,0.0,14000.0,5600.0
ORD008990,PROD0008,1,0.0,15000.0,4500.0
ORD008991,PROD0023,1,0.05,2375.0,1075.0
ORD008991,PROD0028,1,0.05,1710.0,760.0
ORD008991,PROD0025,3,0.0,10500.0,5100.0
ORD008992,PROD0010,4,0.1,79200.0,15200.0
ORD008993,PROD0015,1,0.0,8500.0,3500.0
ORD008993,PROD0002,2,0.0,130000.0,28000.0
ORD008994,PROD0022,1,0.0,900.0,450.0
ORD008994,PROD0027,3,0.2,15600.0,3900.0
ORD008995,PROD0008,2,0.2,24000.0,3000.0
ORD008996,PROD0005,4,0.05,17100.0,6300.0
ORD008997,PROD0020,2,0.0,48000.0,14000.0
ORD008997,PROD0014,1,0.1,25200.0,6200.0
ORD008998,PROD0024,1,0.2,3360.0,1160.0
ORD008999,PROD0004,3,0.0,3600.0,1650.0
ORD009000,PROD0024,1,0.0,4200.0,2000.0
ORD009001,PROD0005,3,0.0,13500.0,5400.0
ORD009001,PROD0013,3,0.0,48000.0,18000.0
ORD009001,PROD0007,1,0.2,17600.0,2100.0
ORD009002,PROD0023,2,0.0,5000.0,2400.0
ORD009003,PROD0017,2,0.0,900.0,460.0
ORD009004,PROD0002,1,0.0,65000.0,14000.0
ORD009005,PROD0024,2,0.0,8400.0,4000.0
ORD009006,PROD0013,3,0.0,48000.0,18000.0
ORD009007,PROD0013,1,0.0,16000.0,6000.0
ORD009008,PROD0025,1,0.0,3500.0,1700.0
ORD009009,PROD0015,3,0.05,24225.0,9225.0
ORD009010,PROD0004,3,0.2,2880.0,930.0
ORD009010,PROD0018,1,0.2,520.0,190.0
ORD009011,PROD0003,2,0.2,168000.0,-2000.0
ORD009012,PROD0004,1,0.0,1200.0,550.0
ORD009012,PROD0025,2,0.1,6300.0,2700.0
ORD009013,PROD0018,2,0.0,1300.0,640.0
ORD009014,PROD0023,1,0.0,2500.0,1200.0
ORD009015,PROD0009,1,0.05,52250.0,10250.0
ORD009015,PROD0014,2,0.1,50400.0,12400.0
ORD009016,PROD0026,1,0.1,4950.0,1750.0
ORD009016,PROD0017,2,0.0,900.0,460.0
ORD009017,PROD0016,1,0.05,6650.0,2450.0
ORD009017,PROD0008,1,0.2,12000.0,1500.0
ORD009017,PROD0027,2,0.2,10400.0,2600.0
ORD009017,PROD0015,1,0.05,8075.0,3075.0
ORD009018,PROD0022,2,0.1,1620.0,720.0
ORD009019,PROD0004,3,0.1,3240.0,1290.0
ORD009019,PROD0023,1,0.0,2500.0,1200.0
ORD009019,PROD0021,1,0.0,1800.0,850.0
ORD009020,PROD0017,1,0.0,450.0,230.0
ORD009021,PROD0011,1,0.2,9600.0,2100.0
ORD009021,PROD0012,2,0.2,28800.0,6800.0
ORD009022,PROD0008,2,0.1,27000.0,6000.0
ORD009023,PROD0022,2,0.0,1800.0,900.0
ORD009024,PROD0004,1,0.15,1020.0,370.0
ORD009025,PROD0018,1,0.05,617.5,287.5
ORD009026,PROD0013,1,0.0,16000.0,6000.0
ORD009027,PROD0019,2,0.0,30000.0,9000.0
ORD009028,PROD0005,3,0.05,12825.0,4725.0
ORD009029,PROD0025,1,0.0,3500.0,1700.0
ORD009030,PROD0017,1,0.0,450.0,230.0
ORD009030,PROD0010,1,0.0,22000.0,6000.0
ORD009031,PROD0026,2,0.05,10450.0,4050.0
ORD009031,PROD0022,2,0.1,1620.0,720.0
ORD009032,PROD0015,1,0.0,8500.0,3500.0
ORD009033,PROD0019,1,0.05,14250.0,3750.0
ORD009034,PROD0013,2,0.2,25600.0,5600.0
ORD009034,PROD0022,2,0.15,1530.0,630.0
ORD009034,PROD0015,1,0.1,7650.0,2650.0
ORD009035,PROD0007,2,0.0,44000.0,13000.0
ORD009035,PROD0013,3,0.15,40800.0,10800.0
ORD009036,PROD0016,2,0.15,11900.0,3500.0
ORD009036,PROD0019,3,0.05,42750.0,11250.0
ORD009036,PROD0017,2,0.1,810.0,370.0
ORD009037,PROD0021,1,0.15,1530.0,580.0
ORD009037,PROD0006,3,0.1,5940.0,2340.0
ORD009037,PROD0027,1,0.0,6500.0,2600.0
ORD009038,PROD0023,1,0.0,2500.0,1200.0
ORD009038,PROD0008,1,0.2,12000.0,1500.0
ORD009038,PROD0017,1,0.0,450.0,230.0
ORD009039,PROD0017,2,0.0,900.0,460.0
ORD009040,PROD0026,1,0.15,4675.0,1475.0
ORD009040,PROD0022,1,0.2,720.0,270.0
ORD009041,PROD0010,3,0.0,66000.0,18000.0
ORD009042,PROD0007,2,0.2,35200.0,4200.0
ORD009043,PROD0021,3,0.0,5400.0,2550.0
ORD009044,PROD0010,2,0.05,41800.0,9800.0
ORD009045,PROD0028,3,0.0,5400.0,2550.0
ORD009045,PROD0017,1,0.1,405.0,185.0
ORD009046,PROD0027,2,0.0,13000.0,5200.0
ORD009046,PROD0001,2,0.0,170000.0,34000.0
ORD009047,PROD0006,1,0.0,2200.0,1000.0
ORD009048,PROD0019,2,0.0,30000.0,9000.0
ORD009049,PROD0008,2,0.2,24000.0,3000.0
ORD009050,PROD0010,1,0.15,18700.0,2700.0
ORD009050,PROD0028,1,0.1,1620.0,670.0
ORD009050,PROD0006,1,0.0,2200.0,1000.0
ORD009050,PROD0023,1,0.15,2125.0,825.0
ORD009051,PROD0006,2,0.1,3960.0,1560.0
ORD009052,PROD0018,3,0.2,1560.0,570.0
ORD009053,PROD0024,2,0.05,7980.0,3580.0
ORD009054,PROD0014,1,0.1,25200.0,6200.0
ORD009054,PROD0011,2,0.0,24000.0,9000.0
ORD009055,PROD0015,1,0.0,8500.0,3500.0
ORD009056,PROD0005,1,0.0,4500.0,1800.0
ORD009057,PROD0028,1,0.1,1620.0,670.0
ORD009058,PROD0021,1,0.0,1800.0,850.0
ORD009058,PROD0002,1,0.0,65000.0,14000.0
ORD009059,PROD0016,2,0.0,14000.0,5600.0
ORD009060,PROD0023,1,0.2,2000.0,700.0
ORD009061,PROD0028,1,0.0,1800.0,850.0
ORD009061,PROD0007,1,0.1,19800.0,4300.0
ORD009062,PROD0020,2,0.0,48000.0,14000.0
ORD009063,PROD0005,2,0.2,7200.0,1800.0
ORD009063,PROD0019,1,0.0,15000.0,4500.0
ORD009063,PROD0027,1,0.15,5525.0,1625.0
ORD009063,PROD0008,2,0.0,30000.0,9000.0
ORD009064,PROD0028,1,0.15,1530.0,580.0
ORD009064,PROD0025,2,0.1,6300.0,2700.0
ORD009065,PROD0005,3,0.0,13500.0,5400.0
ORD009066,PROD0026,2,0.0,11000.0,4600.0
ORD009067,PROD0021,1,0.0,1800.0,850.0
ORD009068,PROD0012,1,0.2,14400.0,3400.0
ORD009069,PROD0009,1,0.0,55000.0,13000.0
ORD009070,PROD0001,3,0.05,242250.0,38250.0
ORD009071,PROD0004,1,0.0,1200.0,550.0
ORD009072,PROD0004,1,0.0,1200.0,550.0
ORD009072,PROD0017,1,0.15,382.5,162.5
ORD009072,PROD0005,2,0.0,9000.0,3600.0
ORD009073,PROD0019,1,0.0,15000.0,4500.0
ORD009073,PROD0012,1,0.0,18000.0,7000.0
ORD009074,PROD0024,1,0.2,3360.0,1160.0
ORD009075,PROD0007,2,0.15,37400.0,6400.0
ORD009075,PROD0019,1,0.15,12750.0,2250.0
ORD009076,PROD0027,1,0.0,6500.0,2600.0
ORD009077,PROD0006,1,0.0,2200.0,1000.0
ORD009078,PROD0005,1,0.0,4500.0,1800.0
ORD009079,PROD0026,1,0.2,4400.0,1200.0
ORD009079,PROD0020,1,0.15,20400.0,3400.0
ORD009080,PROD0020,3,0.0,72000.0,21000.0
ORD009080,PROD0027,1,0.0,6500.0,2600.0
ORD009081,PROD0001,1,0.15,72250.0,4250.0
ORD009081,PROD0011,1,0.15,10200.0,2700.0
ORD009081,PROD0020,2,0.2,38400.0,4400.0
ORD009082,PROD0022,2,0.15,1530.0,630.0
ORD009082,PROD0018,3,0.15,1657.5,667.5
ORD009082,PROD0003,1,0.0,105000.0,20000.0
ORD009083,PROD0020,1,0.15,20400.0,3400.0
ORD009083,PROD0021,1,0.2,1440.0,490.0
ORD009084,PROD0020,1,0.0,24000.0,7000.0
ORD009084,PROD0026,1,0.0,5500.0,2300.0
ORD009085,PROD0004,2,0.15,2040.0,740.0
ORD009086,PROD0027,1,0.0,6500.0,2600.0
ORD009086,PROD0025,1,0.0,3500.0,1700.0
ORD009087,PROD0027,2,0.0,13000.0,5200.0
ORD009087,PROD0014,1,0.0,28000.0,9000.0
ORD009088,PROD0001,4,0.0,340000.0,68000.0
ORD009089,PROD0027,1,0.2,5200.0,1300.0
ORD009089,PROD0018,1,0.0,650.0,320.0
ORD009090,PROD0013,2,0.0,32000.0,12000.0
ORD009090,PROD0005,2,0.1,8100.0,2700.0
ORD009091,PROD0021,1,0.05,1710.0,760.0
ORD009092,PROD0025,1,0.15,2975.0,1175.0
ORD009093,PROD0019,2,0.0,30000.0,9000.0
ORD009093,PROD0007,1,0.15,18700.0,3200.0
ORD009094,PROD0005,2,0.15,7650.0,2250.0
ORD009094,PROD0002,1,0.0,65000.0,14000.0
ORD009095,PROD0024,1,0.15,3570.0,1370.0
ORD009096,PROD0025,1,0.2,2800.0,1000.0
ORD009097,PROD0005,1,0.2,3600.0,900.0
ORD009098,PROD0020,1,0.0,24000.0,7000.0
ORD009098,PROD0010,1,0.0,22000.0,6000.0
ORD009098,PROD0026,1,0.1,4950.0,1750.0
ORD009099,PROD0011,2,0.0,24000.0,9000.0
ORD009100,PROD0006,2,0.1,3960.0,1560.0
ORD009100,PROD0010,1,0.0,22000.0,6000.0
ORD009101,PROD0007,1,0.1,19800.0,4300.0
ORD009102,PROD0018,1,0.1,585.0,255.0
ORD009103,PROD0027,2,0.2,10400.0,2600.0
ORD009103,PROD0004,1,0.15,1020.0,370.0
ORD009104,PROD0005,1,0.15,3825.0,1125.0
ORD009104,PROD0027,1,0.0,6500.0,2600.0
ORD009104,PROD0023,1,0.0,2500.0,1200.0
ORD009105,PROD0003,1,0.05,99750.0,14750.0
ORD009106,PROD0017,1,0.15,382.5,162.5
ORD009106,PROD0022,1,0.0,900.0,450.0
ORD009107,PROD0024,1,0.0,4200.0,2000.0
ORD009107,PROD0021,2,0.0,3600.0,1700.0
ORD009108,PROD0020,2,0.05,45600.0,11600.0
ORD009109,PROD0011,3,0.15,30600.0,8100.0
ORD009110,PROD0006,1,0.0,2200.0,1000.0
ORD009110,PROD0023,1,0.05,2375.0,1075.0
ORD009111,PROD0011,1,0.2,9600.0,2100.0
ORD009111,PROD0022,1,0.0,900.0,450.0
ORD009111,PROD0024,3,0.0,12600.0,6000.0
ORD009111,PROD0014,2,0.0,56000.0,18000.0
ORD009112,PROD0017,1,0.2,360.0,140.0
ORD009113,PROD0009,4,0.0,220000.0,52000.0
ORD009114,PROD0018,1,0.0,650.0,320.0
ORD009115,PROD0021,1,0.1,1620.0,670.0
ORD009116,PROD0017,2,0.0,900.0,460.0
ORD009117,PROD0023,1,0.2,2000.0,700.0
ORD009118,PROD0017,1,0.15,382.5,162.5
ORD009118,PROD0011,1,0.0,12000.0,4500.0
ORD009118,PROD0023,1,0.1,2250.0,950.0
ORD009119,PROD0007,1,0.0,22000.0,6500.0
ORD009120,PROD0026,1,0.0,5500.0,2300.0
ORD009121,PROD0027,1,0.2,5200.0,1300.0
ORD009121,PROD0012,1,0.0,18000.0,7000.0
ORD009122,PROD0025,2,0.0,7000.0,3400.0
ORD009122,PROD0020,1,0.0,24000.0,7000.0
ORD009123,PROD0022,2,0.2,1440.0,540.0
ORD009123,PROD0021,3,0.15,4590.0,1740.0
ORD009124,PROD0026,2,0.0,11000.0,4600.0
ORD009124,PROD0005,2,0.0,9000.0,3600.0
ORD009125,PROD0009,4,0.0,220000.0,52000.0
ORD009126,PROD0017,1,0.2,360.0,140.0
ORD009127,PROD0015,3,0.1,22950.0,7950.0
ORD009128,PROD0019,3,0.0,45000.0,13500.0
ORD009128,PROD0010,3,0.0,66000.0,18000.0
ORD009128,PROD0009,1,0.15,46750.0,4750.0
ORD009129,PROD0022,3,0.2,2160.0,810.0
ORD009129,PROD0017,1,0.05,427.5,207.5
ORD009130,PROD0020,2,0.0,48000.0,14000.0
ORD009130,PROD0027,3,0.1,17550.0,5850.0
ORD009130,PROD0014,3,0.2,67200.0,10200.0
ORD009131,PROD0001,4,0.2,272000.0,0.0
ORD009131,PROD0019,1,0.05,14250.0,3750.0
ORD009132,PROD0022,1,0.0,900.0,450.0
ORD009133,PROD0014,1,0.1,25200.0,6200.0
ORD009134,PROD0017,3,0.0,1350.0,690.0
ORD009134,PROD0022,5,0.0,4500.0,2250.0
ORD009135,PROD0019,1,0.0,15000.0,4500.0
ORD009135,PROD0025,1,0.0,3500.0,1700.0
ORD009136,PROD0017,3,0.05,1282.5,622.5
ORD009136,PROD0019,1,0.0,15000.0,4500.0
ORD009136,PROD0024,4,0.05,15960.0,7160.0
ORD009137,PROD0013,3,0.05,45600.0,15600.0
ORD009137,PROD0012,3,0.0,54000.0,21000.0
ORD009137,PROD0027,1,0.15,5525.0,1625.0
ORD009137,PROD0008,1,0.15,12750.0,2250.0
ORD009138,PROD0007,2,0.2,35200.0,4200.0
ORD009138,PROD0011,1,0.0,12000.0,4500.0
ORD009139,PROD0010,1,0.15,18700.0,2700.0
ORD009140,PROD0012,1,0.05,17100.0,6100.0
ORD009140,PROD0027,2,0.2,10400.0,2600.0
ORD009140,PROD0025,1,0.05,3325.0,1525.0
ORD009141,PROD0015,4,0.0,34000.0,14000.0
ORD009141,PROD0007,2,0.0,44000.0,13000.0
ORD009141,PROD0011,2,0.2,19200.0,4200.0
ORD009141,PROD0020,2,0.2,38400.0,4400.0
ORD009142,PROD0025,1,0.05,3325.0,1525.0
ORD009143,PROD0004,2,0.0,2400.0,1100.0
ORD009144,PROD0014,1,0.15,23800.0,4800.0
ORD009144,PROD0027,1,0.0,6500.0,2600.0
ORD009145,PROD0013,1,0.0,16000.0,6000.0
ORD009145,PROD0010,1,0.0,22000.0,6000.0
ORD009145,PROD0001,1,0.0,85000.0,17000.0
ORD009146,PROD0003,1,0.1,94500.0,9500.0
ORD009147,PROD0015,1,0.0,8500.0,3500.0
ORD009147,PROD0019,2,0.0,30000.0,9000.0
ORD009148,PROD0019,2,0.0,30000.0,9000.0
ORD009149,PROD0010,1,0.1,19800.0,3800.0
ORD009150,PROD0017,1,0.0,450.0,230.0
ORD009150,PROD0011,2,0.0,24000.0,9000.0
ORD009150,PROD0003,5,0.1,472500.0,47500.0
ORD009151,PROD0015,1,0.05,8075.0,3075.0
ORD009151,PROD0021,2,0.0,3600.0,1700.0
ORD009152,PROD0014,4,0.0,112000.0,36000.0
ORD009152,PROD0024,1,0.05,3990.0,1790.0
ORD009153,PROD0014,2,0.0,56000.0,18000.0
ORD009153,PROD0016,1,0.0,7000.0,2800.0
ORD009153,PROD0013,2,0.0,32000.0,12000.0
ORD009154,PROD0011,4,0.2,38400.0,8400.0
ORD009155,PROD0004,2,0.2,1920.0,620.0
ORD009155,PROD0014,2,0.0,56000.0,18000.0
ORD009156,PROD0020,2,0.15,40800.0,6800.0
ORD009156,PROD0024,1,0.15,3570.0,1370.0
ORD009156,PROD0018,1,0.1,585.0,255.0
ORD009157,PROD0013,2,0.2,25600.0,5600.0
ORD009157,PROD0010,1,0.0,22000.0,6000.0
ORD009158,PROD0022,1,0.05,855.0,405.0
ORD009158,PROD0012,1,0.2,14400.0,3400.0
ORD009158,PROD0028,3,0.0,5400.0,2550.0
ORD009159,PROD0007,3,0.0,66000.0,19500.0
ORD009159,PROD0022,1,0.05,855.0,405.0
ORD009159,PROD0006,1,0.0,2200.0,1000.0
ORD009160,PROD0020,4,0.0,96000.0,28000.0
ORD009161,PROD0008,1,0.15,12750.0,2250.0
ORD009162,PROD0014,5,0.0,140000.0,45000.0
ORD009162,PROD0015,1,0.15,7225.0,2225.0
ORD009162,PROD0008,2,0.0,30000.0,9000.0
ORD009163,PROD0006,1,0.0,2200.0,1000.0
ORD009163,PROD0016,4,0.15,23800.0,7000.0
ORD009163,PROD0022,1,0.0,900.0,450.0
ORD009164,PROD0014,4,0.05,106400.0,30400.0
ORD009164,PROD0003,2,0.05,199500.0,29500.0
ORD009165,PROD0026,2,0.05,10450.0,4050.0
ORD009166,PROD0014,1,0.0,28000.0,9000.0
ORD009166,PROD0009,1,0.0,55000.0,13000.0
ORD009167,PROD0022,3,0.0,2700.0,1350.0
ORD009167,PROD0024,3,0.1,11340.0,4740.0
ORD009167,PROD0005,2,0.2,7200.0,1800.0
ORD009168,PROD0024,1,0.0,4200.0,2000.0
ORD009168,PROD0015,2,0.0,17000.0,7000.0
ORD009168,PROD0006,1,0.0,2200.0,1000.0
ORD009169,PROD0006,1,0.0,2200.0,1000.0
ORD009170,PROD0021,1,0.1,1620.0,670.0
ORD009170,PROD0003,3,0.0,315000.0,60000.0
ORD009171,PROD0016,1,0.1,6300.0,2100.0
ORD009171,PROD0017,1,0.1,405.0,185.0
ORD009171,PROD0026,2,0.0,11000.0,4600.0
ORD009172,PROD0001,1,0.0,85000.0,17000.0
ORD009173,PROD0012,2,0.05,34200.0,12200.0
ORD009173,PROD0013,1,0.0,16000.0,6000.0
ORD009174,PROD0021,2,0.1,3240.0,1340.0
ORD009174,PROD0027,2,0.0,13000.0,5200.0
ORD009175,PROD0007,2,0.0,44000.0,13000.0
ORD009175,PROD0018,1,0.05,617.5,287.5
ORD009176,PROD0010,1,0.1,19800.0,3800.0
ORD009176,PROD0020,1,0.15,20400.0,3400.0
ORD009177,PROD0003,3,0.0,315000.0,60000.0
ORD009177,PROD0002,4,0.2,208000.0,4000.0
ORD009178,PROD0015,1,0.0,8500.0,3500.0
ORD009178,PROD0028,2,0.15,3060.0,1160.0
ORD009178,PROD0012,2,0.0,36000.0,14000.0
ORD009179,PROD0010,2,0.0,44000.0,12000.0
ORD009180,PROD0003,2,0.15,178500.0,8500.0
ORD009180,PROD0013,1,0.2,12800.0,2800.0
ORD009180,PROD0021,1,0.0,1800.0,850.0
ORD009181,PROD0017,1,0.1,405.0,185.0
ORD009182,PROD0003,2,0.2,168000.0,-2000.0
ORD009182,PROD0021,4,0.0,7200.0,3400.0
ORD009182,PROD0026,2,0.2,8800.0,2400.0
ORD009183,PROD0018,3,0.0,1950.0,960.0
ORD009184,PROD0016,5,0.15,29750.0,8750.0
ORD009184,PROD0009,2,0.15,93500.0,9500.0
ORD009185,PROD0012,2,0.0,36000.0,14000.0
ORD009185,PROD0017,2,0.2,720.0,280.0
ORD009186,PROD0010,2,0.0,44000.0,12000.0
ORD009187,PROD0003,3,0.1,283500.0,28500.0
ORD009188,PROD0025,1,0.15,2975.0,1175.0
ORD009188,PROD0005,1,0.15,3825.0,1125.0
ORD009189,PROD0028,3,0.15,4590.0,1740.0
ORD009190,PROD0026,3,0.15,14025.0,4425.0
ORD009191,PROD0020,3,0.05,68400.0,17400.0
ORD009191,PROD0001,3,0.0,255000.0,51000.0
ORD009191,PROD0011,2,0.0,24000.0,9000.0
ORD009192,PROD0020,1,0.0,24000.0,7000.0
ORD009192,PROD0011,2,0.15,20400.0,5400.0
ORD009193,PROD0022,1,0.1,810.0,360.0
ORD009194,PROD0010,1,0.15,18700.0,2700.0
ORD009195,PROD0008,1,0.0,15000.0,4500.0
ORD009196,PROD0005,1,0.0,4500.0,1800.0
ORD009197,PROD0027,1,0.1,5850.0,1950.0
ORD009198,PROD0003,4,0.0,420000.0,80000.0
ORD009199,PROD0007,5,0.1,99000.0,21500.0
ORD009200,PROD0013,2,0.05,30400.0,10400.0
ORD009200,PROD0018,2,0.15,1105.0,445.0
ORD009201,PROD0002,2,0.15,110500.0,8500.0
ORD009202,PROD0026,2,0.2,8800.0,2400.0
ORD009202,PROD0004,2,0.0,2400.0,1100.0
ORD009202,PROD0011,1,0.2,9600.0,2100.0
ORD009203,PROD0020,1,0.15,20400.0,3400.0
ORD009204,PROD0006,1,0.0,2200.0,1000.0
ORD009205,PROD0007,1,0.05,20900.0,5400.0
ORD009206,PROD0026,1,0.0,5500.0,2300.0
ORD009207,PROD0020,1,0.0,24000.0,7000.0
ORD009208,PROD0018,1,0.05,617.5,287.5
ORD009209,PROD0017,2,0.2,720.0,280.0
ORD009210,PROD0022,2,0.05,1710.0,810.0
ORD009211,PROD0009,1,0.0,55000.0,13000.0
ORD009212,PROD0011,1,0.0,12000.0,4500.0
ORD009212,PROD0025,2,0.0,7000.0,3400.0
ORD009213,PROD0021,2,0.0,3600.0,1700.0
ORD009214,PROD0001,2,0.15,144500.0,8500.0
ORD009215,PROD0002,2,0.05,123500.0,21500.0
ORD009215,PROD0018,1,0.0,650.0,320.0
ORD009216,PROD0011,2,0.0,24000.0,9000.0
ORD009216,PROD0026,1,0.15,4675.0,1475.0
ORD009217,PROD0003,2,0.2,168000.0,-2000.0
ORD009217,PROD0014,1,0.15,23800.0,4800.0
ORD009217,PROD0023,2,0.05,4750.0,2150.0
ORD009218,PROD0013,1,0.15,13600.0,3600.0
ORD009219,PROD0001,2,0.2,136000.0,0.0
ORD009219,PROD0025,1,0.0,3500.0,1700.0
ORD009219,PROD0023,1,0.0,2500.0,1200.0
ORD009220,PROD0008,3,0.05,42750.0,11250.0
ORD009221,PROD0017,1,0.0,450.0,230.0
ORD009222,PROD0002,2,0.0,130000.0,28000.0
ORD009222,PROD0018,1,0.0,650.0,320.0
ORD009222,PROD0003,1,0.15,89250.0,4250.0
ORD009222,PROD0014,1,0.0,28000.0,9000.0
ORD009223,PROD0005,1,0.1,4050.0,1350.0
ORD009224,PROD0017,2,0.0,900.0,460.0
ORD009225,PROD0018,1,0.0,650.0,320.0
ORD009226,PROD0022,1,0.1,810.0,360.0
ORD009226,PROD0014,2,0.1,50400.0,12400.0
ORD009227,PROD0027,1,0.0,6500.0,2600.0
ORD009228,PROD0021,1,0.0,1800.0,850.0
ORD009228,PROD0013,1,0.0,16000.0,6000.0
ORD009229,PROD0026,2,0.0,11000.0,4600.0
ORD009230,PROD0016,1,0.15,5950.0,1750.0
ORD009231,PROD0005,2,0.0,9000.0,3600.0
ORD009232,PROD0024,1,0.1,3780.0,1580.0
ORD009232,PROD0016,4,0.2,22400.0,5600.0
ORD009232,PROD0007,1,0.2,17600.0,2100.0
ORD009232,PROD0001,1,0.0,85000.0,17000.0
ORD009233,PROD0022,1,0.1,810.0,360.0
ORD009234,PROD0006,1,0.05,2090.0,890.0
ORD009235,PROD0009,3,0.2,132000.0,6000.0
ORD009236,PROD0012,1,0.1,16200.0,5200.0
ORD009237,PROD0021,1,0.05,1710.0,760.0
ORD009238,PROD0006,1,0.0,2200.0,1000.0
ORD009238,PROD0004,1,0.1,1080.0,430.0
ORD009239,PROD0025,1,0.2,2800.0,1000.0
ORD009240,PROD0026,2,0.15,9350.0,2950.0
ORD009241,PROD0017,2,0.0,900.0,460.0
ORD009242,PROD0004,1,0.2,960.0,310.0
ORD009243,PROD0002,3,0.0,195000.0,42000.0
ORD009244,PROD0015,2,0.0,17000.0,7000.0
ORD009244,PROD0012,5,0.0,90000.0,35000.0
ORD009245,PROD0024,2,0.0,8400.0,4000.0
ORD009245,PROD0019,2,0.05,28500.0,7500.0
ORD009246,PROD0014,1,0.0,28000.0,9000.0
ORD009246,PROD0026,3,0.15,14025.0,4425.0
ORD009247,PROD0016,1,0.1,6300.0,2100.0
ORD009248,PROD0014,2,0.0,56000.0,18000.0
ORD009249,PROD0027,3,0.15,16575.0,4875.0
ORD009250,PROD0010,1,0.2,17600.0,1600.0
ORD009250,PROD0021,1,0.2,1440.0,490.0
ORD009251,PROD0001,3,0.0,255000.0,51000.0
ORD009252,PROD0014,1,0.05,26600.0,7600.0
ORD009253,PROD0021,4,0.15,6120.0,2320.0
ORD009253,PROD0003,1,0.1,94500.0,9500.0
ORD009254,PROD0025,3,0.05,9975.0,4575.0
ORD009255,PROD0026,1,0.15,4675.0,1475.0
ORD009255,PROD0018,2,0.15,1105.0,445.0
ORD009256,PROD0012,2,0.1,32400.0,10400.0
ORD009257,PROD0017,1,0.0,450.0,230.0
ORD009258,PROD0010,1,0.05,20900.0,4900.0
ORD009258,PROD0018,1,0.1,585.0,255.0
ORD009259,PROD0021,1,0.0,1800.0,850.0
ORD009260,PROD0023,1,0.1,2250.0,950.0
ORD009261,PROD0013,1,0.1,14400.0,4400.0
ORD009261,PROD0025,2,0.2,5600.0,2000.0
ORD009261,PROD0017,1,0.1,405.0,185.0
ORD009262,PROD0028,1,0.05,1710.0,760.0
ORD009262,PROD0003,1,0.0,105000.0,20000.0
ORD009262,PROD0013,2,0.1,28800.0,8800.0
ORD009263,PROD0025,4,0.2,11200.0,4000.0
ORD009263,PROD0010,2,0.0,44000.0,12000.0
ORD009264,PROD0013,1,0.0,16000.0,6000.0
ORD009265,PROD0006,3,0.05,6270.0,2670.0
ORD009266,PROD0002,1,0.2,52000.0,1000.0
ORD009267,PROD0025,2,0.15,5950.0,2350.0
ORD009268,PROD0018,1,0.0,650.0,320.0
ORD009268,PROD0024,1,0.1,3780.0,1580.0
ORD009268,PROD0014,1,0.05,26600.0,7600.0
ORD009269,PROD0007,1,0.2,17600.0,2100.0
ORD009270,PROD0005,3,0.0,13500.0,5400.0
ORD009271,PROD0023,1,0.1,2250.0,950.0
ORD009271,PROD0006,1,0.0,2200.0,1000.0
ORD009272,PROD0016,4,0.2,22400.0,5600.0
ORD009272,PROD0020,3,0.0,72000.0,21000.0
ORD009272,PROD0019,2,0.0,30000.0,9000.0
ORD009273,PROD0012,1,0.1,16200.0,5200.0
ORD009274,PROD0007,2,0.05,41800.0,10800.0
ORD009275,PROD0005,3,0.2,10800.0,2700.0
ORD009275,PROD0026,3,0.1,14850.0,5250.0
ORD009276,PROD0017,3,0.05,1282.5,622.5
ORD009276,PROD0005,1,0.0,4500.0,1800.0
ORD009277,PROD0001,1,0.15,72250.0,4250.0
ORD009277,PROD0006,2,0.0,4400.0,2000.0
ORD009278,PROD0023,5,0.0,12500.0,6000.0
ORD009279,PROD0026,1,0.15,4675.0,1475.0
ORD009279,PROD0006,3,0.05,6270.0,2670.0
ORD009279,PROD0005,4,0.1,16200.0,5400.0
ORD009280,PROD0023,1,0.0,2500.0,1200.0
ORD009280,PROD0004,1,0.05,1140.0,490.0
ORD009281,PROD0020,3,0.05,68400.0,17400.0
ORD009281,PROD0027,4,0.1,23400.0,7800.0
ORD009281,PROD0024,1,0.0,4200.0,2000.0
ORD009282,PROD0015,1,0.2,6800.0,1800.0
ORD009283,PROD0007,1,0.0,22000.0,6500.0
ORD009284,PROD0007,1,0.2,17600.0,2100.0
ORD009284,PROD0017,1,0.15,382.5,162.5
ORD009285,PROD0015,2,0.2,13600.0,3600.0
ORD009285,PROD0017,1,0.1,405.0,185.0
ORD009286,PROD0003,1,0.0,105000.0,20000.0
ORD009286,PROD0019,2,0.0,30000.0,9000.0
ORD009287,PROD0023,1,0.2,2000.0,700.0
ORD009287,PROD0022,1,0.15,765.0,315.0
ORD009288,PROD0002,1,0.0,65000.0,14000.0
ORD009288,PROD0022,1,0.1,810.0,360.0
ORD009289,PROD0018,1,0.15,552.5,222.5
ORD009289,PROD0024,2,0.0,8400.0,4000.0
ORD009289,PROD0019,2,0.0,30000.0,9000.0
ORD009290,PROD0025,1,0.1,3150.0,1350.0
ORD009290,PROD0017,1,0.2,360.0,140.0
ORD009290,PROD0026,1,0.1,4950.0,1750.0
ORD009291,PROD0021,4,0.0,7200.0,3400.0
ORD009291,PROD0009,1,0.05,52250.0,10250.0
ORD009292,PROD0022,1,0.0,900.0,450.0
ORD009292,PROD0011,2,0.05,22800.0,7800.0
ORD009292,PROD0014,1,0.1,25200.0,6200.0
ORD009293,PROD0011,5,0.0,60000.0,22500.0
ORD009294,PROD0027,2,0.2,10400.0,2600.0
ORD009294,PROD0005,1,0.2,3600.0,900.0
ORD009295,PROD0007,1,0.05,20900.0,5400.0
ORD009295,PROD0024,2,0.2,6720.0,2320.0
ORD009295,PROD0016,1,0.0,7000.0,2800.0
ORD009295,PROD0026,2,0.0,11000.0,4600.0
ORD009296,PROD0018,2,0.0,1300.0,640.0
ORD009297,PROD0005,1,0.0,4500.0,1800.0
ORD009297,PROD0001,2,0.0,170000.0,34000.0
ORD009298,PROD0019,1,0.0,15000.0,4500.0
ORD009299,PROD0016,5,0.1,31500.0,10500.0
ORD009300,PROD0009,2,0.15,93500.0,9500.0
ORD009301,PROD0025,1,0.05,3325.0,1525.0
ORD009302,PROD0006,1,0.0,2200.0,1000.0
ORD009303,PROD0017,1,0.0,450.0,230.0
ORD009304,PROD0002,1,0.0,65000.0,14000.0
ORD009305,PROD0025,1,0.0,3500.0,1700.0
ORD009306,PROD0026,3,0.0,16500.0,6900.0
ORD009306,PROD0005,1,0.0,4500.0,1800.0
ORD009307,PROD0015,1,0.0,8500.0,3500.0
ORD009308,PROD0005,5,0.0,22500.0,9000.0
ORD009308,PROD0024,1,0.0,4200.0,2000.0
ORD009309,PROD0014,3,0.15,71400.0,14400.0
ORD009310,PROD0016,1,0.0,7000.0,2800.0
ORD009311,PROD0002,1,0.0,65000.0,14000.0
ORD009312,PROD0019,4,0.0,60000.0,18000.0
ORD009312,PROD0012,1,0.0,18000.0,7000.0
ORD009313,PROD0017,3,0.15,1147.5,487.5
ORD009314,PROD0011,2,0.05,22800.0,7800.0
ORD009315,PROD0023,1,0.0,2500.0,1200.0
ORD009315,PROD0007,1,0.2,17600.0,2100.0
ORD009316,PROD0022,2,0.1,1620.0,720.0
ORD009317,PROD0023,2,0.1,4500.0,1900.0
ORD009318,PROD0003,2,0.05,199500.0,29500.0
ORD009319,PROD0018,1,0.05,617.5,287.5
ORD009319,PROD0003,3,0.2,252000.0,-3000.0
ORD009320,PROD0003,1,0.1,94500.0,9500.0
ORD009321,PROD0017,3,0.0,1350.0,690.0
ORD009321,PROD0021,1,0.0,1800.0,850.0
ORD009322,PROD0009,1,0.15,46750.0,4750.0
ORD009323,PROD0019,1,0.0,15000.0,4500.0
ORD009324,PROD0013,5,0.0,80000.0,30000.0
ORD009325,PROD0001,3,0.0,255000.0,51000.0
ORD009325,PROD0002,3,0.15,165750.0,12750.0
ORD009326,PROD0026,2,0.0,11000.0,4600.0
ORD009326,PROD0019,1,0.0,15000.0,4500.0
ORD009327,PROD0017,2,0.2,720.0,280.0
ORD009327,PROD0011,1,0.05,11400.0,3900.0
ORD009327,PROD0026,4,0.1,19800.0,7000.0
ORD009328,PROD0003,3,0.1,283500.0,28500.0
ORD009328,PROD0010,1,0.0,22000.0,6000.0
ORD009328,PROD0014,2,0.05,53200.0,15200.0
ORD009329,PROD0006,1,0.1,1980.0,780.0
ORD009329,PROD0007,1,0.15,18700.0,3200.0
ORD009330,PROD0008,1,0.2,12000.0,1500.0
ORD009331,PROD0016,4,0.05,26600.0,9800.0
ORD009331,PROD0001,2,0.15,144500.0,8500.0
ORD009331,PROD0003,1,0.05,99750.0,14750.0
ORD009332,PROD0023,1,0.05,2375.0,1075.0
ORD009332,PROD0006,2,0.0,4400.0,2000.0
ORD009332,PROD0020,1,0.0,24000.0,7000.0
ORD009333,PROD0008,1,0.15,12750.0,2250.0
ORD009333,PROD0010,1,0.05,20900.0,4900.0
ORD009333,PROD0005,1,0.0,4500.0,1800.0
ORD009333,PROD0028,1,0.1,1620.0,670.0
ORD009334,PROD0005,5,0.0,22500.0,9000.0
ORD009335,PROD0001,1,0.1,76500.0,8500.0
ORD009336,PROD0017,1,0.0,450.0,230.0
ORD009337,PROD0003,1,0.0,105000.0,20000.0
ORD009338,PROD0006,1,0.15,1870.0,670.0
ORD009338,PROD0022,1,0.1,810.0,360.0
ORD009338,PROD0014,3,0.2,67200.0,10200.0
ORD009339,PROD0005,1,0.1,4050.0,1350.0
ORD009339,PROD0010,3,0.1,59400.0,11400.0
ORD009340,PROD0018,1,0.0,650.0,320.0
ORD009341,PROD0004,2,0.0,2400.0,1100.0
ORD009342,PROD0005,2,0.0,9000.0,3600.0
ORD009343,PROD0008,1,0.15,12750.0,2250.0
ORD009343,PROD0020,3,0.0,72000.0,21000.0
ORD009344,PROD0025,1,0.1,3150.0,1350.0
ORD009345,PROD0012,4,0.0,72000.0,28000.0
ORD009346,PROD0001,4,0.15,289000.0,17000.0
ORD009346,PROD0026,1,0.0,5500.0,2300.0
ORD009347,PROD0006,1,0.0,2200.0,1000.0
ORD009348,PROD0014,1,0.05,26600.0,7600.0
ORD009348,PROD0027,1,0.2,5200.0,1300.0
ORD009348,PROD0020,1,0.15,20400.0,3400.0
ORD009349,PROD0020,4,0.0,96000.0,28000.0
ORD009350,PROD0001,1,0.0,85000.0,17000.0
ORD009350,PROD0023,1,0.1,2250.0,950.0
ORD009351,PROD0019,1,0.2,12000.0,1500.0
ORD009352,PROD0007,2,0.0,44000.0,13000.0
ORD009353,PROD0027,2,0.0,13000.0,5200.0
ORD009354,PROD0010,1,0.0,22000.0,6000.0
ORD009354,PROD0011,1,0.2,9600.0,2100.0
ORD009355,PROD0015,1,0.0,8500.0,3500.0
ORD009356,PROD0013,3,0.15,40800.0,10800.0
ORD009357,PROD0012,1,0.0,18000.0,7000.0
ORD009357,PROD0007,1,0.1,19800.0,4300.0
ORD009358,PROD0024,3,0.05,11970.0,5370.0
ORD009358,PROD0004,3,0.0,3600.0,1650.0
ORD009358,PROD0006,4,0.0,8800.0,4000.0
ORD009359,PROD0021,1,0.0,1800.0,850.0
ORD009359,PROD0008,4,0.0,60000.0,18000.0
ORD009360,PROD0004,2,0.0,2400.0,1100.0
ORD009361,PROD0017,1,0.0,450.0,230.0
ORD009361,PROD0012,2,0.0,36000.0,14000.0
ORD009362,PROD0016,3,0.1,18900.0,6300.0
ORD009363,PROD0012,5,0.15,76500.0,21500.0
ORD009363,PROD0008,2,0.0,30000.0,9000.0
ORD009363,PROD0017,4,0.15,1530.0,650.0
ORD009364,PROD0003,1,0.2,84000.0,-1000.0
ORD009365,PROD0018,2,0.2,1040.0,380.0
ORD009366,PROD0026,1,0.2,4400.0,1200.0
ORD009367,PROD0016,1,0.0,7000.0,2800.0
ORD009368,PROD0003,1,0.15,89250.0,4250.0
ORD009369,PROD0021,1,0.0,1800.0,850.0
ORD009369,PROD0020,1,0.0,24000.0,7000.0
ORD009369,PROD0008,2,0.1,27000.0,6000.0
ORD009370,PROD0001,1,0.2,68000.0,0.0
ORD009371,PROD0023,2,0.0,5000.0,2400.0
ORD009371,PROD0011,2,0.1,21600.0,6600.0
ORD009372,PROD0025,1,0.0,3500.0,1700.0
ORD009373,PROD0026,5,0.05,26125.0,10125.0
ORD009374,PROD0013,1,0.0,16000.0,6000.0
ORD009374,PROD0003,5,0.1,472500.0,47500.0
ORD009374,PROD0001,1,0.2,68000.0,0.0
ORD009374,PROD0022,1,0.1,810.0,360.0
ORD009375,PROD0008,1,0.0,15000.0,4500.0
ORD009375,PROD0015,1,0.15,7225.0,2225.0
ORD009376,PROD0018,2,0.1,1170.0,510.0
ORD009377,PROD0019,1,0.15,12750.0,2250.0
ORD009378,PROD0026,2,0.0,11000.0,4600.0
ORD009379,PROD0028,1,0.15,1530.0,580.0
ORD009380,PROD0010,1,0.0,22000.0,6000.0
ORD009381,PROD0019,1,0.1,13500.0,3000.0
ORD009381,PROD0017,1,0.2,360.0,140.0
ORD009382,PROD0015,1,0.05,8075.0,3075.0
ORD009382,PROD0001,1,0.0,85000.0,17000.0
ORD009383,PROD0018,1,0.1,585.0,255.0
ORD009383,PROD0014,2,0.15,47600.0,9600.0
ORD009383,PROD0026,5,0.05,26125.0,10125.0
ORD009384,PROD0016,2,0.1,12600.0,4200.0
ORD009384,PROD0004,1,0.2,960.0,310.0
ORD009385,PROD0025,2,0.0,7000.0,3400.0
ORD009386,PROD0011,4,0.2,38400.0,8400.0
ORD009386,PROD0023,1,0.1,2250.0,950.0
ORD009387,PROD0021,1,0.0,1800.0,850.0
ORD009388,PROD0009,2,0.2,88000.0,4000.0
ORD009388,PROD0004,1,0.15,1020.0,370.0
ORD009388,PROD0024,3,0.0,12600.0,6000.0
ORD009389,PROD0006,1,0.0,2200.0,1000.0
ORD009389,PROD0001,1,0.15,72250.0,4250.0
ORD009389,PROD0014,1,0.0,28000.0,9000.0
ORD009390,PROD0017,1,0.0,450.0,230.0
ORD009390,PROD0008,2,0.0,30000.0,9000.0
ORD009391,PROD0024,1,0.2,3360.0,1160.0
ORD009391,PROD0028,1,0.15,1530.0,580.0
ORD009392,PROD0006,1,0.15,1870.0,670.0
ORD009392,PROD0020,2,0.15,40800.0,6800.0
ORD009393,PROD0014,1,0.1,25200.0,6200.0
ORD009394,PROD0024,3,0.1,11340.0,4740.0
ORD009394,PROD0005,1,0.0,4500.0,1800.0
ORD009394,PROD0027,1,0.15,5525.0,1625.0
ORD009395,PROD0006,1,0.2,1760.0,560.0
ORD009395,PROD0024,1,0.15,3570.0,1370.0
ORD009395,PROD0014,2,0.05,53200.0,15200.0
ORD009396,PROD0021,2,0.0,3600.0,1700.0
ORD009397,PROD0007,1,0.05,20900.0,5400.0
ORD009398,PROD0005,1,0.0,4500.0,1800.0
ORD009399,PROD0005,1,0.05,4275.0,1575.0
ORD009399,PROD0027,1,0.0,6500.0,2600.0
ORD009400,PROD0018,1,0.0,650.0,320.0
ORD009400,PROD0021,3,0.0,5400.0,2550.0
ORD009401,PROD0016,1,0.2,5600.0,1400.0
ORD009401,PROD0007,4,0.15,74800.0,12800.0
ORD009401,PROD0017,1,0.2,360.0,140.0
ORD009402,PROD0005,1,0.0,4500.0,1800.0
ORD009403,PROD0007,2,0.2,35200.0,4200.0
ORD009404,PROD0027,1,0.0,6500.0,2600.0
ORD009404,PROD0014,4,0.0,112000.0,36000.0
ORD009405,PROD0002,1,0.15,55250.0,4250.0
ORD009406,PROD0006,3,0.0,6600.0,3000.0
ORD009407,PROD0023,1,0.1,2250.0,950.0
ORD009407,PROD0002,1,0.1,58500.0,7500.0
ORD009408,PROD0015,1,0.0,8500.0,3500.0
ORD009408,PROD0004,1,0.0,1200.0,550.0
ORD009409,PROD0003,1,0.2,84000.0,-1000.0
ORD009409,PROD0023,4,0.0,10000.0,4800.0
ORD009410,PROD0023,1,0.0,2500.0,1200.0
ORD009411,PROD0024,1,0.2,3360.0,1160.0
ORD009411,PROD0028,1,0.0,1800.0,850.0
ORD009412,PROD0015,1,0.1,7650.0,2650.0
ORD009412,PROD0025,1,0.05,3325.0,1525.0
ORD009412,PROD0011,3,0.0,36000.0,13500.0
ORD009413,PROD0019,1,0.0,15000.0,4500.0
ORD009413,PROD0016,1,0.1,6300.0,2100.0
ORD009414,PROD0020,4,0.05,91200.0,23200.0
ORD009415,PROD0004,1,0.0,1200.0,550.0
ORD009415,PROD0020,1,0.0,24000.0,7000.0
ORD009415,PROD0003,1,0.15,89250.0,4250.0
ORD009416,PROD0026,5,0.2,22000.0,6000.0
ORD009417,PROD0025,1,0.0,3500.0,1700.0
ORD009418,PROD0018,2,0.0,1300.0,640.0
ORD009418,PROD0008,1,0.0,15000.0,4500.0
ORD009419,PROD0020,1,0.0,24000.0,7000.0
ORD009420,PROD0008,4,0.15,51000.0,9000.0
ORD009421,PROD0028,1,0.1,1620.0,670.0
ORD009422,PROD0012,2,0.15,30600.0,8600.0
ORD009422,PROD0006,1,0.15,1870.0,670.0
ORD009423,PROD0010,1,0.2,17600.0,1600.0
ORD009423,PROD0016,2,0.2,11200.0,2800.0
ORD009424,PROD0003,2,0.0,210000.0,40000.0
ORD009424,PROD0016,2,0.0,14000.0,5600.0
ORD009425,PROD0013,3,0.15,40800.0,10800.0
ORD009425,PROD0027,4,0.15,22100.0,6500.0
ORD009425,PROD0009,1,0.0,55000.0,13000.0
ORD009426,PROD0003,1,0.0,105000.0,20000.0
ORD009427,PROD0016,1,0.0,7000.0,2800.0
ORD009428,PROD0015,1,0.05,8075.0,3075.0
ORD009429,PROD0014,1,0.2,22400.0,3400.0
ORD009429,PROD0005,2,0.0,9000.0,3600.0
ORD009429,PROD0015,4,0.0,34000.0,14000.0
ORD009429,PROD0003,1,0.2,84000.0,-1000.0
ORD009430,PROD0001,1,0.15,72250.0,4250.0
ORD009431,PROD0008,1,0.0,15000.0,4500.0
ORD009431,PROD0018,3,0.0,1950.0,960.0
ORD009432,PROD0027,4,0.1,23400.0,7800.0
ORD009433,PROD0024,1,0.2,3360.0,1160.0
ORD009434,PROD0018,3,0.05,1852.5,862.5
ORD009434,PROD0013,2,0.0,32000.0,12000.0
ORD009435,PROD0011,1,0.05,11400.0,3900.0
ORD009435,PROD0008,1,0.0,15000.0,4500.0
ORD009436,PROD0010,1,0.0,22000.0,6000.0
ORD009436,PROD0017,4,0.0,1800.0,920.0
ORD009437,PROD0009,2,0.0,110000.0,26000.0
ORD009437,PROD0014,1,0.0,28000.0,9000.0
ORD009438,PROD0007,2,0.0,44000.0,13000.0
ORD009439,PROD0023,1,0.15,2125.0,825.0
ORD009440,PROD0018,1,0.15,552.5,222.5
ORD009440,PROD0008,3,0.15,38250.0,6750.0
ORD009441,PROD0003,1,0.0,105000.0,20000.0
ORD009442,PROD0019,3,0.0,45000.0,13500.0
ORD009442,PROD0024,1,0.05,3990.0,1790.0
ORD009442,PROD0028,5,0.05,8550.0,3800.0
ORD009443,PROD0012,1,0.1,16200.0,5200.0
ORD009444,PROD0021,3,0.05,5130.0,2280.0
ORD009444,PROD0014,1,0.0,28000.0,9000.0
ORD009444,PROD0004,1,0.0,1200.0,550.0
ORD009445,PROD0026,2,0.05,10450.0,4050.0
ORD009446,PROD0003,3,0.1,283500.0,28500.0
ORD009447,PROD0020,2,0.15,40800.0,6800.0
ORD009448,PROD0021,2,0.1,3240.0,1340.0
ORD009448,PROD0028,3,0.0,5400.0,2550.0
ORD009449,PROD0025,4,0.0,14000.0,6800.0
ORD009449,PROD0015,3,0.1,22950.0,7950.0
ORD009450,PROD0027,2,0.1,11700.0,3900.0
ORD009451,PROD0028,4,0.15,6120.0,2320.0
ORD009451,PROD0014,1,0.1,25200.0,6200.0
ORD009452,PROD0009,2,0.0,110000.0,26000.0
ORD009452,PROD0014,1,0.2,22400.0,3400.0
ORD009452,PROD0023,1,0.1,2250.0,950.0
ORD009452,PROD0013,2,0.2,25600.0,5600.0
ORD009453,PROD0027,1,0.0,6500.0,2600.0
ORD009453,PROD0012,3,0.1,48600.0,15600.0
ORD009453,PROD0024,2,0.1,7560.0,3160.0
ORD009454,PROD0015,2,0.0,17000.0,7000.0
ORD009455,PROD0022,1,0.0,900.0,450.0
ORD009456,PROD0006,3,0.05,6270.0,2670.0
ORD009456,PROD0009,4,0.2,176000.0,8000.0
ORD009457,PROD0016,1,0.05,6650.0,2450.0
ORD009457,PROD0015,2,0.05,16150.0,6150.0
ORD009457,PROD0005,2,0.0,9000.0,3600.0
ORD009458,PROD0001,3,0.2,204000.0,0.0
ORD009458,PROD0011,3,0.2,28800.0,6300.0
ORD009459,PROD0022,2,0.0,1800.0,900.0
ORD009460,PROD0028,1,0.05,1710.0,760.0
ORD009461,PROD0001,1,0.0,85000.0,17000.0
ORD009462,PROD0011,1,0.0,12000.0,4500.0
ORD009462,PROD0002,1,0.05,61750.0,10750.0
ORD009463,PROD0025,1,0.05,3325.0,1525.0
ORD009463,PROD0024,1,0.0,4200.0,2000.0
ORD009463,PROD0010,3,0.0,66000.0,18000.0
ORD009463,PROD0023,1,0.2,2000.0,700.0
ORD009464,PROD0011,4,0.15,40800.0,10800.0
ORD009465,PROD0001,2,0.0,170000.0,34000.0
ORD009465,PROD0016,3,0.0,21000.0,8400.0
ORD009465,PROD0009,1,0.0,55000.0,13000.0
ORD009466,PROD0003,1,0.15,89250.0,4250.0
ORD009466,PROD0005,4,0.0,18000.0,7200.0
ORD009467,PROD0026,4,0.0,22000.0,9200.0
ORD009467,PROD0005,1,0.15,3825.0,1125.0
ORD009467,PROD0013,4,0.2,51200.0,11200.0
ORD009468,PROD0016,2,0.15,11900.0,3500.0
ORD009469,PROD0011,1,0.15,10200.0,2700.0
ORD009469,PROD0022,2,0.05,1710.0,810.0
ORD009470,PROD0026,1,0.2,4400.0,1200.0
ORD009470,PROD0015,1,0.2,6800.0,1800.0
ORD009470,PROD0005,2,0.0,9000.0,3600.0
ORD009471,PROD0026,1,0.2,4400.0,1200.0
ORD009472,PROD0023,1,0.15,2125.0,825.0
ORD009472,PROD0019,1,0.15,12750.0,2250.0
ORD009473,PROD0021,1,0.0,1800.0,850.0
ORD009474,PROD0021,2,0.2,2880.0,980.0
ORD009475,PROD0007,1,0.0,22000.0,6500.0
ORD009476,PROD0015,1,0.1,7650.0,2650.0
ORD009477,PROD0023,1,0.2,2000.0,700.0
ORD009478,PROD0024,1,0.05,3990.0,1790.0
ORD009479,PROD0017,1,0.2,360.0,140.0
ORD009480,PROD0026,3,0.2,13200.0,3600.0
ORD009481,PROD0013,4,0.05,60800.0,20800.0
ORD009482,PROD0023,1,0.0,2500.0,1200.0
ORD009483,PROD0011,3,0.0,36000.0,13500.0
ORD009483,PROD0023,1,0.1,2250.0,950.0
ORD009483,PROD0002,1,0.0,65000.0,14000.0
ORD009484,PROD0016,1,0.2,5600.0,1400.0
ORD009484,PROD0018,3,0.0,1950.0,960.0
ORD009485,PROD0026,1,0.15,4675.0,1475.0
ORD009485,PROD0018,1,0.0,650.0,320.0
ORD009485,PROD0007,1,0.0,22000.0,6500.0
ORD009486,PROD0017,4,0.0,1800.0,920.0
ORD009486,PROD0011,2,0.0,24000.0,9000.0
ORD009486,PROD0023,1,0.05,2375.0,1075.0
ORD009487,PROD0016,1,0.05,6650.0,2450.0
ORD009488,PROD0022,1,0.05,855.0,405.0
ORD009489,PROD0027,3,0.1,17550.0,5850.0
ORD009489,PROD0007,1,0.05,20900.0,5400.0
ORD009490,PROD0007,1,0.05,20900.0,5400.0
ORD009490,PROD0006,4,0.0,8800.0,4000.0
ORD009491,PROD0022,1,0.0,900.0,450.0
ORD009491,PROD0013,1,0.0,16000.0,6000.0
ORD009492,PROD0005,4,0.2,14400.0,3600.0
ORD009493,PROD0006,2,0.15,3740.0,1340.0
ORD009493,PROD0017,1,0.0,450.0,230.0
ORD009494,PROD0015,1,0.1,7650.0,2650.0
ORD009494,PROD0014,2,0.0,56000.0,18000.0
ORD009495,PROD0018,1,0.15,552.5,222.5
ORD009496,PROD0002,1,0.0,65000.0,14000.0
ORD009496,PROD0004,2,0.1,2160.0,860.0
ORD009497,PROD0005,1,0.0,4500.0,1800.0
ORD009497,PROD0009,3,0.2,132000.0,6000.0
ORD009497,PROD0012,1,0.1,16200.0,5200.0
ORD009498,PROD0025,1,0.2,2800.0,1000.0
ORD009498,PROD0013,1,0.15,13600.0,3600.0
ORD009498,PROD0011,1,0.1,10800.0,3300.0
ORD009499,PROD0014,3,0.05,79800.0,22800.0
ORD009500,PROD0014,1,0.0,28000.0,9000.0
ORD009501,PROD0006,2,0.2,3520.0,1120.0
ORD009502,PROD0003,1,0.05,99750.0,14750.0
ORD009502,PROD0021,1,0.05,1710.0,760.0
ORD009502,PROD0002,1,0.0,65000.0,14000.0
ORD009503,PROD0016,4,0.0,28000.0,11200.0
ORD009504,PROD0023,1,0.1,2250.0,950.0
ORD009504,PROD0006,2,0.05,4180.0,1780.0
ORD009505,PROD0010,1,0.0,22000.0,6000.0
ORD009506,PROD0028,3,0.2,4320.0,1470.0
ORD009507,PROD0004,1,0.0,1200.0,550.0
ORD009507,PROD0022,2,0.1,1620.0,720.0
ORD009508,PROD0019,5,0.1,67500.0,15000.0
ORD009509,PROD0026,2,0.0,11000.0,4600.0
ORD009509,PROD0019,1,0.2,12000.0,1500.0
ORD009509,PROD0028,1,0.1,1620.0,670.0
ORD009510,PROD0016,2,0.0,14000.0,5600.0
ORD009511,PROD0016,4,0.2,22400.0,5600.0
ORD009511,PROD0026,4,0.0,22000.0,9200.0
ORD009512,PROD0012,1,0.15,15300.0,4300.0
ORD009513,PROD0007,1,0.2,17600.0,2100.0
ORD009513,PROD0014,3,0.0,84000.0,27000.0
ORD009514,PROD0010,1,0.1,19800.0,3800.0
ORD009514,PROD0020,1,0.05,22800.0,5800.0
ORD009515,PROD0010,1,0.0,22000.0,6000.0
ORD009516,PROD0011,4,0.1,43200.0,13200.0
ORD009516,PROD0015,3,0.2,20400.0,5400.0
ORD009516,PROD0004,1,0.1,1080.0,430.0
ORD009517,PROD0014,1,0.0,28000.0,9000.0
ORD009517,PROD0018,5,0.15,2762.5,1112.5
ORD009518,PROD0009,1,0.15,46750.0,4750.0
ORD009519,PROD0018,1,0.05,617.5,287.5
ORD009520,PROD0003,1,0.1,94500.0,9500.0
ORD009521,PROD0027,1,0.0,6500.0,2600.0
ORD009521,PROD0010,2,0.1,39600.0,7600.0
ORD009522,PROD0013,1,0.2,12800.0,2800.0
ORD009523,PROD0016,1,0.0,7000.0,2800.0
ORD009524,PROD0019,2,0.0,30000.0,9000.0
ORD009525,PROD0024,5,0.05,19950.0,8950.0
ORD009525,PROD0023,4,0.0,10000.0,4800.0
ORD009525,PROD0009,1,0.05,52250.0,10250.0
ORD009526,PROD0003,1,0.0,105000.0,20000.0
ORD009527,PROD0013,2,0.0,32000.0,12000.0
ORD009528,PROD0008,2,0.1,27000.0,6000.0
ORD009529,PROD0015,1,0.05,8075.0,3075.0
ORD009530,PROD0007,2,0.1,39600.0,8600.0
ORD009530,PROD0005,1,0.0,4500.0,1800.0
ORD009530,PROD0020,2,0.15,40800.0,6800.0
ORD009531,PROD0020,1,0.0,24000.0,7000.0
ORD009531,PROD0019,4,0.1,54000.0,12000.0
ORD009531,PROD0002,2,0.2,104000.0,2000.0
ORD009531,PROD0012,2,0.1,32400.0,10400.0
ORD009532,PROD0014,3,0.15,71400.0,14400.0
ORD009533,PROD0025,3,0.1,9450.0,4050.0
ORD009533,PROD0004,1,0.0,1200.0,550.0
ORD009533,PROD0003,2,0.05,199500.0,29500.0
ORD009534,PROD0023,1,0.0,2500.0,1200.0
ORD009535,PROD0020,1,0.0,24000.0,7000.0
ORD009535,PROD0007,1,0.1,19800.0,4300.0
ORD009536,PROD0025,2,0.0,7000.0,3400.0
ORD009537,PROD0001,4,0.05,323000.0,51000.0
ORD009538,PROD0018,1,0.1,585.0,255.0
ORD009539,PROD0013,1,0.0,16000.0,6000.0
ORD009540,PROD0011,1,0.0,12000.0,4500.0
ORD009541,PROD0011,1,0.0,12000.0,4500.0
ORD009541,PROD0020,1,0.0,24000.0,7000.0
ORD009542,PROD0002,5,0.0,325000.0,70000.0
ORD009542,PROD0023,1,0.0,2500.0,1200.0
ORD009543,PROD0019,2,0.0,30000.0,9000.0
ORD009544,PROD0004,1,0.0,1200.0,550.0
ORD009545,PROD0016,3,0.15,17850.0,5250.0
ORD009545,PROD0001,1,0.0,85000.0,17000.0
ORD009545,PROD0003,4,0.1,378000.0,38000.0
ORD009546,PROD0005,2,0.0,9000.0,3600.0
ORD009547,PROD0006,1,0.0,2200.0,1000.0
ORD009547,PROD0020,3,0.1,64800.0,13800.0
ORD009548,PROD0024,2,0.05,7980.0,3580.0
ORD009548,PROD0003,1,0.15,89250.0,4250.0
ORD009549,PROD0002,1,0.0,65000.0,14000.0
ORD009549,PROD0026,2,0.05,10450.0,4050.0
ORD009550,PROD0024,2,0.0,8400.0,4000.0
ORD009551,PROD0008,2,0.05,28500.0,7500.0
ORD009552,PROD0024,2,0.0,8400.0,4000.0
ORD009553,PROD0016,4,0.1,25200.0,8400.0
ORD009554,PROD0005,1,0.05,4275.0,1575.0
ORD009555,PROD0005,1,0.05,4275.0,1575.0
ORD009556,PROD0016,1,0.2,5600.0,1400.0
ORD009557,PROD0008,1,0.15,12750.0,2250.0
ORD009558,PROD0021,1,0.2,1440.0,490.0
ORD009559,PROD0022,1,0.15,765.0,315.0
ORD009559,PROD0007,1,0.05,20900.0,5400.0
ORD009559,PROD0006,1,0.15,1870.0,670.0
ORD009560,PROD0012,1,0.0,18000.0,7000.0
ORD009560,PROD0017,2,0.0,900.0,460.0
ORD009560,PROD0007,3,0.0,66000.0,19500.0
ORD009561,PROD0027,3,0.2,15600.0,3900.0
ORD009562,PROD0003,1,0.0,105000.0,20000.0
ORD009562,PROD0024,2,0.1,7560.0,3160.0
ORD009562,PROD0026,2,0.0,11000.0,4600.0
ORD009563,PROD0028,2,0.0,3600.0,1700.0
ORD009564,PROD0028,1,0.05,1710.0,760.0
ORD009565,PROD0012,1,0.0,18000.0,7000.0
ORD009565,PROD0026,1,0.1,4950.0,1750.0
ORD009565,PROD0020,1,0.0,24000.0,7000.0
ORD009565,PROD0016,2,0.0,14000.0,5600.0
ORD009566,PROD0025,2,0.0,7000.0,3400.0
ORD009566,PROD0009,3,0.2,132000.0,6000.0
ORD009567,PROD0006,1,0.05,2090.0,890.0
ORD009567,PROD0020,1,0.0,24000.0,7000.0
ORD009568,PROD0009,1,0.2,44000.0,2000.0
ORD009568,PROD0012,2,0.0,36000.0,14000.0
ORD009569,PROD0024,1,0.2,3360.0,1160.0
ORD009570,PROD0021,1,0.1,1620.0,670.0
ORD009570,PROD0015,1,0.2,6800.0,1800.0
ORD009570,PROD0008,1,0.2,12000.0,1500.0
ORD009570,PROD0016,1,0.0,7000.0,2800.0
ORD009571,PROD0022,1,0.15,765.0,315.0
ORD009572,PROD0021,3,0.2,4320.0,1470.0
ORD009573,PROD0018,1,0.0,650.0,320.0
ORD009574,PROD0007,3,0.05,62700.0,16200.0
ORD009574,PROD0003,1,0.0,105000.0,20000.0
ORD009574,PROD0004,1,0.05,1140.0,490.0
ORD009575,PROD0013,2,0.1,28800.0,8800.0
ORD009576,PROD0012,3,0.0,54000.0,21000.0
ORD009577,PROD0004,3,0.05,3420.0,1470.0
ORD009578,PROD0020,2,0.15,40800.0,6800.0
ORD009579,PROD0008,2,0.0,30000.0,9000.0
ORD009580,PROD0013,1,0.15,13600.0,3600.0
ORD009581,PROD0012,1,0.0,18000.0,7000.0
ORD009581,PROD0011,1,0.1,10800.0,3300.0
ORD009582,PROD0025,2,0.15,5950.0,2350.0
ORD009583,PROD0024,1,0.0,4200.0,2000.0
ORD009583,PROD0009,1,0.2,44000.0,2000.0
ORD009584,PROD0001,2,0.0,170000.0,34000.0
ORD009584,PROD0022,1,0.0,900.0,450.0
ORD009585,PROD0015,5,0.2,34000.0,9000.0
ORD009585,PROD0008,1,0.05,14250.0,3750.0
ORD009585,PROD0027,2,0.0,13000.0,5200.0
ORD009585,PROD0018,4,0.05,2470.0,1150.0
ORD009586,PROD0021,4,0.1,6480.0,2680.0
ORD009587,PROD0021,1,0.0,1800.0,850.0
ORD009587,PROD0014,2,0.0,56000.0,18000.0
ORD009588,PROD0014,1,0.1,25200.0,6200.0
ORD009588,PROD0026,1,0.0,5500.0,2300.0
ORD009589,PROD0024,3,0.0,12600.0,6000.0
ORD009589,PROD0020,4,0.1,86400.0,18400.0
ORD009589,PROD0017,4,0.1,1620.0,740.0
ORD009590,PROD0019,2,0.1,27000.0,6000.0
ORD009591,PROD0003,1,0.1,94500.0,9500.0
ORD009591,PROD0001,1,0.15,72250.0,4250.0
ORD009592,PROD0028,1,0.0,1800.0,850.0
ORD009593,PROD0008,4,0.0,60000.0,18000.0
ORD009593,PROD0005,1,0.1,4050.0,1350.0
ORD009594,PROD0020,3,0.15,61200.0,10200.0
ORD009594,PROD0010,1,0.2,17600.0,1600.0
ORD009595,PROD0005,2,0.0,9000.0,3600.0
ORD009595,PROD0002,3,0.15,165750.0,12750.0
ORD009596,PROD0001,3,0.2,204000.0,0.0
ORD009596,PROD0028,1,0.0,1800.0,850.0
ORD009596,PROD0013,1,0.15,13600.0,3600.0
ORD009597,PROD0027,3,0.15,16575.0,4875.0
ORD009597,PROD0020,2,0.05,45600.0,11600.0
ORD009597,PROD0003,1,0.15,89250.0,4250.0
ORD009598,PROD0003,1,0.15,89250.0,4250.0
ORD009598,PROD0011,1,0.2,9600.0,2100.0
ORD009599,PROD0022,1,0.05,855.0,405.0
ORD009599,PROD0027,2,0.1,11700.0,3900.0
ORD009600,PROD0007,2,0.1,39600.0,8600.0
ORD009600,PROD0020,1,0.0,24000.0,7000.0
ORD009600,PROD0014,1,0.0,28000.0,9000.0
ORD009601,PROD0001,1,0.05,80750.0,12750.0
ORD009602,PROD0006,1,0.0,2200.0,1000.0
ORD009603,PROD0027,1,0.2,5200.0,1300.0
ORD009603,PROD0017,1,0.2,360.0,140.0
ORD009604,PROD0007,1,0.0,22000.0,6500.0
ORD009604,PROD0019,2,0.0,30000.0,9000.0
ORD009604,PROD0003,1,0.2,84000.0,-1000.0
ORD009605,PROD0012,1,0.1,16200.0,5200.0
ORD009606,PROD0022,2,0.0,1800.0,900.0
ORD009607,PROD0020,1,0.2,19200.0,2200.0
ORD009607,PROD0023,3,0.0,7500.0,3600.0
ORD009608,PROD0027,3,0.0,19500.0,7800.0
ORD009609,PROD0004,1,0.0,1200.0,550.0
ORD009609,PROD0014,1,0.1,25200.0,6200.0
ORD009610,PROD0005,2,0.15,7650.0,2250.0
ORD009610,PROD0024,4,0.15,14280.0,5480.0
ORD009610,PROD0027,1,0.0,6500.0,2600.0
ORD009611,PROD0024,3,0.0,12600.0,6000.0
ORD009612,PROD0012,2,0.0,36000.0,14000.0
ORD009613,PROD0002,2,0.2,104000.0,2000.0
ORD009613,PROD0028,1,0.1,1620.0,670.0
ORD009613,PROD0024,1,0.0,4200.0,2000.0
ORD009614,PROD0022,2,0.15,1530.0,630.0
ORD009615,PROD0015,2,0.05,16150.0,6150.0
ORD009616,PROD0013,3,0.15,40800.0,10800.0
ORD009616,PROD0028,3,0.0,5400.0,2550.0
ORD009617,PROD0002,1,0.1,58500.0,7500.0
ORD009617,PROD0020,2,0.2,38400.0,4400.0
ORD009617,PROD0010,3,0.15,56100.0,8100.0
ORD009617,PROD0011,1,0.0,12000.0,4500.0
ORD009618,PROD0013,3,0.0,48000.0,18000.0
ORD009618,PROD0011,1,0.0,12000.0,4500.0
ORD009618,PROD0024,3,0.05,11970.0,5370.0
ORD009619,PROD0006,2,0.0,4400.0,2000.0
ORD009619,PROD0021,1,0.05,1710.0,760.0
ORD009620,PROD0007,3,0.2,52800.0,6300.0
ORD009620,PROD0008,1,0.0,15000.0,4500.0
ORD009621,PROD0022,1,0.0,900.0,450.0
ORD009622,PROD0009,1,0.05,52250.0,10250.0
ORD009622,PROD0017,4,0.2,1440.0,560.0
ORD009623,PROD0022,2,0.2,1440.0,540.0
ORD009623,PROD0010,1,0.05,20900.0,4900.0
ORD009624,PROD0003,1,0.05,99750.0,14750.0
ORD009625,PROD0016,2,0.15,11900.0,3500.0
ORD009625,PROD0024,1,0.15,3570.0,1370.0
ORD009626,PROD0016,1,0.0,7000.0,2800.0
ORD009627,PROD0022,1,0.0,900.0,450.0
ORD009628,PROD0017,1,0.0,450.0,230.0
ORD009629,PROD0015,1,0.2,6800.0,1800.0
ORD009629,PROD0027,1,0.1,5850.0,1950.0
ORD009630,PROD0018,1,0.1,585.0,255.0
ORD009630,PROD0004,1,0.05,1140.0,490.0
ORD009631,PROD0005,5,0.0,22500.0,9000.0
ORD009631,PROD0006,4,0.0,8800.0,4000.0
ORD009632,PROD0028,1,0.0,1800.0,850.0
ORD009632,PROD0011,1,0.2,9600.0,2100.0
ORD009633,PROD0005,1,0.0,4500.0,1800.0
ORD009634,PROD0005,1,0.0,4500.0,1800.0
ORD009634,PROD0014,1,0.0,28000.0,9000.0
ORD009634,PROD0010,4,0.0,88000.0,24000.0
ORD009635,PROD0001,1,0.2,68000.0,0.0
ORD009636,PROD0011,2,0.05,22800.0,7800.0
ORD009637,PROD0024,2,0.0,8400.0,4000.0
ORD009638,PROD0005,5,0.05,21375.0,7875.0
ORD009638,PROD0012,1,0.0,18000.0,7000.0
ORD009639,PROD0001,1,0.0,85000.0,17000.0
ORD009640,PROD0018,3,0.15,1657.5,667.5
ORD009640,PROD0027,4,0.0,26000.0,10400.0
ORD009640,PROD0017,1,0.0,450.0,230.0
ORD009640,PROD0019,1,0.05,14250.0,3750.0
ORD009641,PROD0014,4,0.0,112000.0,36000.0
ORD009642,PROD0005,3,0.15,11475.0,3375.0
ORD009642,PROD0027,3,0.1,17550.0,5850.0
ORD009643,PROD0024,2,0.0,8400.0,4000.0
ORD009644,PROD0004,3,0.05,3420.0,1470.0
ORD009644,PROD0015,2,0.15,14450.0,4450.0
ORD009645,PROD0004,1,0.2,960.0,310.0
ORD009645,PROD0005,2,0.05,8550.0,3150.0
ORD009646,PROD0018,2,0.05,1235.0,575.0
ORD009646,PROD0011,1,0.0,12000.0,4500.0
ORD009646,PROD0026,2,0.1,9900.0,3500.0
ORD009647,PROD0014,1,0.15,23800.0,4800.0
ORD009648,PROD0002,4,0.05,247000.0,43000.0
ORD009648,PROD0006,3,0.05,6270.0,2670.0
ORD009648,PROD0018,2,0.05,1235.0,575.0
ORD009649,PROD0025,5,0.1,15750.0,6750.0
ORD009649,PROD0009,1,0.15,46750.0,4750.0
ORD009650,PROD0011,1,0.0,12000.0,4500.0
ORD009651,PROD0026,1,0.1,4950.0,1750.0
ORD009652,PROD0002,2,0.1,117000.0,15000.0
ORD009652,PROD0004,1,0.2,960.0,310.0
ORD009652,PROD0007,1,0.15,18700.0,3200.0
ORD009652,PROD0016,2,0.1,12600.0,4200.0
ORD009653,PROD0016,1,0.0,7000.0,2800.0
ORD009654,PROD0025,1,0.0,3500.0,1700.0
ORD009655,PROD0012,1,0.0,18000.0,7000.0
ORD009656,PROD0021,1,0.0,1800.0,850.0
ORD009657,PROD0026,1,0.2,4400.0,1200.0
ORD009657,PROD0028,1,0.1,1620.0,670.0
ORD009657,PROD0027,2,0.0,13000.0,5200.0
ORD009657,PROD0016,3,0.0,21000.0,8400.0
ORD009658,PROD0024,1,0.0,4200.0,2000.0
ORD009659,PROD0007,1,0.2,17600.0,2100.0
ORD009660,PROD0019,3,0.15,38250.0,6750.0
ORD009661,PROD0003,1,0.0,105000.0,20000.0
ORD009662,PROD0007,1,0.1,19800.0,4300.0
ORD009662,PROD0006,1,0.2,1760.0,560.0
ORD009663,PROD0011,1,0.2,9600.0,2100.0
ORD009663,PROD0012,1,0.0,18000.0,7000.0
ORD009664,PROD0018,1,0.05,617.5,287.5
ORD009665,PROD0020,1,0.0,24000.0,7000.0
ORD009666,PROD0018,1,0.05,617.5,287.5
ORD009667,PROD0024,1,0.15,3570.0,1370.0
ORD009668,PROD0005,2,0.0,9000.0,3600.0
ORD009668,PROD0021,2,0.2,2880.0,980.0
ORD009668,PROD0020,2,0.0,48000.0,14000.0
ORD009669,PROD0012,1,0.05,17100.0,6100.0
ORD009670,PROD0028,1,0.05,1710.0,760.0
ORD009671,PROD0016,1,0.2,5600.0,1400.0
ORD009671,PROD0002,2,0.2,104000.0,2000.0
ORD009672,PROD0012,1,0.1,16200.0,5200.0
ORD009673,PROD0026,2,0.05,10450.0,4050.0
ORD009674,PROD0025,1,0.1,3150.0,1350.0
ORD009674,PROD0001,1,0.0,85000.0,17000.0
ORD009675,PROD0021,2,0.2,2880.0,980.0
ORD009676,PROD0016,1,0.15,5950.0,1750.0
ORD009677,PROD0028,2,0.0,3600.0,1700.0
ORD009678,PROD0011,3,0.15,30600.0,8100.0
ORD009679,PROD0021,1,0.05,1710.0,760.0
ORD009679,PROD0007,1,0.0,22000.0,6500.0
ORD009679,PROD0014,1,0.05,26600.0,7600.0
ORD009680,PROD0021,3,0.15,4590.0,1740.0
ORD009681,PROD0015,1,0.0,8500.0,3500.0
ORD009682,PROD0014,1,0.0,28000.0,9000.0
ORD009682,PROD0027,1,0.1,5850.0,1950.0
ORD009682,PROD0018,2,0.05,1235.0,575.0
ORD009683,PROD0023,2,0.0,5000.0,2400.0
ORD009684,PROD0021,1,0.0,1800.0,850.0
ORD009684,PROD0014,2,0.0,56000.0,18000.0
ORD009684,PROD0001,2,0.1,153000.0,17000.0
ORD009685,PROD0019,4,0.0,60000.0,18000.0
ORD009685,PROD0007,2,0.1,39600.0,8600.0
ORD009686,PROD0021,1,0.0,1800.0,850.0
ORD009687,PROD0006,2,0.1,3960.0,1560.0
ORD009687,PROD0026,2,0.0,11000.0,4600.0
ORD009688,PROD0006,1,0.0,2200.0,1000.0
ORD009689,PROD0011,1,0.0,12000.0,4500.0
ORD009690,PROD0004,2,0.15,2040.0,740.0
ORD009690,PROD0020,4,0.0,96000.0,28000.0
ORD009690,PROD0009,1,0.1,49500.0,7500.0
ORD009691,PROD0013,1,0.05,15200.0,5200.0
ORD009692,PROD0001,2,0.0,170000.0,34000.0
ORD009693,PROD0013,3,0.1,43200.0,13200.0
ORD009693,PROD0003,1,0.0,105000.0,20000.0
ORD009694,PROD0028,1,0.0,1800.0,850.0
ORD009694,PROD0007,1,0.2,17600.0,2100.0
ORD009694,PROD0008,1,0.0,15000.0,4500.0
ORD009695,PROD0008,1,0.15,12750.0,2250.0
ORD009696,PROD0009,1,0.1,49500.0,7500.0
ORD009696,PROD0027,1,0.0,6500.0,2600.0
ORD009697,PROD0009,3,0.2,132000.0,6000.0
ORD009697,PROD0014,1,0.0,28000.0,9000.0
ORD009698,PROD0014,1,0.1,25200.0,6200.0
ORD009698,PROD0018,1,0.05,617.5,287.5
ORD009699,PROD0021,2,0.15,3060.0,1160.0
ORD009700,PROD0027,2,0.1,11700.0,3900.0
ORD009701,PROD0021,2,0.1,3240.0,1340.0
ORD009702,PROD0001,5,0.0,425000.0,85000.0
ORD009702,PROD0014,1,0.05,26600.0,7600.0
ORD009702,PROD0022,3,0.05,2565.0,1215.0
ORD009702,PROD0024,1,0.15,3570.0,1370.0
ORD009703,PROD0024,4,0.0,16800.0,8000.0
ORD009703,PROD0006,3,0.1,5940.0,2340.0
ORD009704,PROD0015,1,0.05,8075.0,3075.0
ORD009704,PROD0003,1,0.1,94500.0,9500.0
ORD009704,PROD0010,1,0.0,22000.0,6000.0
ORD009705,PROD0026,3,0.2,13200.0,3600.0
ORD009706,PROD0001,3,0.15,216750.0,12750.0
ORD009706,PROD0006,2,0.05,4180.0,1780.0
ORD009707,PROD0025,1,0.2,2800.0,1000.0
ORD009707,PROD0023,2,0.0,5000.0,2400.0
ORD009708,PROD0023,1,0.0,2500.0,1200.0
ORD009708,PROD0018,1,0.0,650.0,320.0
ORD009709,PROD0005,1,0.05,4275.0,1575.0
ORD009710,PROD0014,5,0.0,140000.0,45000.0
ORD009711,PROD0028,1,0.05,1710.0,760.0
ORD009712,PROD0028,1,0.15,1530.0,580.0
ORD009712,PROD0005,1,0.05,4275.0,1575.0
ORD009713,PROD0026,1,0.0,5500.0,2300.0
ORD009713,PROD0027,3,0.15,16575.0,4875.0
ORD009713,PROD0028,1,0.0,1800.0,850.0
ORD009714,PROD0016,1,0.0,7000.0,2800.0
ORD009715,PROD0017,1,0.0,450.0,230.0
ORD009716,PROD0018,1,0.15,552.5,222.5
ORD009716,PROD0001,1,0.0,85000.0,17000.0
ORD009716,PROD0021,2,0.0,3600.0,1700.0
ORD009717,PROD0024,2,0.2,6720.0,2320.0
ORD009717,PROD0021,1,0.2,1440.0,490.0
ORD009718,PROD0003,1,0.0,105000.0,20000.0
ORD009719,PROD0005,1,0.0,4500.0,1800.0
ORD009720,PROD0012,1,0.15,15300.0,4300.0
ORD009720,PROD0017,1,0.0,450.0,230.0
ORD009721,PROD0007,2,0.15,37400.0,6400.0
ORD009721,PROD0013,4,0.05,60800.0,20800.0
ORD009722,PROD0025,1,0.2,2800.0,1000.0
ORD009722,PROD0023,1,0.15,2125.0,825.0
ORD009723,PROD0009,1,0.05,52250.0,10250.0
ORD009724,PROD0024,1,0.1,3780.0,1580.0
ORD009725,PROD0005,1,0.1,4050.0,1350.0
ORD009726,PROD0018,1,0.0,650.0,320.0
ORD009726,PROD0011,4,0.0,48000.0,18000.0
ORD009727,PROD0003,1,0.0,105000.0,20000.0
ORD009728,PROD0003,3,0.0,315000.0,60000.0
ORD009728,PROD0012,1,0.1,16200.0,5200.0
ORD009729,PROD0021,3,0.0,5400.0,2550.0
ORD009729,PROD0024,1,0.1,3780.0,1580.0
ORD009730,PROD0022,2,0.15,1530.0,630.0
ORD009730,PROD0019,1,0.15,12750.0,2250.0
ORD009731,PROD0003,4,0.0,420000.0,80000.0
ORD009731,PROD0026,1,0.0,5500.0,2300.0
ORD009731,PROD0028,1,0.0,1800.0,850.0
ORD009731,PROD0023,2,0.2,4000.0,1400.0
ORD009732,PROD0008,2,0.1,27000.0,6000.0
ORD009732,PROD0025,1,0.2,2800.0,1000.0
ORD009733,PROD0005,2,0.2,7200.0,1800.0
ORD009733,PROD0027,2,0.1,11700.0,3900.0
ORD009734,PROD0017,4,0.0,1800.0,920.0
ORD009735,PROD0001,1,0.1,76500.0,8500.0
ORD009736,PROD0009,1,0.0,55000.0,13000.0
ORD009736,PROD0017,1,0.0,450.0,230.0
ORD009736,PROD0015,1,0.0,8500.0,3500.0
ORD009737,PROD0002,2,0.1,117000.0,15000.0
ORD009737,PROD0027,2,0.05,12350.0,4550.0
ORD009738,PROD0025,1,0.2,2800.0,1000.0
ORD009739,PROD0021,1,0.2,1440.0,490.0
ORD009739,PROD0018,2,0.2,1040.0,380.0
ORD009740,PROD0003,1,0.0,105000.0,20000.0
ORD009741,PROD0001,2,0.1,153000.0,17000.0
ORD009741,PROD0003,2,0.05,199500.0,29500.0
ORD009742,PROD0006,3,0.0,6600.0,3000.0
ORD009743,PROD0015,2,0.15,14450.0,4450.0
ORD009743,PROD0012,2,0.05,34200.0,12200.0
ORD009744,PROD0003,1,0.2,84000.0,-1000.0
ORD009745,PROD0001,1,0.0,85000.0,17000.0
ORD009745,PROD0014,2,0.15,47600.0,9600.0
ORD009746,PROD0012,3,0.0,54000.0,21000.0
ORD009747,PROD0001,1,0.0,85000.0,17000.0
ORD009748,PROD0016,1,0.0,7000.0,2800.0
ORD009749,PROD0026,1,0.0,5500.0,2300.0
ORD009750,PROD0020,3,0.0,72000.0,21000.0
ORD009751,PROD0007,2,0.15,37400.0,6400.0
ORD009752,PROD0021,1,0.0,1800.0,850.0
ORD009752,PROD0014,1,0.1,25200.0,6200.0
ORD009753,PROD0009,2,0.0,110000.0,26000.0
ORD009754,PROD0004,1,0.0,1200.0,550.0
ORD009754,PROD0017,2,0.0,900.0,460.0
ORD009755,PROD0001,3,0.15,216750.0,12750.0
ORD009756,PROD0020,3,0.0,72000.0,21000.0
ORD009756,PROD0005,1,0.2,3600.0,900.0
ORD009756,PROD0006,2,0.05,4180.0,1780.0
ORD009757,PROD0004,1,0.05,1140.0,490.0
ORD009758,PROD0004,1,0.0,1200.0,550.0
ORD009758,PROD0018,2,0.0,1300.0,640.0
ORD009759,PROD0028,1,0.2,1440.0,490.0
ORD009759,PROD0019,2,0.0,30000.0,9000.0
ORD009760,PROD0023,1,0.0,2500.0,1200.0
ORD009761,PROD0026,1,0.0,5500.0,2300.0
ORD009762,PROD0011,1,0.0,12000.0,4500.0
ORD009762,PROD0016,1,0.0,7000.0,2800.0
ORD009763,PROD0018,3,0.0,1950.0,960.0
ORD009763,PROD0014,1,0.05,26600.0,7600.0
ORD009764,PROD0028,2,0.0,3600.0,1700.0
ORD009764,PROD0022,2,0.0,1800.0,900.0
ORD009764,PROD0021,2,0.0,3600.0,1700.0
ORD009764,PROD0023,1,0.1,2250.0,950.0
ORD009765,PROD0001,4,0.0,340000.0,68000.0
ORD009765,PROD0013,2,0.0,32000.0,12000.0
ORD009766,PROD0025,1,0.0,3500.0,1700.0
ORD009767,PROD0002,1,0.1,58500.0,7500.0
ORD009768,PROD0004,2,0.0,2400.0,1100.0
ORD009768,PROD0006,5,0.2,8800.0,2800.0
ORD009768,PROD0020,1,0.05,22800.0,5800.0
ORD009768,PROD0028,1,0.15,1530.0,580.0
ORD009769,PROD0001,1,0.0,85000.0,17000.0
ORD009770,PROD0001,2,0.0,170000.0,34000.0
ORD009770,PROD0015,3,0.0,25500.0,10500.0
ORD009770,PROD0028,1,0.15,1530.0,580.0
ORD009771,PROD0011,3,0.1,32400.0,9900.0
ORD009772,PROD0016,2,0.1,12600.0,4200.0
ORD009773,PROD0013,2,0.0,32000.0,12000.0
ORD009773,PROD0008,1,0.15,12750.0,2250.0
ORD009773,PROD0017,1,0.05,427.5,207.5
ORD009774,PROD0004,2,0.05,2280.0,980.0
ORD009775,PROD0007,3,0.15,56100.0,9600.0
ORD009776,PROD0001,3,0.0,255000.0,51000.0
ORD009776,PROD0007,1,0.05,20900.0,5400.0
ORD009777,PROD0022,1,0.2,720.0,270.0
ORD009777,PROD0027,3,0.1,17550.0,5850.0
ORD009778,PROD0003,2,0.2,168000.0,-2000.0
ORD009779,PROD0001,1,0.1,76500.0,8500.0
ORD009779,PROD0024,1,0.2,3360.0,1160.0
ORD009779,PROD0026,1,0.0,5500.0,2300.0
ORD009779,PROD0015,1,0.0,8500.0,3500.0
ORD009780,PROD0023,1,0.2,2000.0,700.0
ORD009780,PROD0010,3,0.0,66000.0,18000.0
ORD009781,PROD0008,1,0.0,15000.0,4500.0
ORD009782,PROD0014,2,0.05,53200.0,15200.0
ORD009782,PROD0028,1,0.0,1800.0,850.0
ORD009782,PROD0018,1,0.05,617.5,287.5
ORD009783,PROD0009,4,0.0,220000.0,52000.0
ORD009783,PROD0017,5,0.0,2250.0,1150.0
ORD009783,PROD0020,1,0.0,24000.0,7000.0
ORD009784,PROD0012,2,0.2,28800.0,6800.0
ORD009784,PROD0007,1,0.0,22000.0,6500.0
ORD009785,PROD0009,1,0.15,46750.0,4750.0
ORD009786,PROD0011,1,0.05,11400.0,3900.0
ORD009786,PROD0018,1,0.2,520.0,190.0
ORD009786,PROD0021,1,0.1,1620.0,670.0
ORD009787,PROD0015,1,0.0,8500.0,3500.0
ORD009787,PROD0026,1,0.2,4400.0,1200.0
ORD009788,PROD0017,1,0.2,360.0,140.0
ORD009789,PROD0027,1,0.2,5200.0,1300.0
ORD009789,PROD0005,3,0.0,13500.0,5400.0
ORD009790,PROD0017,2,0.15,765.0,325.0
ORD009791,PROD0006,3,0.15,5610.0,2010.0
ORD009792,PROD0007,1,0.15,18700.0,3200.0
ORD009792,PROD0020,5,0.0,120000.0,35000.0
ORD009793,PROD0005,3,0.15,11475.0,3375.0
ORD009794,PROD0010,1,0.15,18700.0,2700.0
ORD009795,PROD0023,2,0.0,5000.0,2400.0
ORD009796,PROD0010,1,0.05,20900.0,4900.0
ORD009796,PROD0002,3,0.0,195000.0,42000.0
ORD009796,PROD0004,2,0.0,2400.0,1100.0
ORD009797,PROD0017,1,0.1,405.0,185.0
ORD009797,PROD0007,1,0.0,22000.0,6500.0
ORD009798,PROD0019,2,0.15,25500.0,4500.0
ORD009799,PROD0015,2,0.0,17000.0,7000.0
ORD009799,PROD0001,3,0.1,229500.0,25500.0
ORD009800,PROD0025,1,0.2,2800.0,1000.0
ORD009801,PROD0026,2,0.15,9350.0,2950.0
ORD009801,PROD0010,2,0.05,41800.0,9800.0
ORD009802,PROD0005,2,0.05,8550.0,3150.0
ORD009803,PROD0013,1,0.0,16000.0,6000.0
ORD009804,PROD0023,1,0.2,2000.0,700.0
ORD009804,PROD0015,2,0.05,16150.0,6150.0
ORD009804,PROD0005,3,0.0,13500.0,5400.0
ORD009805,PROD0019,2,0.0,30000.0,9000.0
ORD009806,PROD0026,1,0.2,4400.0,1200.0
ORD009807,PROD0024,1,0.0,4200.0,2000.0
ORD009808,PROD0013,1,0.0,16000.0,6000.0
ORD009808,PROD0010,1,0.15,18700.0,2700.0
ORD009808,PROD0006,1,0.05,2090.0,890.0
ORD009809,PROD0012,1,0.15,15300.0,4300.0
ORD009810,PROD0004,1,0.2,960.0,310.0
ORD009811,PROD0010,2,0.0,44000.0,12000.0
ORD009812,PROD0013,1,0.0,16000.0,6000.0
ORD009813,PROD0010,1,0.0,22000.0,6000.0
ORD009814,PROD0006,3,0.0,6600.0,3000.0
ORD009815,PROD0012,1,0.1,16200.0,5200.0
ORD009815,PROD0013,1,0.0,16000.0,6000.0
ORD009815,PROD0003,4,0.15,357000.0,17000.0
ORD009816,PROD0023,1,0.0,2500.0,1200.0
ORD009817,PROD0001,1,0.15,72250.0,4250.0
ORD009817,PROD0028,1,0.0,1800.0,850.0
ORD009817,PROD0017,1,0.0,450.0,230.0
ORD009817,PROD0010,1,0.2,17600.0,1600.0
ORD009818,PROD0028,3,0.2,4320.0,1470.0
ORD009819,PROD0017,2,0.1,810.0,370.0
ORD009819,PROD0016,1,0.2,5600.0,1400.0
ORD009820,PROD0020,2,0.1,43200.0,9200.0
ORD009820,PROD0001,1,0.15,72250.0,4250.0
ORD009820,PROD0018,5,0.05,3087.5,1437.5
ORD009821,PROD0004,1,0.15,1020.0,370.0
ORD009822,PROD0016,1,0.15,5950.0,1750.0
ORD009822,PROD0011,2,0.0,24000.0,9000.0
ORD009822,PROD0023,4,0.05,9500.0,4300.0
ORD009823,PROD0027,1,0.0,6500.0,2600.0
ORD009824,PROD0026,3,0.05,15675.0,6075.0
ORD009825,PROD0025,3,0.0,10500.0,5100.0
ORD009825,PROD0006,1,0.15,1870.0,670.0
ORD009826,PROD0004,2,0.15,2040.0,740.0
ORD009827,PROD0019,3,0.1,40500.0,9000.0
ORD009827,PROD0026,2,0.2,8800.0,2400.0
ORD009828,PROD0004,2,0.0,2400.0,1100.0
ORD009829,PROD0008,5,0.05,71250.0,18750.0
ORD009830,PROD0025,2,0.15,5950.0,2350.0
ORD009831,PROD0004,2,0.1,2160.0,860.0
ORD009832,PROD0014,1,0.0,28000.0,9000.0
ORD009832,PROD0026,1,0.05,5225.0,2025.0
ORD009832,PROD0020,1,0.0,24000.0,7000.0
ORD009833,PROD0003,2,0.0,210000.0,40000.0
ORD009833,PROD0014,1,0.15,23800.0,4800.0
ORD009834,PROD0016,1,0.05,6650.0,2450.0
ORD009835,PROD0006,5,0.0,11000.0,5000.0
ORD009836,PROD0005,2,0.0,9000.0,3600.0
ORD009836,PROD0015,1,0.0,8500.0,3500.0
ORD009836,PROD0003,1,0.1,94500.0,9500.0
ORD009836,PROD0022,3,0.15,2295.0,945.0
ORD009837,PROD0020,2,0.05,45600.0,11600.0
ORD009837,PROD0027,1,0.2,5200.0,1300.0
ORD009837,PROD0013,1,0.0,16000.0,6000.0
ORD009838,PROD0019,1,0.2,12000.0,1500.0
ORD009838,PROD0020,1,0.05,22800.0,5800.0
ORD009839,PROD0014,2,0.2,44800.0,6800.0
ORD009840,PROD0028,1,0.0,1800.0,850.0
ORD009841,PROD0012,4,0.15,61200.0,17200.0
ORD009842,PROD0001,1,0.0,85000.0,17000.0
ORD009843,PROD0017,1,0.0,450.0,230.0
ORD009843,PROD0027,1,0.0,6500.0,2600.0
ORD009844,PROD0020,2,0.2,38400.0,4400.0
ORD009845,PROD0016,1,0.15,5950.0,1750.0
ORD009846,PROD0017,3,0.1,1215.0,555.0
ORD009846,PROD0021,2,0.0,3600.0,1700.0
ORD009847,PROD0016,2,0.15,11900.0,3500.0
ORD009847,PROD0018,1,0.0,650.0,320.0
ORD009848,PROD0008,2,0.1,27000.0,6000.0
ORD009848,PROD0007,2,0.0,44000.0,13000.0
ORD009849,PROD0024,2,0.05,7980.0,3580.0
ORD009849,PROD0022,1,0.2,720.0,270.0
ORD009850,PROD0004,1,0.0,1200.0,550.0
ORD009851,PROD0005,1,0.0,4500.0,1800.0
ORD009851,PROD0023,2,0.0,5000.0,2400.0
ORD009851,PROD0026,2,0.1,9900.0,3500.0
ORD009852,PROD0016,1,0.0,7000.0,2800.0
ORD009852,PROD0011,1,0.1,10800.0,3300.0
ORD009853,PROD0023,4,0.05,9500.0,4300.0
ORD009853,PROD0007,2,0.15,37400.0,6400.0
ORD009854,PROD0026,1,0.2,4400.0,1200.0
ORD009855,PROD0010,1,0.05,20900.0,4900.0
ORD009855,PROD0006,2,0.05,4180.0,1780.0
ORD009856,PROD0003,1,0.0,105000.0,20000.0
ORD009857,PROD0011,1,0.15,10200.0,2700.0
ORD009857,PROD0022,2,0.0,1800.0,900.0
ORD009858,PROD0002,5,0.05,308750.0,53750.0
ORD009859,PROD0024,3,0.05,11970.0,5370.0
ORD009860,PROD0024,1,0.05,3990.0,1790.0
ORD009861,PROD0017,2,0.15,765.0,325.0
ORD009862,PROD0014,1,0.0,28000.0,9000.0
ORD009863,PROD0004,1,0.15,1020.0,370.0
ORD009864,PROD0013,1,0.2,12800.0,2800.0
ORD009865,PROD0005,2,0.2,7200.0,1800.0
ORD009866,PROD0020,1,0.0,24000.0,7000.0
ORD009867,PROD0024,1,0.05,3990.0,1790.0
ORD009868,PROD0019,1,0.15,12750.0,2250.0
ORD009869,PROD0017,1,0.1,405.0,185.0
ORD009870,PROD0014,2,0.2,44800.0,6800.0
ORD009871,PROD0024,2,0.0,8400.0,4000.0
ORD009871,PROD0012,2,0.2,28800.0,6800.0
ORD009872,PROD0026,1,0.0,5500.0,2300.0
ORD009873,PROD0016,3,0.0,21000.0,8400.0
ORD009873,PROD0011,1,0.0,12000.0,4500.0
ORD009873,PROD0001,2,0.0,170000.0,34000.0
ORD009873,PROD0024,4,0.05,15960.0,7160.0
ORD009874,PROD0013,4,0.0,64000.0,24000.0
ORD009874,PROD0023,3,0.05,7125.0,3225.0
ORD009875,PROD0017,3,0.1,1215.0,555.0
ORD009875,PROD0007,2,0.0,44000.0,13000.0
ORD009875,PROD0015,2,0.1,15300.0,5300.0
ORD009876,PROD0023,1,0.0,2500.0,1200.0
ORD009877,PROD0001,1,0.2,68000.0,0.0
ORD009878,PROD0024,1,0.0,4200.0,2000.0
ORD009879,PROD0001,1,0.0,85000.0,17000.0
ORD009880,PROD0017,1,0.1,405.0,185.0
ORD009881,PROD0005,1,0.0,4500.0,1800.0
ORD009882,PROD0016,1,0.0,7000.0,2800.0
ORD009882,PROD0023,1,0.2,2000.0,700.0
ORD009883,PROD0027,1,0.0,6500.0,2600.0
ORD009883,PROD0021,1,0.05,1710.0,760.0
ORD009884,PROD0009,2,0.2,88000.0,4000.0
ORD009884,PROD0010,2,0.0,44000.0,12000.0
ORD009884,PROD0019,1,0.1,13500.0,3000.0
ORD009884,PROD0013,2,0.1,28800.0,8800.0
ORD009885,PROD0006,3,0.15,5610.0,2010.0
ORD009886,PROD0028,1,0.0,1800.0,850.0
ORD009886,PROD0010,1,0.0,22000.0,6000.0
ORD009886,PROD0025,1,0.0,3500.0,1700.0
ORD009887,PROD0028,1,0.15,1530.0,580.0
ORD009887,PROD0014,1,0.0,28000.0,9000.0
ORD009888,PROD0022,4,0.0,3600.0,1800.0
ORD009889,PROD0014,2,0.05,53200.0,15200.0
ORD009889,PROD0016,1,0.0,7000.0,2800.0
ORD009889,PROD0020,1,0.0,24000.0,7000.0
ORD009890,PROD0024,2,0.15,7140.0,2740.0
ORD009890,PROD0004,1,0.0,1200.0,550.0
ORD009890,PROD0015,1,0.15,7225.0,2225.0
ORD009891,PROD0020,2,0.05,45600.0,11600.0
ORD009892,PROD0024,2,0.1,7560.0,3160.0
ORD009893,PROD0010,1,0.0,22000.0,6000.0
ORD009894,PROD0027,2,0.2,10400.0,2600.0
ORD009894,PROD0004,2,0.2,1920.0,620.0
ORD009895,PROD0018,2,0.05,1235.0,575.0
ORD009895,PROD0015,1,0.0,8500.0,3500.0
ORD009896,PROD0006,2,0.05,4180.0,1780.0
ORD009897,PROD0001,2,0.0,170000.0,34000.0
ORD009898,PROD0016,3,0.1,18900.0,6300.0
ORD009899,PROD0010,2,0.0,44000.0,12000.0
ORD009900,PROD0002,1,0.05,61750.0,10750.0
ORD009900,PROD0009,1,0.15,46750.0,4750.0
ORD009900,PROD0018,1,0.2,520.0,190.0
ORD009901,PROD0011,2,0.15,20400.0,5400.0
ORD009901,PROD0024,1,0.0,4200.0,2000.0
ORD009902,PROD0002,2,0.0,130000.0,28000.0
ORD009903,PROD0024,4,0.0,16800.0,8000.0
ORD009903,PROD0006,1,0.2,1760.0,560.0
ORD009904,PROD0027,1,0.0,6500.0,2600.0
ORD009904,PROD0011,1,0.0,12000.0,4500.0
ORD009905,PROD0010,1,0.05,20900.0,4900.0
ORD009905,PROD0004,1,0.15,1020.0,370.0
ORD009906,PROD0022,1,0.1,810.0,360.0
ORD009907,PROD0013,2,0.2,25600.0,5600.0
ORD009907,PROD0014,1,0.2,22400.0,3400.0
ORD009907,PROD0026,2,0.0,11000.0,4600.0
ORD009908,PROD0017,1,0.0,450.0,230.0
ORD009908,PROD0018,1,0.2,520.0,190.0
ORD009909,PROD0004,2,0.0,2400.0,1100.0
ORD009910,PROD0002,1,0.05,61750.0,10750.0
ORD009911,PROD0028,3,0.0,5400.0,2550.0
ORD009911,PROD0011,2,0.05,22800.0,7800.0
ORD009911,PROD0012,5,0.15,76500.0,21500.0
ORD009912,PROD0003,2,0.0,210000.0,40000.0
ORD009913,PROD0010,3,0.1,59400.0,11400.0
ORD009913,PROD0012,1,0.0,18000.0,7000.0
ORD009913,PROD0005,2,0.1,8100.0,2700.0
ORD009914,PROD0001,2,0.15,144500.0,8500.0
ORD009914,PROD0026,2,0.1,9900.0,3500.0
ORD009914,PROD0028,2,0.0,3600.0,1700.0
ORD009915,PROD0011,2,0.0,24000.0,9000.0
ORD009916,PROD0024,3,0.15,10710.0,4110.0
ORD009916,PROD0017,2,0.0,900.0,460.0
ORD009916,PROD0012,5,0.2,72000.0,17000.0
ORD009917,PROD0005,3,0.1,12150.0,4050.0
ORD009918,PROD0005,1,0.0,4500.0,1800.0
ORD009919,PROD0018,1,0.0,650.0,320.0
ORD009920,PROD0017,1,0.1,405.0,185.0
ORD009921,PROD0009,4,0.0,220000.0,52000.0
ORD009922,PROD0019,3,0.2,36000.0,4500.0
ORD009922,PROD0023,2,0.1,4500.0,1900.0
ORD009923,PROD0027,3,0.0,19500.0,7800.0
ORD009924,PROD0012,2,0.0,36000.0,14000.0
ORD009924,PROD0028,3,0.0,5400.0,2550.0
ORD009924,PROD0026,1,0.1,4950.0,1750.0
ORD009925,PROD0010,4,0.2,70400.0,6400.0
ORD009925,PROD0028,2,0.1,3240.0,1340.0
ORD009926,PROD0023,1,0.0,2500.0,1200.0
ORD009926,PROD0018,1,0.15,552.5,222.5
ORD009927,PROD0014,2,0.0,56000.0,18000.0
ORD009927,PROD0006,2,0.0,4400.0,2000.0
ORD009928,PROD0024,1,0.0,4200.0,2000.0
ORD009928,PROD0021,1,0.0,1800.0,850.0
ORD009929,PROD0001,1,0.05,80750.0,12750.0
ORD009929,PROD0025,1,0.15,2975.0,1175.0
ORD009930,PROD0022,2,0.0,1800.0,900.0
ORD009930,PROD0005,2,0.1,8100.0,2700.0
ORD009930,PROD0004,4,0.2,3840.0,1240.0
ORD009931,PROD0002,2,0.05,123500.0,21500.0
ORD009932,PROD0022,1,0.0,900.0,450.0
ORD009933,PROD0026,3,0.05,15675.0,6075.0
ORD009934,PROD0023,1,0.15,2125.0,825.0
ORD009935,PROD0014,1,0.05,26600.0,7600.0
ORD009936,PROD0023,1,0.0,2500.0,1200.0
ORD009936,PROD0020,3,0.05,68400.0,17400.0
ORD009937,PROD0012,2,0.15,30600.0,8600.0
ORD009938,PROD0022,2,0.0,1800.0,900.0
ORD009938,PROD0024,2,0.1,7560.0,3160.0
ORD009938,PROD0001,4,0.0,340000.0,68000.0
ORD009939,PROD0020,5,0.0,120000.0,35000.0
ORD009939,PROD0025,1,0.2,2800.0,1000.0
ORD009940,PROD0005,1,0.2,3600.0,900.0
ORD009941,PROD0025,1,0.15,2975.0,1175.0
ORD009941,PROD0027,1,0.0,6500.0,2600.0
ORD009942,PROD0004,1,0.0,1200.0,550.0
ORD009943,PROD0015,3,0.0,25500.0,10500.0
ORD009944,PROD0028,4,0.0,7200.0,3400.0
ORD009945,PROD0016,1,0.1,6300.0,2100.0
ORD009946,PROD0018,2,0.2,1040.0,380.0
ORD009946,PROD0021,1,0.0,1800.0,850.0
ORD009947,PROD0010,1,0.1,19800.0,3800.0
ORD009948,PROD0020,2,0.0,48000.0,14000.0
ORD009949,PROD0021,1,0.1,1620.0,670.0
ORD009950,PROD0014,1,0.0,28000.0,9000.0
ORD009950,PROD0016,2,0.1,12600.0,4200.0
ORD009951,PROD0004,1,0.15,1020.0,370.0
ORD009952,PROD0007,1,0.0,22000.0,6500.0
ORD009953,PROD0003,3,0.0,315000.0,60000.0
ORD009953,PROD0015,2,0.0,17000.0,7000.0
ORD009954,PROD0021,4,0.2,5760.0,1960.0
ORD009955,PROD0021,1,0.1,1620.0,670.0
ORD009956,PROD0008,4,0.15,51000.0,9000.0
ORD009957,PROD0027,4,0.0,26000.0,10400.0
ORD009957,PROD0019,2,0.0,30000.0,9000.0
ORD009958,PROD0002,1,0.05,61750.0,10750.0
ORD009959,PROD0011,2,0.15,20400.0,5400.0
ORD009959,PROD0007,4,0.1,79200.0,17200.0
ORD009959,PROD0019,1,0.0,15000.0,4500.0
ORD009960,PROD0019,2,0.0,30000.0,9000.0
ORD009961,PROD0022,1,0.0,900.0,450.0
ORD009962,PROD0005,1,0.2,3600.0,900.0
ORD009962,PROD0012,1,0.05,17100.0,6100.0
ORD009963,PROD0002,1,0.2,52000.0,1000.0
ORD009964,PROD0023,1,0.0,2500.0,1200.0
ORD009965,PROD0002,2,0.05,123500.0,21500.0
ORD009966,PROD0012,1,0.0,18000.0,7000.0
ORD009966,PROD0004,1,0.2,960.0,310.0
ORD009967,PROD0015,1,0.2,6800.0,1800.0
ORD009967,PROD0005,5,0.2,18000.0,4500.0
ORD009968,PROD0020,1,0.0,24000.0,7000.0
ORD009969,PROD0021,3,0.0,5400.0,2550.0
ORD009969,PROD0005,1,0.2,3600.0,900.0
ORD009970,PROD0016,1,0.0,7000.0,2800.0
ORD009971,PROD0007,1,0.05,20900.0,5400.0
ORD009972,PROD0023,1,0.0,2500.0,1200.0
ORD009973,PROD0026,1,0.0,5500.0,2300.0
ORD009973,PROD0003,2,0.2,168000.0,-2000.0
ORD009973,PROD0004,3,0.15,3060.0,1110.0
ORD009974,PROD0014,2,0.0,56000.0,18000.0
ORD009975,PROD0019,2,0.0,30000.0,9000.0
ORD009976,PROD0028,2,0.0,3600.0,1700.0
ORD009977,PROD0008,1,0.2,12000.0,1500.0
ORD009978,PROD0028,2,0.05,3420.0,1520.0
ORD009979,PROD0017,1,0.0,450.0,230.0
ORD009979,PROD0025,2,0.0,7000.0,3400.0
ORD009980,PROD0001,2,0.05,161500.0,25500.0
ORD009981,PROD0013,1,0.0,16000.0,6000.0
ORD009981,PROD0025,1,0.15,2975.0,1175.0
ORD009981,PROD0015,1,0.1,7650.0,2650.0
ORD009982,PROD0005,1,0.05,4275.0,1575.0
ORD009983,PROD0025,1,0.05,3325.0,1525.0
ORD009984,PROD0007,1,0.0,22000.0,6500.0
ORD009985,PROD0003,1,0.15,89250.0,4250.0
ORD009985,PROD0010,1,0.0,22000.0,6000.0
ORD009986,PROD0027,1,0.0,6500.0,2600.0
ORD009987,PROD0023,1,0.0,2500.0,1200.0
ORD009988,PROD0009,1,0.0,55000.0,13000.0
ORD009989,PROD0005,3,0.05,12825.0,4725.0
ORD009990,PROD0020,1,0.15,20400.0,3400.0
ORD009991,PROD0010,1,0.15,18700.0,2700.0
ORD009992,PROD0022,1,0.0,900.0,450.0
ORD009993,PROD0022,1,0.2,720.0,270.0
ORD009993,PROD0023,1,0.0,2500.0,1200.0
ORD009994,PROD0010,1,0.0,22000.0,6000.0
ORD009994,PROD0011,2,0.2,19200.0,4200.0
ORD009995,PROD0004,1,0.2,960.0,310.0
ORD009995,PROD0021,1,0.0,1800.0,850.0
ORD009996,PROD0023,2,0.2,4000.0,1400.0
ORD009996,PROD0028,1,0.1,1620.0,670.0
ORD009997,PROD0008,1,0.15,12750.0,2250.0
ORD009997,PROD0024,1,0.0,4200.0,2000.0
ORD009998,PROD0003,4,0.15,357000.0,17000.0
ORD009999,PROD0028,1,0.2,1440.0,490.0
ORD010000,PROD0015,1,0.0,8500.0,3500.0
ORD010000,PROD0025,1,0.0,3500.0,1700.0
ORD010000,PROD0010,1,0.0,22000.0,6000.0
